"","WorkerID","Group","Round","Bonus","accuracy","time_spent","CQ1","CQ2","CQ3","CQ4","CQ5"
"1",1,"A",1,0,0.28,"231.742","a lot more than half","2","Yes","0 - 10","No"
"2",1,"A",2,0,0.76,"298.292","a lot more than half","2","Yes","21 - 30","No"
"3",1,"A",3,0,0.06,"259.663","a lot more than half","3","Yes","41+","No"
"4",2,"A",1,0,0.06,"235.866","a lot more than half","1","Yes","0 - 10","Yes"
"5",2,"A",2,0,0.22,"377.005","a lot more than half","3","Yes","41+","No"
"6",2,"A",3,0,0.88,"82.872","around half","2","Yes","21 - 30","Yes"
"7",3,"A",1,0,0.74,"671.894","a lot more than half","2","Yes","20-Nov","Yes"
"8",3,"A",2,0,0.86,"310.139","a lot more than half","1","No","20-Nov","Yes"
"9",3,"A",3,0,0.76,"111.807","around half","2","Yes","20-Nov","Yes"
"10",4,"A",1,0,0.88,"184.768","a lot less than half","2","No","21 - 30","No"
"11",4,"A",2,0,0.86,"294.008","around half","1","Yes","21 - 30","Yes"
"12",4,"A",3,0,0.92,"317.343","a lot less than half","1","Yes","41+","No"
"13",5,"A",1,0,0.74,"298.292","a lot more than half","2","Yes","41+","No"
"14",5,"A",2,0,0.78,"520.761","a lot more than half","2","Yes","21 - 30","No"
"15",5,"A",3,0,0.82,"200.416","around half","1","Yes","20-Nov","Yes"
"16",6,"A",1,0,0.22,"317.343","around half","1","Yes","41+","Yes"
"17",6,"A",2,0,0.92,"432.012","around half","1","Yes","20-Nov","No"
"18",6,"A",3,0,0.76,"260.458","around half","2","Yes","21 - 30","No"
"19",7,"A",1,0,0.42,"290.424","a lot more than half","3","Yes","21 - 30","No"
"20",7,"A",2,0,0.86,"300.026","around half","2","Yes","41+","Yes"
"21",7,"A",3,0,0.54,"294.008","a lot more than half","2","Yes","0 - 10","Yes"
"22",8,"A",1,0,0.92,"127.92","around half","1","Yes","41+","No"
"23",8,"A",2,0,0.76,"317.343","a lot more than half","2","Yes","41+","Yes"
"24",8,"A",3,0,0.58,"259.663","a lot less than half","3","Yes","41+","No"
"25",9,"A",1,0,0.54,"82.872","around half","3","Yes","21 - 30","Yes"
"26",9,"A",2,0,0.12,"231.742","around half","2","Yes","41+","No"
"27",9,"A",3,0,0.9,"169.74","a lot less than half","1","Yes","21 - 30","Yes"
"28",10,"A",1,0,0.98,"288.281","around half","4","Maybe","20-Nov","Yes"
"29",10,"A",2,0,0.74,"185.069","around half","4","Yes","21 - 30","No"
"30",10,"A",3,0,0.22,"671.894","around half","2","No","20-Nov","Yes"
"31",11,"A",1,0,0.9,"294.008","a lot more than half","2","Yes","0 - 10","Yes"
"32",11,"A",2,0,0.22,"290.424","around half","2","Yes","21 - 30","Yes"
"33",11,"A",3,0,0.22,"169.74","around half","3","No","20-Nov","No"
"34",12,"A",1,0,0.58,"379.904","around half","3","Yes","41+","Yes"
"35",12,"A",2,0,0.86,"236.198","a lot more than half","1","Yes","41+","Yes"
"36",12,"A",3,0,0.92,"377.005","a lot less than half","2","Yes","20-Nov","Yes"
"37",13,"A",1,0,0.16,"285.518","around half","3","Yes","0 - 10","Yes"
"38",13,"A",2,0,0.22,"185.069","around half","2","Yes","0 - 10","Yes"
"39",13,"A",3,0,0.9,"197.089","around half","1","Yes","0 - 10","No"
"40",14,"A",1,0,0.96,"396.004","a lot less than half","2","Yes","0 - 10","Yes"
"41",14,"A",2,0,0.12,"547.741","around half","1","Yes","31 - 40","Yes"
"42",14,"A",3,0,0.96,"475.725","a lot more than half","1","Yes","20-Nov","Yes"
"43",15,"A",1,0,0.82,"432.012","around half","2","Yes","21 - 30","Yes"
"44",15,"A",2,0,0.1,"396.004","a lot more than half","3","Yes","21 - 30","Yes"
"45",15,"A",3,0,0.54,"291.562","a lot more than half","2","Yes","41+","Yes"
"46",16,"A",1,0,0.72,"432.012","around half","2","Maybe","20-Nov","Yes"
"47",16,"A",2,0,0.9,"185.069","around half","3","Yes","41+","No"
"48",16,"A",3,0,0.74,"275.447","a lot more than half","2","Maybe","41+","Yes"
"49",17,"A",1,0,0.86,"170.951","a lot less than half","2","Yes","41+","Yes"
"50",17,"A",2,0,0.12,"495.976","a lot more than half","2","Yes","0 - 10","Yes"
"51",17,"A",3,0,0.6,"547.741","a lot less than half","2","Yes","20-Nov","No"
"52",18,"A",1,0,0.84,"275.447","a lot less than half","2","Maybe","41+","No"
"53",18,"A",2,0,0.94,"495.976","a lot more than half","3","Yes","21 - 30","Yes"
"54",18,"A",3,0,0.84,"328.745","around half","1","Yes","20-Nov","No"
"55",19,"A",1,0,0.92,"660.804","a lot less than half","2","Yes","21 - 30","Yes"
"56",19,"A",2,0,0.2,"127.92","a lot less than half","1","Yes","20-Nov","Yes"
"57",19,"A",3,0,0.92,"298.292","a lot more than half","2","Yes","0 - 10","No"
"58",20,"A",1,0,0.44,"127.92","a lot more than half","2","No","20-Nov","No"
"59",20,"A",2,0,0.78,"317.343","a lot less than half","2","Yes","41+","No"
"60",20,"A",3,0,0.86,"379.904","around half","4","Yes","20-Nov","Yes"
"61",21,"A",1,0,0.12,"296.629","a lot more than half","3","Yes","41+","No"
"62",21,"A",2,0,0.94,"495.976","a lot more than half","2","Yes","0 - 10","Yes"
"63",21,"A",3,0,0.8,"660.804","a lot less than half","2","Yes","21 - 30","No"
"64",22,"A",1,0,0.52,"298.292","around half","3","Yes","21 - 30","No"
"65",22,"A",2,0,0.84,"82.872","a lot more than half","4","Yes","41+","Yes"
"66",22,"A",3,0,0.94,"169.74","a lot more than half","2","Yes","41+","No"
"67",23,"A",1,0,0.62,"348.886","around half","1","Maybe","31 - 40","Yes"
"68",23,"A",2,0,0.6,"660.804","around half","2","Yes","41+","Yes"
"69",23,"A",3,0,0.68,"296.629","a lot more than half","1","No","41+","Yes"
"70",24,"A",1,0,0.72,"348.886","a lot more than half","1","No","41+","No"
"71",24,"A",2,0,0.64,"291.562","a lot more than half","1","Yes","41+","No"
"72",24,"A",3,0,0.42,"495.976","around half","3","Maybe","0 - 10","No"
"73",25,"A",1,0,0.62,"235.866","around half","2","No","21 - 30","No"
"74",25,"A",2,0,0.74,"275.447","a lot less than half","1","Yes","21 - 30","Yes"
"75",25,"A",3,0,0.86,"687.429","a lot less than half","2","Yes","21 - 30","Yes"
"76",26,"A",1,0,0.06,"328.745","around half","2","Maybe","41+","Yes"
"77",26,"A",2,0,0.06,"135.653","around half","3","Yes","41+","Yes"
"78",26,"A",3,0,0.84,"310.139","around half","2","Maybe","0 - 10","No"
"79",27,"A",1,0,0.44,"170.951","around half","2","Yes","20-Nov","No"
"80",27,"A",2,0,0.76,"173.952","a lot more than half","2","Yes","20-Nov","No"
"81",27,"A",3,0,0.66,"495.976","a lot more than half","2","Yes","20-Nov","No"
"82",28,"A",1,0,0.94,"348.886","a lot more than half","1","Yes","20-Nov","Yes"
"83",28,"A",2,0,0.82,"432.012","a lot more than half","2","Yes","41+","Yes"
"84",28,"A",3,0,0.14,"244.557","a lot more than half","3","Yes","41+","Yes"
"85",29,"A",1,0,0.68,"173.952","a lot more than half","3","Maybe","21 - 30","No"
"86",29,"A",2,0,0.58,"111.807","around half","2","Yes","21 - 30","Yes"
"87",29,"A",3,0,0.88,"135.653","around half","1","Yes","20-Nov","Yes"
"88",30,"A",1,0,0.06,"296.629","around half","1","Yes","20-Nov","Yes"
"89",30,"A",2,0,0.82,"288.281","around half","2","Yes","41+","No"
"90",30,"A",3,0,0.84,"288.281","around half","3","Yes","21 - 30","Yes"
"91",31,"A",1,0,0.14,"190.102","a lot more than half","2","Yes","20-Nov","No"
"92",31,"A",2,0,0.9,"502.551","a lot more than half","2","Yes","0 - 10","Yes"
"93",31,"A",3,0,0.18,"165.543","a lot more than half","2","No","20-Nov","No"
"94",32,"A",1,0,0.8,"235.866","around half","2","Yes","41+","No"
"95",32,"A",2,0,0.68,"179.386","around half","3","Yes","20-Nov","No"
"96",32,"A",3,0,0.22,"231.742","around half","1","Yes","20-Nov","No"
"97",33,"A",1,0,0.06,"260.458","around half","3","Yes","41+","Yes"
"98",33,"A",2,0,0.54,"82.872","a lot more than half","2","Yes","41+","No"
"99",33,"A",3,0,0.62,"234.958","a lot more than half","2","No","20-Nov","Yes"
"100",34,"A",1,0,0.9,"127.92","around half","2","Yes","20-Nov","No"
"101",34,"A",2,0,0.22,"236.198","around half","2","Yes","31 - 40","No"
"102",34,"A",3,0,0.06,"294.008","around half","1","Yes","41+","Yes"
"103",35,"A",1,0,0.82,"294.008","around half","1","Yes","0 - 10","No"
"104",35,"A",2,0,0.74,"490.774","a lot more than half","2","Yes","41+","No"
"105",35,"A",3,0,0.22,"520.761","around half","1","No","41+","No"
"106",36,"A",1,0,0.24,"502.551","a lot more than half","2","Yes","20-Nov","No"
"107",36,"A",2,0,0.72,"310.139","around half","3","Yes","41+","No"
"108",36,"A",3,0,0.62,"173.952","around half","3","Yes","21 - 30","No"
"109",37,"A",1,0,0.72,"366.428","a lot more than half","1","Yes","41+","No"
"110",37,"A",2,0,0.74,"300.026","a lot less than half","3","Yes","21 - 30","No"
"111",37,"A",3,0,0.68,"234.958","a lot more than half","1","Yes","41+","Yes"
"112",38,"A",1,0,0.92,"379.904","a lot less than half","2","Yes","41+","No"
"113",38,"A",2,0,0.82,"547.741","around half","3","No","41+","No"
"114",38,"A",3,0,0.96,"379.904","a lot less than half","2","Yes","41+","No"
"115",39,"A",1,0,0.18,"231.742","a lot more than half","2","Yes","41+","No"
"116",39,"A",2,0,0.92,"179.386","around half","1","Yes","0 - 10","Yes"
"117",39,"A",3,0,0.72,"432.012","a lot less than half","2","Yes","41+","No"
"118",40,"A",1,0,0.88,"135.653","a lot more than half","3","Yes","31 - 40","Yes"
"119",40,"A",2,0,0.22,"359.381","around half","3","Yes","41+","Yes"
"120",40,"A",3,0,0.54,"310.139","a lot more than half","3","Yes","41+","Yes"
"121",41,"A",1,0,0.66,"236.198","around half","4","Yes","41+","No"
"122",41,"A",2,0,0.88,"244.557","around half","2","Yes","41+","No"
"123",41,"A",3,0,0.62,"184.768","a lot more than half","2","Yes","20-Nov","Yes"
"124",42,"A",1,0,0.88,"671.894","a lot more than half","1","Yes","41+","No"
"125",42,"A",2,0,0.62,"200.416","a lot less than half","3","Yes","41+","Yes"
"126",42,"A",3,0,0.74,"671.894","a lot less than half","2","Yes","20-Nov","Yes"
"127",43,"A",1,0,0.12,"432.012","a lot less than half","2","Yes","0 - 10","No"
"128",43,"A",2,0,0.28,"294.008","a lot more than half","1","Yes","21 - 30","Yes"
"129",43,"A",3,0,0.2,"170.951","a lot more than half","3","Yes","41+","No"
"130",44,"A",1,0,0.22,"366.428","a lot more than half","3","Maybe","41+","No"
"131",44,"A",2,0,0.84,"290.424","a lot more than half","2","Yes","41+","Yes"
"132",44,"A",3,0,0.16,"185.069","around half","2","Yes","41+","Yes"
"133",45,"A",1,0,0.68,"310.139","a lot more than half","2","Yes","41+","No"
"134",45,"A",2,0,0.66,"231.742","around half","3","Yes","41+","Yes"
"135",45,"A",3,0,0.52,"169.74","around half","2","Yes","41+","No"
"136",46,"A",1,0,0.86,"671.894","around half","1","Yes","21 - 30","Yes"
"137",46,"A",2,0,0.96,"179.386","around half","2","Yes","41+","No"
"138",46,"A",3,0,0.86,"200.416","a lot more than half","2","Yes","41+","Yes"
"139",47,"A",1,0,0.54,"300.026","a lot less than half","1","Yes","41+","No"
"140",47,"A",2,0,0.66,"372.498","a lot more than half","1","Yes","41+","Yes"
"141",47,"A",3,0,0.84,"547.741","around half","2","Maybe","41+","Yes"
"142",48,"A",1,0,0.84,"190.102","a lot less than half","1","Yes","21 - 30","No"
"143",48,"A",2,0,0.22,"231.742","a lot more than half","2","No","41+","Yes"
"144",48,"A",3,0,0.18,"129.248","around half","1","Maybe","41+","No"
"145",49,"A",1,0,0.1,"687.429","around half","2","Yes","21 - 30","No"
"146",49,"A",2,0,0.82,"372.498","a lot less than half","2","Yes","20-Nov","Yes"
"147",49,"A",3,0,0.62,"259.663","a lot more than half","2","Yes","21 - 30","No"
"148",50,"A",1,0,0.74,"490.774","a lot less than half","2","No","21 - 30","Yes"
"149",50,"A",2,0,0.82,"129.248","around half","4","Yes","41+","Yes"
"150",50,"A",3,0,0.92,"231.742","around half","3","Yes","41+","Yes"
"151",51,"A",1,0,0.54,"290.424","a lot less than half","2","Yes","20-Nov","Yes"
"152",51,"A",2,0,0.12,"520.761","a lot more than half","2","Yes","41+","No"
"153",51,"A",3,0,0.12,"82.872","a lot less than half","2","No","41+","Yes"
"154",52,"A",1,0,0.88,"179.386","a lot more than half","2","Yes","41+","No"
"155",52,"A",2,0,0.94,"520.761","a lot less than half","1","Yes","20-Nov","Yes"
"156",52,"A",3,0,0.72,"184.768","around half","2","Yes","41+","Yes"
"157",53,"A",1,0,0.14,"655.472","a lot less than half","2","Yes","20-Nov","No"
"158",53,"A",2,0,0.96,"197.089","around half","2","Yes","0 - 10","Yes"
"159",53,"A",3,0,0.92,"275.447","a lot more than half","1","Yes","41+","No"
"160",54,"A",1,0,0.86,"285.518","a lot more than half","2","Yes","41+","Yes"
"161",54,"A",2,0,0.36,"190.102","around half","2","Yes","20-Nov","Yes"
"162",54,"A",3,0,0.2,"82.872","around half","2","Yes","41+","Yes"
"163",55,"A",1,0,0.54,"547.741","around half","1","Maybe","20-Nov","Yes"
"164",55,"A",2,0,0.88,"127.92","a lot more than half","3","Yes","41+","Yes"
"165",55,"A",3,0,0.88,"366.428","around half","4","Yes","21 - 30","No"
"166",56,"A",1,0,0.96,"185.069","a lot less than half","1","Yes","41+","No"
"167",56,"A",2,0,0.74,"184.768","a lot more than half","2","Yes","41+","No"
"168",56,"A",3,0,0.9,"127.92","a lot less than half","2","Yes","41+","No"
"169",57,"A",1,0,0.22,"502.551","around half","2","Maybe","41+","Yes"
"170",57,"A",2,0,0.66,"234.958","a lot less than half","1","Yes","21 - 30","Yes"
"171",57,"A",3,0,0.16,"127.92","a lot more than half","2","No","0 - 10","Yes"
"172",58,"A",1,0,0.54,"185.069","around half","3","Yes","20-Nov","No"
"173",58,"A",2,0,0.18,"82.872","a lot more than half","1","Yes","31 - 40","Yes"
"174",58,"A",3,0,0.06,"259.663","a lot more than half","2","No","0 - 10","No"
"175",59,"A",1,0,0.84,"259.663","around half","4","Yes","41+","No"
"176",59,"A",2,0,0.14,"200.416","a lot less than half","1","No","41+","No"
"177",59,"A",3,0,0.76,"490.774","a lot less than half","2","No","0 - 10","No"
"178",60,"A",1,0,0.9,"495.976","a lot more than half","2","Yes","20-Nov","No"
"179",60,"A",2,0,0.9,"236.198","a lot more than half","2","Yes","41+","Yes"
"180",60,"A",3,0,0.1,"635.502","a lot more than half","2","Yes","21 - 30","No"
"181",61,"A",1,0,0.9,"200.416","around half","2","No","41+","Yes"
"182",61,"A",2,0,0.84,"396.004","a lot more than half","2","Yes","31 - 40","Yes"
"183",61,"A",3,0,0.86,"135.653","around half","2","Yes","20-Nov","Yes"
"184",62,"A",1,0,0.74,"179.386","around half","2","Yes","41+","No"
"185",62,"A",2,0,0.68,"372.498","around half","2","Yes","41+","No"
"186",62,"A",3,0,0.92,"366.428","around half","2","Yes","41+","Yes"
"187",63,"A",1,0,0.88,"185.069","around half","3","No","41+","Yes"
"188",63,"A",2,0,0.62,"185.069","around half","2","Yes","41+","Yes"
"189",63,"A",3,0,0.76,"231.742","a lot less than half","2","Yes","20-Nov","Yes"
"190",64,"A",1,0,0.2,"366.428","around half","3","Yes","41+","Yes"
"191",64,"A",2,0,0.78,"300.026","a lot less than half","1","Yes","41+","Yes"
"192",64,"A",3,0,0.92,"359.381","a lot less than half","2","Yes","21 - 30","No"
"193",65,"A",1,0,1,"300.026","a lot less than half","1","Yes","21 - 30","Yes"
"194",65,"A",2,0,0.2,"296.629","a lot more than half","4","Yes","41+","Yes"
"195",65,"A",3,0,0.82,"547.741","a lot less than half","1","No","20-Nov","Yes"
"196",66,"A",1,0,0.66,"165.817","a lot more than half","1","Yes","21 - 30","No"
"197",66,"A",2,0,0.22,"179.386","a lot less than half","2","No","41+","No"
"198",66,"A",3,0,0.22,"379.904","around half","3","Yes","41+","Yes"
"199",67,"A",1,0,0.94,"285.518","around half","2","Maybe","41+","Yes"
"200",67,"A",2,0,0.84,"298.292","around half","3","Yes","0 - 10","No"
"201",67,"A",3,0,0.86,"660.804","around half","2","Yes","41+","Yes"
"202",68,"A",1,0,0.42,"655.472","a lot more than half","2","No","41+","Yes"
"203",68,"A",2,0,0.74,"310.139","a lot more than half","1","Yes","41+","Yes"
"204",68,"A",3,0,0.46,"285.518","around half","2","Yes","41+","Yes"
"205",69,"A",1,0,0.68,"502.551","a lot less than half","2","Yes","0 - 10","Yes"
"206",69,"A",2,0,0.94,"111.807","a lot more than half","2","Yes","21 - 30","No"
"207",69,"A",3,0,0.76,"127.92","a lot more than half","2","Yes","0 - 10","No"
"208",70,"A",1,0,0.88,"236.198","around half","3","Maybe","41+","No"
"209",70,"A",2,0,0.88,"317.343","around half","2","Yes","20-Nov","Yes"
"210",70,"A",3,0,0.86,"300.026","around half","3","Yes","20-Nov","No"
"211",71,"A",1,0,0.54,"475.725","a lot less than half","4","Maybe","41+","Yes"
"212",71,"A",2,0,0.62,"328.745","around half","2","Yes","0 - 10","No"
"213",71,"A",3,0,0.54,"184.768","around half","2","Yes","21 - 30","No"
"214",72,"A",1,0,0.94,"235.866","a lot more than half","2","Yes","41+","Yes"
"215",72,"A",2,0,0.66,"185.069","a lot more than half","1","Maybe","20-Nov","Yes"
"216",72,"A",3,0,0.9,"317.343","a lot more than half","2","Yes","21 - 30","No"
"217",73,"A",1,0,0.9,"259.663","a lot more than half","2","Yes","41+","Yes"
"218",73,"A",2,0,0.62,"660.804","a lot less than half","2","Yes","20-Nov","No"
"219",73,"A",3,0,0.9,"294.008","around half","2","Yes","21 - 30","No"
"220",74,"A",1,0,0.16,"179.386","a lot more than half","3","Maybe","41+","No"
"221",74,"A",2,0,0.76,"285.518","around half","2","Yes","20-Nov","No"
"222",74,"A",3,0,0.6,"231.742","a lot less than half","1","Yes","41+","Yes"
"223",75,"A",1,0,0.72,"372.498","a lot more than half","2","Yes","41+","Yes"
"224",75,"A",2,0,0.86,"111.807","around half","2","Yes","20-Nov","Yes"
"225",75,"A",3,0,0.86,"377.005","around half","2","Yes","41+","No"
"226",76,"A",1,0,0.18,"244.557","a lot more than half","3","Yes","31 - 40","No"
"227",76,"A",2,0,0.12,"317.343","a lot more than half","1","Yes","41+","Yes"
"228",76,"A",3,0,0.54,"190.102","around half","2","Yes","41+","Yes"
"229",77,"A",1,0,0.44,"298.292","a lot more than half","2","Maybe","41+","No"
"230",77,"A",2,0,0.74,"291.562","a lot more than half","3","Yes","41+","No"
"231",77,"A",3,0,0.2,"359.381","a lot more than half","1","Yes","41+","Yes"
"232",78,"A",1,0,0.82,"165.543","around half","1","Yes","20-Nov","No"
"233",78,"A",2,0,0.18,"377.005","a lot less than half","2","Yes","21 - 30","No"
"234",78,"A",3,0,0.88,"502.551","around half","2","Yes","20-Nov","Yes"
"235",79,"A",1,0,0.88,"520.761","around half","1","Yes","41+","No"
"236",79,"A",2,0,0.94,"372.498","a lot more than half","1","Yes","41+","No"
"237",79,"A",3,0,0.76,"655.472","around half","2","Yes","41+","No"
"238",80,"A",1,0,0.96,"127.92","around half","2","Yes","21 - 30","Yes"
"239",80,"A",2,0,0.16,"244.557","around half","2","Yes","0 - 10","No"
"240",80,"A",3,0,0.2,"129.248","around half","2","Yes","0 - 10","Yes"
"241",81,"A",1,0,0.74,"432.012","around half","2","Yes","21 - 30","Yes"
"242",81,"A",2,0,0.62,"495.976","around half","2","Yes","41+","Yes"
"243",81,"A",3,0,0.22,"244.557","around half","3","Yes","41+","Yes"
"244",82,"A",1,0,0.76,"687.429","around half","2","Yes","41+","Yes"
"245",82,"A",2,0,0.62,"288.281","a lot more than half","4","Yes","41+","Yes"
"246",82,"A",3,0,0.46,"547.741","a lot less than half","2","Yes","31 - 40","No"
"247",83,"A",1,0,0.58,"165.817","around half","1","Yes","41+","No"
"248",83,"A",2,0,0.12,"197.089","a lot more than half","4","Yes","21 - 30","No"
"249",83,"A",3,0,0.74,"379.904","a lot more than half","4","Yes","20-Nov","No"
"250",84,"A",1,0,0.18,"655.472","a lot more than half","2","Yes","41+","Yes"
"251",84,"A",2,0,0.66,"635.502","a lot less than half","2","Yes","21 - 30","Yes"
"252",84,"A",3,0,0.9,"165.543","around half","2","Yes","41+","No"
"253",85,"A",1,0,0.76,"635.502","around half","3","Yes","41+","Yes"
"254",85,"A",2,0,0.86,"660.804","around half","1","Yes","41+","No"
"255",85,"A",3,0,0.94,"372.498","around half","2","No","41+","No"
"256",86,"A",1,0,0.86,"366.428","around half","3","Yes","20-Nov","Yes"
"257",86,"A",2,0,0.44,"197.089","around half","2","Maybe","20-Nov","Yes"
"258",86,"A",3,0,0.78,"111.807","around half","2","Yes","21 - 30","Yes"
"259",87,"A",1,0,0.2,"260.458","a lot more than half","2","Yes","21 - 30","No"
"260",87,"A",2,0,1,"547.741","a lot more than half","2","No","41+","Yes"
"261",87,"A",3,0,0.96,"165.543","a lot less than half","3","Yes","41+","Yes"
"262",88,"A",1,0,0.88,"235.866","a lot more than half","3","Maybe","21 - 30","No"
"263",88,"A",2,0,0.22,"260.458","a lot more than half","1","Yes","41+","Yes"
"264",88,"A",3,0,0.92,"300.026","a lot more than half","2","Yes","41+","Yes"
"265",89,"A",1,0,0.74,"190.102","around half","1","Yes","41+","No"
"266",89,"A",2,0,0.46,"655.472","a lot less than half","2","Yes","41+","No"
"267",89,"A",3,0,0.66,"200.416","a lot more than half","2","Yes","20-Nov","Yes"
"268",90,"A",1,0,0.62,"671.894","a lot more than half","2","Yes","41+","Yes"
"269",90,"A",2,0,0.74,"244.557","a lot less than half","2","Yes","41+","No"
"270",90,"A",3,0,0.42,"490.774","a lot less than half","2","Yes","31 - 40","No"
"271",91,"A",1,0,0.2,"200.416","a lot more than half","2","No","0 - 10","Yes"
"272",91,"A",2,0,0.68,"127.92","a lot more than half","2","Yes","20-Nov","No"
"273",91,"A",3,0,0.5,"82.872","a lot more than half","3","Yes","41+","Yes"
"274",92,"A",1,0,0.88,"475.725","a lot more than half","2","Maybe","41+","Yes"
"275",92,"A",2,0,0.68,"184.768","around half","2","Yes","41+","Yes"
"276",92,"A",3,0,0.16,"520.761","around half","1","Yes","41+","Yes"
"277",93,"A",1,0,0.06,"296.629","a lot more than half","2","Yes","0 - 10","No"
"278",93,"A",2,0,0.46,"328.745","a lot less than half","2","Yes","20-Nov","No"
"279",93,"A",3,0,0.82,"190.102","around half","3","Yes","0 - 10","No"
"280",94,"A",1,0,0.44,"275.447","a lot less than half","1","Yes","20-Nov","No"
"281",94,"A",2,0,0.76,"359.381","a lot more than half","2","Yes","41+","Yes"
"282",94,"A",3,0,0.66,"135.653","a lot less than half","1","Yes","0 - 10","Yes"
"283",95,"A",1,0,0.8,"127.92","around half","2","Yes","20-Nov","No"
"284",95,"A",2,0,0.78,"185.069","a lot more than half","2","Yes","20-Nov","Yes"
"285",95,"A",3,0,0.12,"379.904","around half","4","Yes","20-Nov","No"
"286",96,"A",1,0,0.1,"495.976","around half","2","Yes","41+","No"
"287",96,"A",2,0,0.76,"170.951","a lot less than half","1","Yes","20-Nov","No"
"288",96,"A",3,0,0.82,"317.343","a lot less than half","3","Yes","41+","Yes"
"289",97,"A",1,0,0.22,"502.551","around half","2","Yes","0 - 10","Yes"
"290",97,"A",2,0,0.22,"127.92","a lot less than half","2","Yes","20-Nov","No"
"291",97,"A",3,0,0.8,"244.557","around half","2","Yes","21 - 30","Yes"
"292",98,"A",1,0,0.54,"328.745","a lot less than half","2","Yes","0 - 10","No"
"293",98,"A",2,0,0.86,"520.761","around half","3","Yes","41+","No"
"294",98,"A",3,0,0.74,"348.886","around half","1","Yes","41+","Yes"
"295",99,"A",1,0,0.44,"348.886","a lot more than half","2","Yes","20-Nov","Yes"
"296",99,"A",2,0,0.78,"520.761","a lot less than half","3","Yes","41+","No"
"297",99,"A",3,0,0.84,"372.498","a lot more than half","2","Maybe","20-Nov","Yes"
"298",100,"A",1,0,0.72,"82.872","around half","2","Yes","0 - 10","Yes"
"299",100,"A",2,0,0.62,"231.742","a lot less than half","1","No","41+","Yes"
"300",100,"A",3,0,0.9,"190.102","around half","2","Yes","41+","Yes"
"301",101,"B",1,0,0.18,"396.004","a lot less than half","2","Yes","41+","Yes"
"302",101,"B",2,0,0.74,"294.008","around half","3","Yes","21 - 30","No"
"303",101,"B",3,0.15,0.86,"495.976","around half","2","Yes","41+","Yes"
"304",102,"B",1,0,0.92,"244.557","a lot less than half","2","Yes","20-Nov","Yes"
"305",102,"B",2,0,0.82,"300.026","around half","2","No","41+","Yes"
"306",102,"B",3,0.15,0.52,"396.004","a lot more than half","1","Yes","41+","No"
"307",103,"B",1,0,0.28,"660.804","a lot more than half","2","Yes","0 - 10","Yes"
"308",103,"B",2,0,0.72,"129.248","around half","2","Yes","41+","Yes"
"309",103,"B",3,0.15,0.98,"165.817","a lot more than half","1","Yes","20-Nov","Yes"
"310",104,"B",1,0,0.9,"300.026","around half","2","Yes","41+","No"
"311",104,"B",2,0,0.84,"372.498","a lot more than half","1","Yes","41+","Yes"
"312",104,"B",3,0.15,0.88,"328.745","around half","4","Yes","21 - 30","Yes"
"313",105,"B",1,0,0.86,"475.725","around half","2","Yes","0 - 10","Yes"
"314",105,"B",2,0,0.74,"129.248","a lot less than half","2","Yes","20-Nov","Yes"
"315",105,"B",3,0.15,0.16,"490.774","a lot less than half","1","Yes","20-Nov","Yes"
"316",106,"B",1,0,0.86,"298.292","around half","2","Yes","20-Nov","No"
"317",106,"B",2,0,0.22,"377.005","around half","2","Yes","0 - 10","Yes"
"318",106,"B",3,0.15,0.66,"655.472","a lot less than half","2","Yes","20-Nov","Yes"
"319",107,"B",1,0,0.1,"291.562","a lot less than half","2","Yes","20-Nov","No"
"320",107,"B",2,0,0.94,"294.008","a lot less than half","2","Yes","41+","Yes"
"321",107,"B",3,0.15,0.92,"165.817","around half","1","Yes","41+","No"
"322",108,"B",1,0,0.86,"197.089","around half","2","Yes","20-Nov","No"
"323",108,"B",2,0,0.62,"348.886","around half","2","Yes","41+","No"
"324",108,"B",3,0.15,0.82,"235.866","a lot less than half","2","Yes","41+","No"
"325",109,"B",1,0,0.12,"547.741","around half","3","Yes","41+","Yes"
"326",109,"B",2,0,0.98,"111.807","a lot less than half","3","Yes","41+","Yes"
"327",109,"B",3,0.15,0.72,"396.004","a lot more than half","1","Yes","20-Nov","No"
"328",110,"B",1,0,0.74,"348.886","a lot more than half","2","Yes","21 - 30","No"
"329",110,"B",2,0,0.86,"377.005","a lot more than half","1","Yes","41+","No"
"330",110,"B",3,0.15,0.14,"635.502","a lot less than half","2","Yes","20-Nov","No"
"331",111,"B",1,0,0.1,"82.872","a lot more than half","2","Maybe","41+","Yes"
"332",111,"B",2,0,0.96,"185.069","around half","2","Yes","20-Nov","Yes"
"333",111,"B",3,0.15,0.46,"127.92","a lot less than half","2","Yes","41+","No"
"334",112,"B",1,0,0.54,"520.761","around half","1","Yes","41+","No"
"335",112,"B",2,0,0.74,"260.458","a lot less than half","1","No","20-Nov","No"
"336",112,"B",3,0.15,0.92,"298.292","a lot more than half","4","Yes","21 - 30","Yes"
"337",113,"B",1,0,0.54,"185.069","a lot more than half","2","Yes","0 - 10","No"
"338",113,"B",2,0,0.68,"165.543","a lot less than half","1","Yes","20-Nov","Yes"
"339",113,"B",3,0.15,0.92,"294.008","a lot more than half","2","Yes","21 - 30","Yes"
"340",114,"B",1,0,0.52,"165.543","a lot more than half","1","Yes","20-Nov","No"
"341",114,"B",2,0,0.2,"169.74","a lot more than half","1","Yes","0 - 10","No"
"342",114,"B",3,0.15,0.96,"359.381","a lot less than half","2","Yes","41+","No"
"343",115,"B",1,0,0.2,"135.653","a lot less than half","2","Yes","41+","No"
"344",115,"B",2,0,0.84,"197.089","around half","2","Yes","20-Nov","No"
"345",115,"B",3,0.15,0.76,"490.774","around half","1","Yes","21 - 30","No"
"346",116,"B",1,0,0.82,"502.551","around half","3","Yes","41+","Yes"
"347",116,"B",2,0,0.22,"135.653","around half","2","Yes","41+","No"
"348",116,"B",3,0.15,0.22,"184.768","around half","2","Yes","41+","No"
"349",117,"B",1,0,0.94,"317.343","around half","2","Yes","21 - 30","No"
"350",117,"B",2,0,0.42,"170.951","a lot less than half","3","No","20-Nov","Yes"
"351",117,"B",3,0.15,0.54,"547.741","around half","2","Yes","20-Nov","Yes"
"352",118,"B",1,0,0.74,"348.886","around half","2","Yes","41+","No"
"353",118,"B",2,0,0.9,"294.008","a lot less than half","2","Yes","20-Nov","No"
"354",118,"B",3,0.15,0.18,"671.894","a lot more than half","1","Yes","41+","Yes"
"355",119,"B",1,0,0.92,"236.198","around half","1","Yes","21 - 30","No"
"356",119,"B",2,0,0.72,"396.004","a lot more than half","2","Yes","21 - 30","No"
"357",119,"B",3,0.15,0.96,"275.447","a lot less than half","3","No","0 - 10","Yes"
"358",120,"B",1,0,0.2,"235.866","a lot less than half","1","Maybe","21 - 30","No"
"359",120,"B",2,0,0.88,"290.424","a lot less than half","2","Yes","41+","Yes"
"360",120,"B",3,0.15,0.06,"296.629","around half","2","Yes","21 - 30","Yes"
"361",121,"B",1,0,0.22,"432.012","a lot less than half","2","No","41+","No"
"362",121,"B",2,0,0.82,"298.292","a lot more than half","1","Yes","21 - 30","No"
"363",121,"B",3,0.15,0.18,"490.774","a lot more than half","3","Yes","21 - 30","Yes"
"364",122,"B",1,0,0.88,"235.866","a lot less than half","4","Yes","41+","No"
"365",122,"B",2,0,0.74,"396.004","a lot more than half","2","Yes","41+","No"
"366",122,"B",3,0.15,0.88,"317.343","a lot more than half","2","Maybe","20-Nov","Yes"
"367",123,"B",1,0,0.76,"520.761","a lot less than half","1","Yes","41+","No"
"368",123,"B",2,0,0.2,"495.976","a lot less than half","3","Yes","21 - 30","No"
"369",123,"B",3,0.15,0.24,"275.447","a lot more than half","2","Yes","0 - 10","No"
"370",124,"B",1,0,0.58,"635.502","around half","4","Yes","41+","No"
"371",124,"B",2,0,0.92,"396.004","around half","2","Yes","41+","No"
"372",124,"B",3,0.15,0.94,"200.416","around half","2","Yes","41+","No"
"373",125,"B",1,0,0.9,"291.562","a lot more than half","2","Yes","41+","Yes"
"374",125,"B",2,0,0.54,"377.005","a lot more than half","2","Yes","20-Nov","No"
"375",125,"B",3,0.15,0.9,"379.904","a lot more than half","3","Yes","31 - 40","Yes"
"376",126,"B",1,0,0.42,"317.343","a lot more than half","2","Yes","21 - 30","No"
"377",126,"B",2,0,0.9,"300.026","a lot less than half","1","Maybe","41+","No"
"378",126,"B",3,0.15,0.88,"372.498","a lot more than half","2","Maybe","21 - 30","Yes"
"379",127,"B",1,0,0.12,"502.551","a lot more than half","1","Yes","20-Nov","Yes"
"380",127,"B",2,0,0.62,"165.543","around half","1","No","41+","No"
"381",127,"B",3,0.15,0.14,"475.725","around half","2","Yes","41+","Yes"
"382",128,"B",1,0,0.66,"296.629","a lot more than half","3","Yes","41+","Yes"
"383",128,"B",2,0,0.1,"396.004","a lot more than half","2","Yes","41+","No"
"384",128,"B",3,0.15,0.74,"236.198","around half","1","Yes","41+","Yes"
"385",129,"B",1,0,0.92,"294.008","a lot less than half","3","Yes","41+","No"
"386",129,"B",2,0,0.74,"190.102","around half","4","Yes","31 - 40","No"
"387",129,"B",3,0.15,0.44,"635.502","around half","3","Yes","20-Nov","No"
"388",130,"B",1,0,0.32,"432.012","a lot less than half","3","Yes","20-Nov","No"
"389",130,"B",2,0,0.96,"234.958","around half","1","No","21 - 30","No"
"390",130,"B",3,0.15,0.22,"165.543","a lot less than half","3","Yes","20-Nov","No"
"391",131,"B",1,0,0.92,"635.502","a lot more than half","1","Yes","0 - 10","Yes"
"392",131,"B",2,0,0.88,"660.804","around half","2","Yes","41+","No"
"393",131,"B",3,0.15,0.46,"179.386","a lot less than half","2","No","21 - 30","No"
"394",132,"B",1,0,0.14,"169.74","a lot less than half","2","Yes","0 - 10","No"
"395",132,"B",2,0,0.5,"197.089","a lot more than half","1","Yes","41+","Yes"
"396",132,"B",3,0.15,0.62,"671.894","a lot more than half","2","Yes","0 - 10","Yes"
"397",133,"B",1,0,0.92,"170.951","a lot more than half","2","Yes","41+","Yes"
"398",133,"B",2,0,0.88,"185.069","a lot more than half","2","Yes","21 - 30","No"
"399",133,"B",3,0.15,0.18,"502.551","around half","3","Yes","20-Nov","Yes"
"400",134,"B",1,0,0.68,"475.725","a lot more than half","2","Yes","21 - 30","No"
"401",134,"B",2,0,0.68,"165.543","a lot more than half","2","Yes","41+","No"
"402",134,"B",3,0.15,0.2,"520.761","around half","2","Yes","41+","No"
"403",135,"B",1,0,0.92,"671.894","a lot less than half","2","Yes","0 - 10","No"
"404",135,"B",2,0,0.92,"291.562","around half","4","Yes","0 - 10","No"
"405",135,"B",3,0.15,0.54,"235.866","around half","2","Yes","0 - 10","No"
"406",136,"B",1,0,0.74,"135.653","around half","2","Maybe","20-Nov","No"
"407",136,"B",2,0,0.46,"298.292","a lot more than half","2","Yes","0 - 10","Yes"
"408",136,"B",3,0.15,0.94,"520.761","around half","4","Yes","41+","No"
"409",137,"B",1,0,0.78,"173.952","a lot more than half","3","Yes","41+","Yes"
"410",137,"B",2,0,0.24,"671.894","around half","4","Yes","20-Nov","No"
"411",137,"B",3,0.15,0.88,"185.069","around half","1","Yes","0 - 10","No"
"412",138,"B",1,0,0.68,"379.904","a lot more than half","1","Yes","41+","Yes"
"413",138,"B",2,0,0.76,"135.653","a lot more than half","3","Yes","0 - 10","Yes"
"414",138,"B",3,0.15,0.14,"687.429","around half","1","Yes","21 - 30","Yes"
"415",139,"B",1,0,0.98,"379.904","around half","4","Yes","21 - 30","Yes"
"416",139,"B",2,0,0.76,"111.807","around half","2","No","21 - 30","Yes"
"417",139,"B",3,0.15,0.96,"495.976","around half","2","Yes","41+","Yes"
"418",140,"B",1,0,0.18,"170.951","around half","2","Yes","41+","Yes"
"419",140,"B",2,0,0.44,"317.343","a lot more than half","2","Yes","41+","No"
"420",140,"B",3,0.15,0.12,"135.653","a lot more than half","2","Yes","41+","No"
"421",141,"B",1,0,0.18,"317.343","around half","3","Yes","0 - 10","Yes"
"422",141,"B",2,0,0.82,"165.817","around half","2","Yes","41+","Yes"
"423",141,"B",3,0.15,0.14,"231.742","around half","1","Yes","41+","Yes"
"424",142,"B",1,0,0.44,"127.92","a lot more than half","1","Yes","41+","No"
"425",142,"B",2,0,0.14,"291.562","around half","2","No","41+","Yes"
"426",142,"B",3,0.15,0.88,"129.248","a lot more than half","1","Yes","0 - 10","No"
"427",143,"B",1,0,0.62,"502.551","around half","3","Yes","41+","No"
"428",143,"B",2,0,0.22,"475.725","a lot less than half","2","Yes","41+","No"
"429",143,"B",3,0.15,0.9,"502.551","a lot more than half","1","No","41+","Yes"
"430",144,"B",1,0,0.92,"348.886","a lot less than half","2","Yes","41+","No"
"431",144,"B",2,0,0.68,"547.741","around half","3","Yes","41+","Yes"
"432",144,"B",3,0.15,0.74,"655.472","a lot less than half","2","Yes","41+","Yes"
"433",145,"B",1,0,0.62,"300.026","around half","2","Yes","41+","Yes"
"434",145,"B",2,0,0.84,"170.951","around half","1","Yes","0 - 10","Yes"
"435",145,"B",3,0.15,0.16,"490.774","around half","2","Yes","41+","Yes"
"436",146,"B",1,0,0.54,"259.663","around half","2","No","0 - 10","Yes"
"437",146,"B",2,0,0.24,"291.562","a lot more than half","2","Yes","21 - 30","Yes"
"438",146,"B",3,0.15,0.94,"687.429","a lot less than half","2","Yes","41+","No"
"439",147,"B",1,0,0.1,"328.745","a lot less than half","2","Yes","41+","No"
"440",147,"B",2,0,0.1,"300.026","around half","2","No","41+","Yes"
"441",147,"B",3,0.15,0.66,"317.343","a lot less than half","2","Yes","21 - 30","Yes"
"442",148,"B",1,0,0.68,"285.518","around half","3","Yes","41+","No"
"443",148,"B",2,0,0.94,"377.005","a lot more than half","1","No","20-Nov","Yes"
"444",148,"B",3,0.15,0.84,"244.557","around half","1","Yes","41+","Yes"
"445",149,"B",1,0,0.2,"310.139","a lot more than half","3","Yes","41+","No"
"446",149,"B",2,0,0.84,"687.429","a lot less than half","2","Yes","20-Nov","Yes"
"447",149,"B",3,0.15,0.2,"184.768","a lot more than half","2","Yes","41+","Yes"
"448",150,"B",1,0,0.82,"82.872","a lot less than half","2","Yes","20-Nov","Yes"
"449",150,"B",2,0,0.6,"185.069","around half","2","Yes","20-Nov","Yes"
"450",150,"B",3,0.15,0.54,"231.742","around half","2","Yes","21 - 30","Yes"
"451",151,"B",1,0,0.24,"660.804","around half","4","Yes","41+","Yes"
"452",151,"B",2,0,0.16,"165.543","a lot more than half","1","Yes","20-Nov","No"
"453",151,"B",3,0.15,0.46,"294.008","around half","2","Yes","41+","No"
"454",152,"B",1,0,0.76,"660.804","around half","1","Yes","41+","No"
"455",152,"B",2,0,0.68,"173.952","a lot more than half","1","Yes","41+","No"
"456",152,"B",3,0.15,0.18,"310.139","a lot less than half","2","Yes","20-Nov","No"
"457",153,"B",1,0,0.82,"328.745","a lot more than half","3","Yes","41+","Yes"
"458",153,"B",2,0,0.32,"300.026","around half","2","Yes","41+","No"
"459",153,"B",3,0.15,0.16,"328.745","a lot more than half","1","Yes","41+","Yes"
"460",154,"B",1,0,0.54,"244.557","a lot less than half","2","Yes","0 - 10","No"
"461",154,"B",2,0,0.22,"234.958","around half","1","Maybe","31 - 40","No"
"462",154,"B",3,0.15,0.98,"655.472","a lot more than half","3","Yes","41+","No"
"463",155,"B",1,0,0.94,"655.472","around half","2","Yes","20-Nov","Yes"
"464",155,"B",2,0,0.6,"184.768","a lot more than half","1","Yes","20-Nov","Yes"
"465",155,"B",3,0.15,0.9,"236.198","around half","1","Yes","41+","Yes"
"466",156,"B",1,0,0.1,"236.198","a lot more than half","2","Yes","41+","Yes"
"467",156,"B",2,0,0.88,"366.428","a lot more than half","1","Yes","20-Nov","Yes"
"468",156,"B",3,0.15,0.94,"475.725","a lot more than half","2","Yes","21 - 30","No"
"469",157,"B",1,0,0.66,"372.498","a lot less than half","2","Yes","41+","No"
"470",157,"B",2,0,0.94,"169.74","a lot less than half","2","No","41+","No"
"471",157,"B",3,0.15,0.86,"236.198","around half","4","Yes","41+","Yes"
"472",158,"B",1,0,0.18,"111.807","a lot more than half","2","Maybe","41+","No"
"473",158,"B",2,0,0.74,"359.381","a lot less than half","2","No","41+","Yes"
"474",158,"B",3,0.15,0.54,"317.343","a lot more than half","2","Yes","41+","Yes"
"475",159,"B",1,0,0.74,"285.518","around half","2","Maybe","0 - 10","No"
"476",159,"B",2,0,0.92,"169.74","a lot less than half","1","Yes","41+","Yes"
"477",159,"B",3,0.15,0.86,"165.817","a lot more than half","1","Yes","41+","No"
"478",160,"B",1,0,0.62,"244.557","around half","4","Yes","41+","No"
"479",160,"B",2,0,0.9,"379.904","a lot less than half","2","Yes","41+","No"
"480",160,"B",3,0.15,0.9,"502.551","around half","2","Yes","21 - 30","Yes"
"481",161,"B",1,0,0.68,"275.447","a lot less than half","2","Yes","21 - 30","Yes"
"482",161,"B",2,0,0.74,"185.069","around half","2","Yes","21 - 30","Yes"
"483",161,"B",3,0.15,0.12,"197.089","around half","3","Yes","41+","Yes"
"484",162,"B",1,0,0.88,"372.498","around half","1","Yes","0 - 10","No"
"485",162,"B",2,0,0.62,"127.92","a lot more than half","2","Yes","20-Nov","Yes"
"486",162,"B",3,0.15,0.9,"366.428","around half","3","Yes","41+","Yes"
"487",163,"B",1,0,0.8,"244.557","around half","3","Yes","31 - 40","No"
"488",163,"B",2,0,0.88,"173.952","a lot more than half","3","Yes","41+","Yes"
"489",163,"B",3,0.15,0.92,"520.761","a lot more than half","1","Yes","41+","Yes"
"490",164,"B",1,0,0.28,"655.472","a lot more than half","2","Yes","20-Nov","Yes"
"491",164,"B",2,0,0.24,"170.951","around half","3","Yes","41+","No"
"492",164,"B",3,0.15,0.9,"432.012","around half","2","Yes","0 - 10","Yes"
"493",165,"B",1,0,0.24,"170.951","a lot less than half","4","Yes","31 - 40","Yes"
"494",165,"B",2,0,0.78,"185.069","a lot less than half","2","No","20-Nov","Yes"
"495",165,"B",3,0.15,0.1,"432.012","a lot less than half","2","Yes","0 - 10","Yes"
"496",166,"B",1,0,0.16,"190.102","around half","2","Yes","41+","Yes"
"497",166,"B",2,0,0.86,"300.026","around half","4","Yes","21 - 30","Yes"
"498",166,"B",3,0.15,0.14,"190.102","a lot more than half","2","Yes","20-Nov","No"
"499",167,"B",1,0,0.1,"111.807","around half","2","No","21 - 30","No"
"500",167,"B",2,0,0.74,"495.976","a lot more than half","1","No","41+","Yes"
"501",167,"B",3,0.15,0.32,"259.663","around half","3","Yes","41+","No"
"502",168,"B",1,0,0.74,"475.725","a lot less than half","2","No","20-Nov","Yes"
"503",168,"B",2,0,0.62,"200.416","around half","4","Yes","41+","Yes"
"504",168,"B",3,0.15,0.94,"432.012","around half","1","Yes","41+","No"
"505",169,"B",1,0,0.76,"291.562","around half","2","No","41+","Yes"
"506",169,"B",2,0,0.84,"259.663","a lot less than half","4","Yes","20-Nov","No"
"507",169,"B",3,0.15,0.88,"547.741","a lot more than half","1","Yes","0 - 10","No"
"508",170,"B",1,0,0.82,"377.005","a lot more than half","3","Yes","41+","Yes"
"509",170,"B",2,0,0.9,"184.768","around half","3","No","0 - 10","Yes"
"510",170,"B",3,0.15,0.68,"135.653","a lot more than half","4","Yes","41+","No"
"511",171,"B",1,0,0.62,"236.198","a lot less than half","2","Yes","0 - 10","Yes"
"512",171,"B",2,0,0.92,"244.557","a lot less than half","1","Yes","41+","Yes"
"513",171,"B",3,0.15,0.74,"359.381","a lot more than half","1","Yes","41+","No"
"514",172,"B",1,0,0.92,"82.872","a lot less than half","2","Maybe","41+","Yes"
"515",172,"B",2,0,0.18,"348.886","around half","2","Yes","20-Nov","No"
"516",172,"B",3,0.15,0.8,"260.458","a lot less than half","1","Yes","41+","Yes"
"517",173,"B",1,0,0.36,"502.551","around half","4","Yes","0 - 10","Yes"
"518",173,"B",2,0,0.86,"197.089","a lot more than half","2","Yes","21 - 30","Yes"
"519",173,"B",3,0.15,0.18,"231.742","a lot more than half","2","Maybe","41+","Yes"
"520",174,"B",1,0,0.06,"231.742","around half","1","Yes","41+","No"
"521",174,"B",2,0,0.42,"275.447","a lot more than half","2","Yes","20-Nov","No"
"522",174,"B",3,0.15,0.66,"259.663","around half","2","Yes","20-Nov","Yes"
"523",175,"B",1,0,0.88,"687.429","a lot more than half","3","Yes","41+","Yes"
"524",175,"B",2,0,0.22,"660.804","a lot less than half","2","Yes","41+","No"
"525",175,"B",3,0.15,0.88,"173.952","a lot more than half","2","Yes","41+","Yes"
"526",176,"B",1,0,0.54,"260.458","a lot more than half","2","Yes","21 - 30","No"
"527",176,"B",2,0,0.88,"231.742","around half","3","Yes","20-Nov","Yes"
"528",176,"B",3,0.15,0.36,"185.069","a lot more than half","1","Yes","20-Nov","Yes"
"529",177,"B",1,0,0.22,"129.248","around half","1","Yes","20-Nov","Yes"
"530",177,"B",2,0,0.74,"235.866","around half","1","Yes","41+","Yes"
"531",177,"B",3,0.15,0.92,"490.774","a lot less than half","2","Yes","21 - 30","Yes"
"532",178,"B",1,0,0.76,"296.629","a lot more than half","2","Maybe","41+","No"
"533",178,"B",2,0,0.22,"490.774","a lot more than half","2","Yes","41+","No"
"534",178,"B",3,0.15,0.74,"234.958","around half","1","Yes","41+","Yes"
"535",179,"B",1,0,0.76,"379.904","a lot more than half","2","Yes","41+","No"
"536",179,"B",2,0,0.88,"260.458","around half","2","Yes","41+","No"
"537",179,"B",3,0.15,0.82,"660.804","a lot more than half","4","Yes","20-Nov","No"
"538",180,"B",1,0,0.76,"190.102","around half","2","Maybe","41+","No"
"539",180,"B",2,0,0.92,"294.008","around half","1","Yes","41+","Yes"
"540",180,"B",3,0.15,0.88,"179.386","a lot less than half","2","Yes","41+","No"
"541",181,"B",1,0,0.14,"635.502","a lot more than half","2","Yes","41+","No"
"542",181,"B",2,0,0.1,"671.894","a lot more than half","2","No","21 - 30","Yes"
"543",181,"B",3,0.15,0.44,"377.005","a lot more than half","2","Yes","41+","Yes"
"544",182,"B",1,0,0.84,"231.742","a lot more than half","1","No","21 - 30","Yes"
"545",182,"B",2,0,0.88,"290.424","a lot more than half","2","Yes","21 - 30","Yes"
"546",182,"B",3,0.15,0.14,"288.281","a lot less than half","1","Yes","41+","Yes"
"547",183,"B",1,0,0.44,"294.008","a lot more than half","2","Yes","21 - 30","No"
"548",183,"B",2,0,0.98,"200.416","a lot more than half","1","Yes","41+","No"
"549",183,"B",3,0.15,0.64,"547.741","around half","1","Yes","41+","Yes"
"550",184,"B",1,0,0.16,"82.872","a lot less than half","2","Yes","0 - 10","Yes"
"551",184,"B",2,0,0.54,"396.004","around half","2","Yes","41+","Yes"
"552",184,"B",3,0.15,0.9,"635.502","a lot more than half","1","Yes","20-Nov","No"
"553",185,"B",1,0,0.88,"127.92","a lot less than half","2","Yes","41+","Yes"
"554",185,"B",2,0,0.1,"165.543","a lot less than half","4","Yes","21 - 30","No"
"555",185,"B",3,0.15,0.76,"635.502","a lot less than half","1","No","41+","No"
"556",186,"B",1,0,0.14,"179.386","around half","1","Yes","21 - 30","No"
"557",186,"B",2,0,0.52,"432.012","around half","1","Maybe","31 - 40","No"
"558",186,"B",3,0.15,0.22,"475.725","around half","2","Yes","41+","Yes"
"559",187,"B",1,0,0.86,"179.386","a lot less than half","2","Yes","20-Nov","No"
"560",187,"B",2,0,0.86,"165.817","around half","2","Maybe","41+","No"
"561",187,"B",3,0.15,0.88,"671.894","around half","2","No","41+","Yes"
"562",188,"B",1,0,0.84,"520.761","a lot more than half","2","Yes","41+","Yes"
"563",188,"B",2,0,0.74,"294.008","around half","2","Yes","41+","No"
"564",188,"B",3,0.15,0.86,"179.386","a lot more than half","2","Yes","20-Nov","No"
"565",189,"B",1,0,0.16,"190.102","a lot more than half","3","Yes","20-Nov","No"
"566",189,"B",2,0,0.54,"170.951","a lot more than half","1","Yes","20-Nov","Yes"
"567",189,"B",3,0.15,0.72,"432.012","a lot more than half","1","Yes","31 - 40","No"
"568",190,"B",1,0,0.86,"687.429","a lot more than half","1","Yes","20-Nov","Yes"
"569",190,"B",2,0,0.98,"396.004","a lot more than half","2","Yes","21 - 30","Yes"
"570",190,"B",3,0.15,0.18,"291.562","around half","3","Yes","41+","Yes"
"571",191,"B",1,0,0.84,"165.817","a lot less than half","2","Yes","41+","Yes"
"572",191,"B",2,0,0.72,"547.741","a lot less than half","2","Yes","41+","Yes"
"573",191,"B",3,0.15,0.96,"310.139","around half","2","Yes","31 - 40","No"
"574",192,"B",1,0,0.16,"432.012","a lot more than half","2","Maybe","41+","No"
"575",192,"B",2,0,0.92,"655.472","a lot less than half","2","Maybe","41+","Yes"
"576",192,"B",3,0.15,0.94,"359.381","around half","2","Yes","41+","No"
"577",193,"B",1,0,0.82,"185.069","a lot more than half","2","Maybe","41+","Yes"
"578",193,"B",2,0,0.68,"359.381","around half","2","Maybe","41+","Yes"
"579",193,"B",3,0.15,0.9,"366.428","a lot more than half","2","Yes","21 - 30","Yes"
"580",194,"B",1,0,0.68,"82.872","a lot more than half","2","Yes","20-Nov","Yes"
"581",194,"B",2,0,0.92,"135.653","a lot less than half","3","Yes","21 - 30","No"
"582",194,"B",3,0.15,0.96,"285.518","around half","1","Yes","41+","Yes"
"583",195,"B",1,0,0.82,"348.886","around half","2","Yes","41+","Yes"
"584",195,"B",2,0,0.6,"328.745","a lot more than half","1","Yes","41+","No"
"585",195,"B",3,0.15,0.72,"300.026","a lot more than half","3","Yes","0 - 10","No"
"586",196,"B",1,0,0.82,"165.543","around half","1","Maybe","41+","Yes"
"587",196,"B",2,0,0.36,"635.502","a lot less than half","2","No","20-Nov","No"
"588",196,"B",3,0.15,0.22,"165.543","around half","4","Yes","20-Nov","No"
"589",197,"B",1,0,0.82,"165.543","a lot more than half","2","Yes","20-Nov","Yes"
"590",197,"B",2,0,0.58,"379.904","a lot less than half","1","Maybe","31 - 40","No"
"591",197,"B",3,0.15,0.72,"135.653","around half","2","Yes","41+","No"
"592",198,"B",1,0,0.32,"288.281","a lot less than half","3","Yes","41+","Yes"
"593",198,"B",2,0,0.16,"328.745","a lot more than half","1","Yes","20-Nov","Yes"
"594",198,"B",3,0.15,0.92,"502.551","a lot less than half","1","Yes","0 - 10","No"
"595",199,"B",1,0,0.52,"288.281","a lot more than half","2","No","20-Nov","No"
"596",199,"B",2,0,0.92,"635.502","a lot more than half","2","Yes","41+","Yes"
"597",199,"B",3,0.15,0.88,"285.518","a lot more than half","3","No","41+","Yes"
"598",200,"B",1,0,0.68,"235.866","a lot more than half","2","Yes","41+","No"
"599",200,"B",2,0,0.74,"655.472","around half","3","Yes","41+","No"
"600",200,"B",3,0.15,0.82,"502.551","a lot more than half","3","No","20-Nov","Yes"
"601",201,"C",1,0,0.66,"235.866","a lot more than half","1","Yes","41+","No"
"602",201,"C",2,0.15,0.1,"671.894","a lot more than half","2","No","31 - 40","Yes"
"603",201,"C",3,0.15,0.28,"687.429","around half","2","Yes","20-Nov","Yes"
"604",202,"C",1,0,0.66,"296.629","around half","2","No","20-Nov","Yes"
"605",202,"C",2,0.15,0.88,"366.428","a lot more than half","2","Yes","41+","Yes"
"606",202,"C",3,0.15,0.84,"655.472","around half","3","Yes","21 - 30","Yes"
"607",203,"C",1,0,0.22,"260.458","a lot less than half","2","Yes","21 - 30","Yes"
"608",203,"C",2,0.15,0.22,"179.386","around half","1","Yes","41+","No"
"609",203,"C",3,0.15,0.62,"635.502","a lot more than half","2","Maybe","41+","Yes"
"610",204,"C",1,0,0.22,"169.74","around half","1","Yes","41+","No"
"611",204,"C",2,0.15,0.28,"179.386","a lot more than half","4","Yes","41+","No"
"612",204,"C",3,0.15,0.12,"288.281","a lot more than half","2","Maybe","41+","No"
"613",205,"C",1,0,0.72,"290.424","a lot more than half","2","Yes","41+","Yes"
"614",205,"C",2,0.15,0.28,"495.976","around half","2","Maybe","41+","No"
"615",205,"C",3,0.15,0.92,"197.089","a lot less than half","1","Yes","41+","No"
"616",206,"C",1,0,0.8,"396.004","a lot less than half","3","Maybe","0 - 10","No"
"617",206,"C",2,0.15,0.76,"377.005","a lot less than half","1","Yes","41+","Yes"
"618",206,"C",3,0.15,0.86,"490.774","a lot more than half","2","Yes","20-Nov","No"
"619",207,"C",1,0,0.6,"372.498","around half","2","Yes","41+","Yes"
"620",207,"C",2,0.15,0.76,"475.725","a lot more than half","1","Yes","20-Nov","Yes"
"621",207,"C",3,0.15,0.22,"184.768","around half","3","Yes","41+","No"
"622",208,"C",1,0,0.1,"200.416","a lot more than half","1","Yes","20-Nov","Yes"
"623",208,"C",2,0.15,0.88,"179.386","a lot more than half","1","Yes","20-Nov","No"
"624",208,"C",3,0.15,0.24,"288.281","around half","2","Yes","41+","No"
"625",209,"C",1,0,0.62,"296.629","a lot less than half","1","Maybe","21 - 30","Yes"
"626",209,"C",2,0.15,0.76,"379.904","a lot less than half","2","No","20-Nov","No"
"627",209,"C",3,0.15,0.82,"547.741","a lot more than half","2","Yes","20-Nov","Yes"
"628",210,"C",1,0,0.92,"169.74","around half","1","Yes","20-Nov","No"
"629",210,"C",2,0.15,0.16,"328.745","around half","2","Yes","41+","No"
"630",210,"C",3,0.15,0.06,"179.386","a lot less than half","4","Yes","41+","Yes"
"631",211,"C",1,0,0.22,"359.381","around half","2","Maybe","41+","No"
"632",211,"C",2,0.15,0.74,"298.292","a lot more than half","3","No","41+","Yes"
"633",211,"C",3,0.15,0.74,"129.248","a lot more than half","2","Yes","20-Nov","No"
"634",212,"C",1,0,0.62,"236.198","a lot more than half","4","Yes","41+","Yes"
"635",212,"C",2,0.15,0.22,"170.951","a lot less than half","2","Yes","41+","No"
"636",212,"C",3,0.15,0.82,"328.745","around half","2","Maybe","41+","Yes"
"637",213,"C",1,0,0.62,"111.807","a lot more than half","2","Yes","21 - 30","No"
"638",213,"C",2,0.15,0.82,"197.089","a lot more than half","3","Yes","20-Nov","No"
"639",213,"C",3,0.15,0.68,"111.807","around half","1","Maybe","0 - 10","No"
"640",214,"C",1,0,0.1,"317.343","a lot more than half","4","Yes","20-Nov","No"
"641",214,"C",2,0.15,0.16,"490.774","a lot less than half","2","Maybe","31 - 40","Yes"
"642",214,"C",3,0.15,0.82,"184.768","around half","3","Yes","41+","No"
"643",215,"C",1,0,0.92,"372.498","a lot less than half","1","Yes","41+","Yes"
"644",215,"C",2,0.15,0.92,"185.069","around half","2","Yes","41+","Yes"
"645",215,"C",3,0.15,0.92,"379.904","a lot more than half","2","Yes","41+","No"
"646",216,"C",1,0,0.8,"285.518","a lot less than half","2","Yes","20-Nov","Yes"
"647",216,"C",2,0.15,0.36,"366.428","a lot less than half","4","Yes","21 - 30","No"
"648",216,"C",3,0.15,0.86,"495.976","a lot less than half","2","Yes","41+","Yes"
"649",217,"C",1,0,0.52,"655.472","a lot less than half","2","Yes","20-Nov","Yes"
"650",217,"C",2,0.15,0.96,"285.518","a lot more than half","1","Yes","0 - 10","Yes"
"651",217,"C",3,0.15,0.68,"285.518","a lot more than half","2","Yes","20-Nov","Yes"
"652",218,"C",1,0,0.84,"475.725","around half","3","Yes","41+","Yes"
"653",218,"C",2,0.15,0.2,"317.343","a lot more than half","2","Yes","20-Nov","No"
"654",218,"C",3,0.15,0.88,"372.498","a lot more than half","2","Yes","20-Nov","No"
"655",219,"C",1,0,0.42,"244.557","a lot more than half","2","No","41+","Yes"
"656",219,"C",2,0.15,0.62,"635.502","a lot more than half","2","Yes","41+","No"
"657",219,"C",3,0.15,0.44,"236.198","a lot less than half","2","Yes","21 - 30","No"
"658",220,"C",1,0,0.1,"179.386","a lot more than half","2","Yes","20-Nov","Yes"
"659",220,"C",2,0.15,0.96,"260.458","a lot less than half","4","No","41+","No"
"660",220,"C",3,0.15,0.36,"111.807","around half","2","Yes","41+","Yes"
"661",221,"C",1,0,0.62,"275.447","around half","1","Maybe","20-Nov","No"
"662",221,"C",2,0.15,0.62,"244.557","a lot less than half","3","Yes","41+","Yes"
"663",221,"C",3,0.15,0.58,"655.472","a lot more than half","1","Yes","41+","Yes"
"664",222,"C",1,0,0.88,"184.768","a lot more than half","1","Yes","0 - 10","No"
"665",222,"C",2,0.15,0.9,"236.198","a lot more than half","2","No","41+","Yes"
"666",222,"C",3,0.15,0.54,"296.629","around half","3","No","21 - 30","Yes"
"667",223,"C",1,0,0.14,"502.551","a lot more than half","1","Yes","0 - 10","Yes"
"668",223,"C",2,0.15,0.82,"165.817","a lot more than half","2","No","20-Nov","Yes"
"669",223,"C",3,0.15,0.76,"655.472","around half","3","Yes","41+","Yes"
"670",224,"C",1,0,0.12,"127.92","a lot less than half","3","Yes","20-Nov","Yes"
"671",224,"C",2,0.15,0.74,"190.102","a lot less than half","3","Yes","0 - 10","No"
"672",224,"C",3,0.15,0.1,"231.742","a lot less than half","1","Yes","21 - 30","Yes"
"673",225,"C",1,0,0.92,"135.653","around half","2","No","20-Nov","No"
"674",225,"C",2,0.15,1,"190.102","a lot more than half","2","Yes","20-Nov","Yes"
"675",225,"C",3,0.15,0.68,"495.976","a lot less than half","3","Yes","41+","Yes"
"676",226,"C",1,0,0.74,"490.774","a lot more than half","1","Yes","41+","No"
"677",226,"C",2,0.15,0.54,"655.472","around half","4","Yes","21 - 30","No"
"678",226,"C",3,0.15,0.2,"660.804","around half","3","Yes","21 - 30","Yes"
"679",227,"C",1,0,0.76,"359.381","around half","3","Yes","21 - 30","Yes"
"680",227,"C",2,0.15,0.86,"377.005","around half","1","Yes","41+","Yes"
"681",227,"C",3,0.15,0.54,"129.248","a lot more than half","3","Yes","20-Nov","Yes"
"682",228,"C",1,0,0.92,"111.807","a lot less than half","2","Yes","41+","No"
"683",228,"C",2,0.15,0.44,"377.005","around half","2","Yes","0 - 10","Yes"
"684",228,"C",3,0.15,0.76,"197.089","around half","1","Yes","41+","Yes"
"685",229,"C",1,0,0.84,"671.894","a lot more than half","3","Yes","41+","No"
"686",229,"C",2,0.15,0.9,"294.008","a lot less than half","2","Yes","41+","Yes"
"687",229,"C",3,0.15,0.62,"184.768","a lot less than half","1","Yes","41+","No"
"688",230,"C",1,0,0.42,"170.951","a lot more than half","4","Yes","0 - 10","No"
"689",230,"C",2,0.15,0.2,"296.629","around half","1","Yes","21 - 30","Yes"
"690",230,"C",3,0.15,0.76,"655.472","a lot less than half","2","Yes","41+","No"
"691",231,"C",1,0,0.98,"111.807","around half","2","Yes","41+","No"
"692",231,"C",2,0.15,0.88,"328.745","a lot more than half","2","Yes","31 - 40","No"
"693",231,"C",3,0.15,0.68,"200.416","a lot less than half","1","Yes","41+","Yes"
"694",232,"C",1,0,0.68,"169.74","a lot less than half","3","Yes","31 - 40","No"
"695",232,"C",2,0.15,0.82,"396.004","around half","2","Yes","21 - 30","No"
"696",232,"C",3,0.15,0.82,"129.248","a lot more than half","2","Yes","41+","No"
"697",233,"C",1,0,0.18,"173.952","around half","1","Yes","41+","No"
"698",233,"C",2,0.15,0.86,"377.005","a lot less than half","1","Yes","31 - 40","No"
"699",233,"C",3,0.15,0.22,"490.774","around half","1","Yes","41+","No"
"700",234,"C",1,0,0.86,"294.008","a lot more than half","2","Yes","41+","No"
"701",234,"C",2,0.15,0.14,"655.472","a lot more than half","2","Yes","31 - 40","No"
"702",234,"C",3,0.15,0.82,"310.139","around half","1","Yes","41+","No"
"703",235,"C",1,0,0.62,"179.386","around half","4","Yes","41+","Yes"
"704",235,"C",2,0.15,0.42,"671.894","a lot more than half","2","Yes","41+","No"
"705",235,"C",3,0.15,0.84,"129.248","around half","2","No","41+","Yes"
"706",236,"C",1,0,0.64,"260.458","around half","2","Yes","20-Nov","Yes"
"707",236,"C",2,0.15,0.42,"231.742","a lot less than half","1","Yes","41+","Yes"
"708",236,"C",3,0.15,0.54,"348.886","a lot more than half","3","Yes","41+","No"
"709",237,"C",1,0,0.1,"372.498","a lot more than half","3","No","20-Nov","Yes"
"710",237,"C",2,0.15,0.2,"687.429","a lot less than half","2","Yes","41+","Yes"
"711",237,"C",3,0.15,0.82,"294.008","a lot more than half","4","Yes","20-Nov","No"
"712",238,"C",1,0,0.14,"396.004","a lot more than half","1","Yes","41+","No"
"713",238,"C",2,0.15,0.54,"170.951","around half","2","Yes","20-Nov","No"
"714",238,"C",3,0.15,0.58,"520.761","a lot more than half","2","Yes","41+","No"
"715",239,"C",1,0,0.22,"184.768","a lot less than half","2","Yes","41+","Yes"
"716",239,"C",2,0.15,0.72,"260.458","a lot more than half","3","Yes","31 - 40","Yes"
"717",239,"C",3,0.15,0.12,"310.139","a lot more than half","2","Yes","41+","No"
"718",240,"C",1,0,0.14,"285.518","a lot more than half","3","Yes","20-Nov","No"
"719",240,"C",2,0.15,0.28,"235.866","a lot more than half","1","Yes","41+","Yes"
"720",240,"C",3,0.15,0.42,"290.424","around half","3","Yes","41+","Yes"
"721",241,"C",1,0,0.42,"300.026","a lot less than half","2","Yes","41+","No"
"722",241,"C",2,0.15,0.1,"285.518","a lot more than half","2","Yes","0 - 10","Yes"
"723",241,"C",3,0.15,0.62,"170.951","a lot less than half","2","No","41+","Yes"
"724",242,"C",1,0,0.92,"502.551","a lot less than half","2","Maybe","41+","Yes"
"725",242,"C",2,0.15,0.12,"288.281","a lot less than half","1","Yes","20-Nov","No"
"726",242,"C",3,0.15,0.66,"300.026","around half","2","Yes","31 - 40","Yes"
"727",243,"C",1,0,0.82,"165.543","around half","2","No","31 - 40","No"
"728",243,"C",2,0.15,0.14,"348.886","a lot less than half","3","Yes","20-Nov","Yes"
"729",243,"C",3,0.15,0.2,"317.343","a lot less than half","1","Yes","41+","Yes"
"730",244,"C",1,0,0.82,"82.872","a lot more than half","3","Yes","20-Nov","Yes"
"731",244,"C",2,0.15,0.76,"111.807","a lot more than half","1","Yes","41+","Yes"
"732",244,"C",3,0.15,0.96,"490.774","a lot more than half","2","Yes","20-Nov","No"
"733",245,"C",1,0,0.86,"197.089","around half","2","Yes","31 - 40","Yes"
"734",245,"C",2,0.15,0.18,"129.248","around half","1","Maybe","21 - 30","Yes"
"735",245,"C",3,0.15,0.82,"366.428","around half","2","Yes","41+","Yes"
"736",246,"C",1,0,0.52,"169.74","a lot more than half","4","No","41+","No"
"737",246,"C",2,0.15,0.84,"185.069","a lot more than half","1","No","41+","Yes"
"738",246,"C",3,0.15,0.84,"291.562","around half","2","Yes","41+","Yes"
"739",247,"C",1,0,0.22,"372.498","a lot more than half","2","Yes","0 - 10","No"
"740",247,"C",2,0.15,0.9,"197.089","a lot less than half","3","Yes","41+","Yes"
"741",247,"C",3,0.15,0.92,"294.008","around half","1","Yes","21 - 30","Yes"
"742",248,"C",1,0,0.9,"372.498","a lot more than half","2","Yes","41+","Yes"
"743",248,"C",2,0.15,0.84,"520.761","around half","2","Yes","20-Nov","Yes"
"744",248,"C",3,0.15,0.36,"129.248","a lot more than half","3","Yes","41+","Yes"
"745",249,"C",1,0,0.58,"135.653","around half","2","No","21 - 30","No"
"746",249,"C",2,0.15,0.24,"377.005","a lot more than half","4","Yes","41+","Yes"
"747",249,"C",3,0.15,0.92,"328.745","around half","2","No","41+","No"
"748",250,"C",1,0,0.86,"495.976","a lot more than half","2","Yes","41+","No"
"749",250,"C",2,0.15,1,"260.458","around half","2","Maybe","41+","No"
"750",250,"C",3,0.15,0.42,"379.904","a lot more than half","3","Yes","41+","Yes"
"751",251,"C",1,0,0.88,"490.774","around half","2","Maybe","0 - 10","Yes"
"752",251,"C",2,0.15,0.76,"185.069","a lot more than half","2","Yes","41+","No"
"753",251,"C",3,0.15,0.06,"520.761","around half","2","Yes","41+","Yes"
"754",252,"C",1,0,0.1,"236.198","around half","2","Yes","41+","Yes"
"755",252,"C",2,0.15,0.22,"170.951","a lot less than half","2","Yes","41+","Yes"
"756",252,"C",3,0.15,0.1,"170.951","around half","2","Maybe","21 - 30","No"
"757",253,"C",1,0,0.76,"475.725","a lot more than half","2","No","41+","No"
"758",253,"C",2,0.15,0.98,"275.447","around half","2","Yes","41+","Yes"
"759",253,"C",3,0.15,0.2,"165.817","around half","2","Yes","41+","No"
"760",254,"C",1,0,0.2,"231.742","a lot less than half","2","Yes","41+","No"
"761",254,"C",2,0.15,0.1,"275.447","a lot more than half","2","Yes","41+","No"
"762",254,"C",3,0.15,0.98,"82.872","a lot more than half","3","Yes","21 - 30","Yes"
"763",255,"C",1,0,0.88,"231.742","around half","2","Yes","20-Nov","No"
"764",255,"C",2,0.15,0.2,"377.005","a lot less than half","2","Yes","21 - 30","Yes"
"765",255,"C",3,0.15,0.76,"372.498","a lot more than half","2","Yes","41+","No"
"766",256,"C",1,0,0.68,"520.761","around half","4","Yes","0 - 10","No"
"767",256,"C",2,0.15,0.68,"275.447","a lot more than half","4","Yes","0 - 10","Yes"
"768",256,"C",3,0.15,0.82,"135.653","around half","2","No","31 - 40","No"
"769",257,"C",1,0,0.2,"671.894","around half","1","Yes","0 - 10","Yes"
"770",257,"C",2,0.15,0.86,"260.458","a lot less than half","4","Yes","21 - 30","No"
"771",257,"C",3,0.15,0.92,"135.653","a lot more than half","2","Yes","41+","Yes"
"772",258,"C",1,0,0.44,"288.281","around half","2","Yes","31 - 40","No"
"773",258,"C",2,0.15,0.16,"290.424","a lot more than half","2","Yes","21 - 30","No"
"774",258,"C",3,0.15,0.74,"173.952","a lot more than half","2","Yes","41+","Yes"
"775",259,"C",1,0,0.68,"328.745","around half","1","Maybe","41+","No"
"776",259,"C",2,0.15,0.94,"432.012","around half","1","Yes","41+","Yes"
"777",259,"C",3,0.15,0.12,"290.424","around half","1","Yes","31 - 40","No"
"778",260,"C",1,0,0.74,"184.768","a lot more than half","2","No","21 - 30","No"
"779",260,"C",2,0.15,0.06,"82.872","a lot less than half","2","No","20-Nov","Yes"
"780",260,"C",3,0.15,0.74,"260.458","around half","1","Yes","21 - 30","No"
"781",261,"C",1,0,0.84,"235.866","a lot more than half","1","No","41+","Yes"
"782",261,"C",2,0.15,0.86,"285.518","a lot more than half","2","Yes","20-Nov","Yes"
"783",261,"C",3,0.15,0.28,"244.557","a lot less than half","2","Yes","20-Nov","Yes"
"784",262,"C",1,0,0.92,"169.74","around half","1","Yes","20-Nov","Yes"
"785",262,"C",2,0.15,0.92,"396.004","a lot less than half","2","Maybe","41+","Yes"
"786",262,"C",3,0.15,0.76,"379.904","around half","1","No","20-Nov","No"
"787",263,"C",1,0,0.98,"377.005","around half","2","Yes","41+","Yes"
"788",263,"C",2,0.15,0.54,"300.026","around half","2","Yes","20-Nov","No"
"789",263,"C",3,0.15,0.22,"185.069","around half","1","Yes","0 - 10","Yes"
"790",264,"C",1,0,0.28,"294.008","a lot less than half","2","Yes","0 - 10","No"
"791",264,"C",2,0.15,0.22,"259.663","a lot more than half","2","Yes","41+","No"
"792",264,"C",3,0.15,0.74,"317.343","a lot more than half","1","Maybe","21 - 30","No"
"793",265,"C",1,0,0.88,"547.741","around half","2","No","20-Nov","No"
"794",265,"C",2,0.15,0.1,"475.725","around half","2","Yes","20-Nov","No"
"795",265,"C",3,0.15,0.1,"291.562","a lot more than half","2","No","20-Nov","Yes"
"796",266,"C",1,0,0.44,"300.026","around half","2","No","20-Nov","No"
"797",266,"C",2,0.15,0.9,"234.958","around half","2","Yes","41+","Yes"
"798",266,"C",3,0.15,0.74,"291.562","a lot more than half","2","Yes","21 - 30","Yes"
"799",267,"C",1,0,0.76,"396.004","around half","1","No","41+","No"
"800",267,"C",2,0.15,0.82,"294.008","a lot less than half","1","Yes","0 - 10","No"
"801",267,"C",3,0.15,0.88,"396.004","a lot less than half","4","No","20-Nov","No"
"802",268,"C",1,0,0.16,"317.343","a lot less than half","3","No","41+","Yes"
"803",268,"C",2,0.15,0.28,"285.518","around half","1","No","41+","Yes"
"804",268,"C",3,0.15,0.66,"660.804","around half","2","Yes","41+","No"
"805",269,"C",1,0,0.22,"236.198","a lot less than half","1","Yes","41+","No"
"806",269,"C",2,0.15,0.54,"377.005","around half","1","Yes","0 - 10","Yes"
"807",269,"C",3,0.15,0.74,"184.768","a lot less than half","3","Yes","41+","Yes"
"808",270,"C",1,0,0.22,"300.026","a lot less than half","3","Yes","41+","Yes"
"809",270,"C",2,0.15,0.68,"502.551","around half","3","Yes","41+","No"
"810",270,"C",3,0.15,0.22,"359.381","a lot more than half","2","Maybe","21 - 30","Yes"
"811",271,"C",1,0,0.92,"82.872","around half","1","Yes","21 - 30","Yes"
"812",271,"C",2,0.15,0.84,"359.381","a lot more than half","1","Maybe","0 - 10","No"
"813",271,"C",3,0.15,0.18,"179.386","a lot more than half","2","Maybe","20-Nov","No"
"814",272,"C",1,0,0.2,"490.774","around half","2","Yes","41+","Yes"
"815",272,"C",2,0.15,0.06,"82.872","around half","4","Yes","41+","No"
"816",272,"C",3,0.15,0.74,"328.745","around half","2","No","41+","Yes"
"817",273,"C",1,0,0.86,"231.742","around half","2","Yes","20-Nov","No"
"818",273,"C",2,0.15,0.74,"377.005","around half","1","Yes","41+","Yes"
"819",273,"C",3,0.15,0.8,"127.92","a lot less than half","1","Yes","41+","Yes"
"820",274,"C",1,0,0.88,"169.74","around half","2","Yes","20-Nov","Yes"
"821",274,"C",2,0.15,0.22,"490.774","a lot more than half","1","Yes","41+","Yes"
"822",274,"C",3,0.15,0.82,"655.472","a lot less than half","2","Yes","41+","No"
"823",275,"C",1,0,0.62,"129.248","around half","1","Yes","41+","Yes"
"824",275,"C",2,0.15,0.2,"235.866","around half","2","Yes","20-Nov","Yes"
"825",275,"C",3,0.15,0.84,"275.447","a lot less than half","3","Yes","20-Nov","Yes"
"826",276,"C",1,0,0.58,"687.429","a lot less than half","2","No","41+","No"
"827",276,"C",2,0.15,0.62,"165.817","around half","2","Yes","21 - 30","Yes"
"828",276,"C",3,0.15,0.82,"234.958","around half","2","Yes","21 - 30","Yes"
"829",277,"C",1,0,0.94,"366.428","around half","3","Yes","21 - 30","No"
"830",277,"C",2,0.15,0.84,"317.343","around half","2","Yes","20-Nov","No"
"831",277,"C",3,0.15,0.88,"169.74","a lot less than half","3","Yes","31 - 40","Yes"
"832",278,"C",1,0,0.88,"179.386","around half","1","Yes","20-Nov","Yes"
"833",278,"C",2,0.15,0.9,"520.761","a lot more than half","2","Yes","0 - 10","No"
"834",278,"C",3,0.15,0.92,"475.725","a lot less than half","2","No","41+","Yes"
"835",279,"C",1,0,0.82,"660.804","around half","2","Yes","20-Nov","No"
"836",279,"C",2,0.15,0.76,"165.817","a lot less than half","1","Yes","41+","No"
"837",279,"C",3,0.15,0.62,"185.069","a lot less than half","1","Yes","41+","Yes"
"838",280,"C",1,0,0.84,"377.005","a lot less than half","3","Yes","41+","Yes"
"839",280,"C",2,0.15,0.86,"475.725","a lot less than half","2","Yes","41+","Yes"
"840",280,"C",3,0.15,0.76,"135.653","a lot less than half","2","Yes","41+","Yes"
"841",281,"C",1,0,0.54,"231.742","a lot more than half","3","Yes","31 - 40","Yes"
"842",281,"C",2,0.15,0.82,"169.74","a lot more than half","2","Yes","31 - 40","Yes"
"843",281,"C",3,0.15,0.9,"169.74","a lot less than half","2","Maybe","0 - 10","Yes"
"844",282,"C",1,0,0.54,"655.472","a lot less than half","1","Maybe","21 - 30","Yes"
"845",282,"C",2,0.15,0.96,"328.745","around half","2","Maybe","20-Nov","No"
"846",282,"C",3,0.15,0.88,"275.447","around half","1","Yes","41+","Yes"
"847",283,"C",1,0,0.22,"520.761","a lot more than half","1","No","0 - 10","Yes"
"848",283,"C",2,0.15,0.94,"197.089","a lot less than half","1","Yes","41+","No"
"849",283,"C",3,0.15,0.84,"502.551","around half","2","No","41+","No"
"850",284,"C",1,0,0.76,"170.951","a lot more than half","2","Yes","41+","Yes"
"851",284,"C",2,0.15,0.2,"495.976","around half","1","Yes","20-Nov","No"
"852",284,"C",3,0.15,0.06,"129.248","a lot more than half","3","Yes","41+","Yes"
"853",285,"C",1,0,0.88,"298.292","a lot less than half","2","Yes","21 - 30","No"
"854",285,"C",2,0.15,0.54,"260.458","a lot more than half","2","Yes","20-Nov","No"
"855",285,"C",3,0.15,0.78,"285.518","a lot more than half","1","Yes","41+","No"
"856",286,"C",1,0,0.54,"291.562","a lot less than half","2","No","20-Nov","No"
"857",286,"C",2,0.15,0.06,"366.428","a lot more than half","2","Yes","21 - 30","No"
"858",286,"C",3,0.15,0.62,"235.866","around half","1","Yes","20-Nov","Yes"
"859",287,"C",1,0,0.88,"129.248","around half","2","Yes","21 - 30","No"
"860",287,"C",2,0.15,0.82,"129.248","a lot less than half","3","Yes","41+","Yes"
"861",287,"C",3,0.15,0.06,"165.543","around half","2","Yes","41+","Yes"
"862",288,"C",1,0,0.74,"235.866","a lot more than half","2","Yes","0 - 10","Yes"
"863",288,"C",2,0.15,0.68,"300.026","a lot more than half","2","Yes","31 - 40","Yes"
"864",288,"C",3,0.15,0.74,"298.292","a lot more than half","3","Yes","41+","Yes"
"865",289,"C",1,0,0.52,"82.872","a lot more than half","2","Yes","20-Nov","No"
"866",289,"C",2,0.15,0.14,"366.428","a lot more than half","4","Yes","41+","No"
"867",289,"C",3,0.15,0.58,"165.817","around half","1","Yes","41+","No"
"868",290,"C",1,0,0.9,"359.381","a lot less than half","4","Yes","20-Nov","Yes"
"869",290,"C",2,0.15,0.82,"317.343","a lot more than half","3","Yes","41+","Yes"
"870",290,"C",3,0.15,0.68,"169.74","around half","2","Maybe","41+","Yes"
"871",291,"C",1,0,0.76,"298.292","a lot less than half","4","Yes","20-Nov","Yes"
"872",291,"C",2,0.15,0.74,"260.458","a lot more than half","1","Yes","20-Nov","No"
"873",291,"C",3,0.15,0.68,"317.343","around half","3","Yes","21 - 30","Yes"
"874",292,"C",1,0,0.22,"200.416","around half","1","Yes","41+","No"
"875",292,"C",2,0.15,0.58,"377.005","around half","3","No","31 - 40","Yes"
"876",292,"C",3,0.15,0.74,"502.551","around half","2","Yes","20-Nov","Yes"
"877",293,"C",1,0,0.66,"184.768","around half","2","No","20-Nov","Yes"
"878",293,"C",2,0.15,0.92,"432.012","a lot more than half","2","Yes","41+","Yes"
"879",293,"C",3,0.15,0.22,"687.429","a lot more than half","1","Yes","41+","No"
"880",294,"C",1,0,0.78,"234.958","around half","2","Yes","41+","Yes"
"881",294,"C",2,0.15,0.2,"475.725","a lot more than half","2","Yes","20-Nov","No"
"882",294,"C",3,0.15,0.62,"184.768","around half","2","Yes","21 - 30","No"
"883",295,"C",1,0,0.88,"231.742","around half","2","Yes","21 - 30","Yes"
"884",295,"C",2,0.15,0.06,"432.012","a lot more than half","3","Yes","41+","Yes"
"885",295,"C",3,0.15,0.06,"244.557","around half","1","Yes","21 - 30","Yes"
"886",296,"C",1,0,0.42,"328.745","a lot less than half","2","Yes","20-Nov","Yes"
"887",296,"C",2,0.15,0.82,"173.952","a lot more than half","2","Yes","20-Nov","No"
"888",296,"C",3,0.15,0.52,"135.653","a lot less than half","2","Yes","41+","No"
"889",297,"C",1,0,0.88,"173.952","a lot more than half","2","Yes","0 - 10","No"
"890",297,"C",2,0.15,0.58,"200.416","a lot more than half","1","Yes","20-Nov","Yes"
"891",297,"C",3,0.15,0.76,"490.774","around half","2","No","20-Nov","No"
"892",298,"C",1,0,0.88,"197.089","a lot more than half","1","Yes","20-Nov","No"
"893",298,"C",2,0.15,0.84,"190.102","a lot more than half","2","Yes","20-Nov","No"
"894",298,"C",3,0.15,0.92,"234.958","around half","2","Yes","20-Nov","No"
"895",299,"C",1,0,0.24,"231.742","a lot less than half","2","Yes","20-Nov","Yes"
"896",299,"C",2,0.15,0.18,"635.502","a lot more than half","2","Yes","20-Nov","Yes"
"897",299,"C",3,0.15,0.62,"185.069","a lot less than half","3","Yes","41+","Yes"
"898",300,"C",1,0,0.18,"200.416","a lot more than half","2","Yes","20-Nov","No"
"899",300,"C",2,0.15,0.68,"285.518","around half","2","Yes","20-Nov","No"
"900",300,"C",3,0.15,0.94,"372.498","around half","2","Yes","41+","Yes"
"901",301,"D",1,0.15,0.8,"200.416","a lot less than half","1","Yes","20-Nov","Yes"
"902",301,"D",2,0.15,0.82,"372.498","a lot more than half","2","Yes","41+","Yes"
"903",301,"D",3,0.15,0.2,"231.742","a lot less than half","2","No","20-Nov","Yes"
"904",302,"D",1,0.15,0.62,"660.804","a lot more than half","1","Yes","41+","Yes"
"905",302,"D",2,0.15,0.1,"244.557","a lot less than half","2","Yes","31 - 40","Yes"
"906",302,"D",3,0.15,0.92,"310.139","around half","2","Yes","41+","No"
"907",303,"D",1,0.15,0.1,"317.343","around half","1","Yes","20-Nov","Yes"
"908",303,"D",2,0.15,0.18,"432.012","a lot more than half","2","Yes","0 - 10","Yes"
"909",303,"D",3,0.15,0.94,"127.92","around half","3","Yes","41+","No"
"910",304,"D",1,0.15,0.1,"366.428","around half","1","Yes","31 - 40","No"
"911",304,"D",2,0.15,0.24,"396.004","around half","3","Yes","41+","Yes"
"912",304,"D",3,0.15,0.9,"495.976","a lot less than half","1","No","20-Nov","Yes"
"913",305,"D",1,0.15,0.82,"379.904","a lot more than half","2","Yes","41+","No"
"914",305,"D",2,0.15,0.92,"291.562","a lot more than half","1","Yes","21 - 30","Yes"
"915",305,"D",3,0.15,0.76,"234.958","around half","2","Yes","20-Nov","Yes"
"916",306,"D",1,0.15,0.82,"165.543","a lot more than half","2","Yes","20-Nov","Yes"
"917",306,"D",2,0.15,0.96,"165.543","around half","1","Yes","41+","No"
"918",306,"D",3,0.15,0.62,"260.458","a lot less than half","1","No","20-Nov","Yes"
"919",307,"D",1,0.15,0.88,"475.725","a lot less than half","2","Yes","20-Nov","No"
"920",307,"D",2,0.15,0.62,"520.761","around half","3","No","41+","No"
"921",307,"D",3,0.15,0.46,"520.761","around half","2","Yes","41+","Yes"
"922",308,"D",1,0.15,0.86,"234.958","a lot more than half","1","Yes","20-Nov","Yes"
"923",308,"D",2,0.15,0.86,"260.458","a lot more than half","3","Yes","41+","Yes"
"924",308,"D",3,0.15,0.22,"288.281","a lot less than half","2","Yes","41+","No"
"925",309,"D",1,0.15,0.14,"165.817","a lot more than half","3","Yes","0 - 10","Yes"
"926",309,"D",2,0.15,0.16,"490.774","a lot less than half","3","Yes","20-Nov","No"
"927",309,"D",3,0.15,0.82,"490.774","around half","3","Yes","41+","Yes"
"928",310,"D",1,0.15,0.18,"185.069","around half","2","Yes","41+","No"
"929",310,"D",2,0.15,0.58,"490.774","a lot more than half","2","Yes","41+","No"
"930",310,"D",3,0.15,0.42,"296.629","around half","2","No","20-Nov","No"
"931",311,"D",1,0.15,0.18,"547.741","a lot more than half","2","Yes","0 - 10","Yes"
"932",311,"D",2,0.15,0.8,"260.458","around half","2","Yes","41+","Yes"
"933",311,"D",3,0.15,0.62,"377.005","around half","2","Yes","21 - 30","No"
"934",312,"D",1,0.15,0.24,"244.557","around half","3","Yes","41+","Yes"
"935",312,"D",2,0.15,0.22,"490.774","around half","3","Yes","20-Nov","No"
"936",312,"D",3,0.15,0.84,"328.745","a lot more than half","2","Yes","20-Nov","Yes"
"937",313,"D",1,0.15,0.6,"170.951","around half","2","Yes","41+","No"
"938",313,"D",2,0.15,0.42,"490.774","around half","2","Yes","21 - 30","Yes"
"939",313,"D",3,0.15,0.68,"372.498","around half","2","Yes","41+","No"
"940",314,"D",1,0.15,0.32,"328.745","a lot more than half","2","Yes","20-Nov","No"
"941",314,"D",2,0.15,0.76,"82.872","a lot more than half","2","Yes","41+","No"
"942",314,"D",3,0.15,0.74,"288.281","a lot less than half","3","Yes","20-Nov","Yes"
"943",315,"D",1,0.15,0.24,"687.429","a lot more than half","2","Yes","41+","No"
"944",315,"D",2,0.15,0.96,"359.381","a lot more than half","2","Yes","20-Nov","No"
"945",315,"D",3,0.15,0.1,"170.951","a lot more than half","2","Yes","41+","Yes"
"946",316,"D",1,0.15,0.86,"660.804","around half","2","Yes","21 - 30","Yes"
"947",316,"D",2,0.15,0.74,"372.498","a lot more than half","2","Yes","41+","Yes"
"948",316,"D",3,0.15,0.72,"197.089","around half","1","Yes","31 - 40","No"
"949",317,"D",1,0.15,0.84,"260.458","a lot more than half","2","Yes","41+","Yes"
"950",317,"D",2,0.15,0.92,"236.198","a lot more than half","4","Yes","31 - 40","Yes"
"951",317,"D",3,0.15,0.1,"235.866","around half","2","Yes","41+","No"
"952",318,"D",1,0.15,0.1,"328.745","a lot more than half","2","Yes","41+","No"
"953",318,"D",2,0.15,0.66,"173.952","a lot less than half","2","Maybe","0 - 10","No"
"954",318,"D",3,0.15,0.76,"82.872","a lot more than half","1","Yes","41+","Yes"
"955",319,"D",1,0.15,0.72,"259.663","a lot more than half","4","Maybe","20-Nov","Yes"
"956",319,"D",2,0.15,0.9,"244.557","around half","2","Yes","20-Nov","No"
"957",319,"D",3,0.15,0.66,"328.745","a lot more than half","2","Yes","41+","No"
"958",320,"D",1,0.15,0.18,"300.026","a lot more than half","3","Yes","0 - 10","Yes"
"959",320,"D",2,0.15,0.74,"165.543","around half","2","Yes","20-Nov","Yes"
"960",320,"D",3,0.15,0.88,"502.551","around half","2","Yes","41+","No"
"961",321,"D",1,0.15,0.16,"165.543","a lot more than half","2","Yes","41+","No"
"962",321,"D",2,0.15,0.62,"165.543","around half","2","Yes","21 - 30","Yes"
"963",321,"D",3,0.15,0.74,"234.958","a lot less than half","2","Yes","0 - 10","Yes"
"964",322,"D",1,0.15,0.22,"495.976","around half","3","Yes","20-Nov","Yes"
"965",322,"D",2,0.15,0.16,"687.429","a lot more than half","1","Yes","21 - 30","No"
"966",322,"D",3,0.15,0.66,"260.458","a lot more than half","4","Yes","41+","Yes"
"967",323,"D",1,0.15,0.74,"236.198","a lot more than half","1","No","21 - 30","Yes"
"968",323,"D",2,0.15,0.28,"111.807","a lot more than half","2","Yes","21 - 30","Yes"
"969",323,"D",3,0.15,0.2,"135.653","a lot less than half","2","Yes","41+","No"
"970",324,"D",1,0.15,0.68,"294.008","a lot more than half","1","Yes","21 - 30","Yes"
"971",324,"D",2,0.15,0.54,"291.562","a lot more than half","1","Yes","21 - 30","Yes"
"972",324,"D",3,0.15,0.42,"687.429","a lot more than half","2","Yes","31 - 40","Yes"
"973",325,"D",1,0.15,0.64,"235.866","a lot more than half","4","Maybe","20-Nov","No"
"974",325,"D",2,0.15,0.74,"285.518","around half","3","Yes","41+","Yes"
"975",325,"D",3,0.15,0.86,"291.562","a lot less than half","2","Yes","41+","No"
"976",326,"D",1,0.15,0.22,"234.958","around half","2","Yes","0 - 10","No"
"977",326,"D",2,0.15,0.88,"236.198","around half","1","Yes","41+","Yes"
"978",326,"D",3,0.15,0.86,"285.518","a lot more than half","2","Yes","41+","No"
"979",327,"D",1,0.15,0.06,"184.768","a lot more than half","4","Yes","20-Nov","Yes"
"980",327,"D",2,0.15,0.12,"520.761","a lot more than half","2","Yes","41+","Yes"
"981",327,"D",3,0.15,0.54,"310.139","a lot more than half","3","Yes","31 - 40","Yes"
"982",328,"D",1,0.15,0.98,"244.557","a lot more than half","2","Yes","41+","Yes"
"983",328,"D",2,0.15,0.68,"197.089","a lot more than half","2","Yes","21 - 30","Yes"
"984",328,"D",3,0.15,0.74,"317.343","around half","2","Yes","41+","No"
"985",329,"D",1,0.15,0.74,"285.518","a lot less than half","2","Yes","41+","Yes"
"986",329,"D",2,0.15,0.96,"235.866","a lot more than half","4","Maybe","21 - 30","Yes"
"987",329,"D",3,0.15,0.76,"234.958","a lot less than half","3","Yes","0 - 10","No"
"988",330,"D",1,0.15,0.66,"379.904","around half","2","Yes","41+","Yes"
"989",330,"D",2,0.15,0.42,"396.004","a lot more than half","1","Yes","21 - 30","Yes"
"990",330,"D",3,0.15,0.88,"372.498","a lot more than half","3","Yes","41+","No"
"991",331,"D",1,0.15,0.82,"502.551","a lot less than half","2","Yes","41+","No"
"992",331,"D",2,0.15,0.12,"547.741","around half","1","Yes","21 - 30","No"
"993",331,"D",3,0.15,0.24,"200.416","a lot less than half","1","Maybe","41+","Yes"
"994",332,"D",1,0.15,0.6,"294.008","around half","1","Yes","41+","Yes"
"995",332,"D",2,0.15,0.82,"190.102","a lot less than half","2","Yes","21 - 30","Yes"
"996",332,"D",3,0.15,0.1,"275.447","around half","2","Yes","20-Nov","No"
"997",333,"D",1,0.15,0.86,"234.958","a lot more than half","3","Maybe","41+","Yes"
"998",333,"D",2,0.15,0.22,"502.551","a lot less than half","2","No","41+","No"
"999",333,"D",3,0.15,0.78,"173.952","a lot more than half","2","Yes","20-Nov","Yes"
"1000",334,"D",1,0.15,0.76,"165.543","around half","3","Yes","41+","Yes"
"1001",334,"D",2,0.15,0.5,"348.886","a lot less than half","2","Yes","20-Nov","No"
"1002",334,"D",3,0.15,0.88,"396.004","around half","1","Yes","0 - 10","Yes"
"1003",335,"D",1,0.15,0.32,"135.653","a lot more than half","2","Yes","21 - 30","No"
"1004",335,"D",2,0.15,0.88,"377.005","around half","1","Yes","41+","No"
"1005",335,"D",3,0.15,1,"179.386","a lot more than half","2","Yes","21 - 30","Yes"
"1006",336,"D",1,0.15,0.98,"495.976","a lot more than half","2","Yes","21 - 30","No"
"1007",336,"D",2,0.15,0.82,"179.386","a lot less than half","3","Yes","41+","Yes"
"1008",336,"D",3,0.15,0.94,"495.976","a lot more than half","1","Yes","41+","Yes"
"1009",337,"D",1,0.15,0.86,"687.429","around half","1","No","41+","Yes"
"1010",337,"D",2,0.15,0.72,"366.428","around half","4","Yes","0 - 10","Yes"
"1011",337,"D",3,0.15,0.14,"197.089","a lot more than half","2","Yes","20-Nov","Yes"
"1012",338,"D",1,0.15,0.42,"127.92","around half","2","Yes","41+","Yes"
"1013",338,"D",2,0.15,0.76,"490.774","a lot less than half","2","Yes","41+","No"
"1014",338,"D",3,0.15,0.62,"377.005","around half","4","Yes","41+","Yes"
"1015",339,"D",1,0.15,0.82,"502.551","around half","2","Yes","21 - 30","Yes"
"1016",339,"D",2,0.15,0.74,"169.74","around half","2","No","41+","Yes"
"1017",339,"D",3,0.15,0.66,"200.416","a lot more than half","1","Yes","0 - 10","Yes"
"1018",340,"D",1,0.15,0.94,"495.976","around half","2","No","41+","Yes"
"1019",340,"D",2,0.15,0.62,"169.74","a lot less than half","2","Yes","21 - 30","No"
"1020",340,"D",3,0.15,0.9,"111.807","a lot less than half","2","Yes","41+","No"
"1021",341,"D",1,0.15,0.92,"179.386","a lot more than half","1","Yes","20-Nov","Yes"
"1022",341,"D",2,0.15,0.86,"298.292","a lot more than half","4","Yes","41+","No"
"1023",341,"D",3,0.15,0.92,"655.472","a lot less than half","2","Yes","21 - 30","Yes"
"1024",342,"D",1,0.15,0.24,"294.008","around half","4","Yes","20-Nov","Yes"
"1025",342,"D",2,0.15,0.78,"635.502","a lot less than half","2","Yes","0 - 10","No"
"1026",342,"D",3,0.15,0.74,"170.951","around half","3","Yes","41+","Yes"
"1027",343,"D",1,0.15,0.14,"259.663","a lot more than half","3","Yes","41+","Yes"
"1028",343,"D",2,0.15,0.74,"660.804","a lot less than half","1","No","41+","Yes"
"1029",343,"D",3,0.15,0.24,"135.653","a lot less than half","3","Yes","41+","Yes"
"1030",344,"D",1,0.15,0.92,"288.281","around half","2","No","41+","Yes"
"1031",344,"D",2,0.15,0.22,"366.428","around half","2","Yes","41+","No"
"1032",344,"D",3,0.15,0.72,"372.498","around half","1","Yes","41+","No"
"1033",345,"D",1,0.15,0.76,"655.472","around half","1","Yes","41+","Yes"
"1034",345,"D",2,0.15,0.06,"173.952","a lot more than half","2","Yes","41+","No"
"1035",345,"D",3,0.15,0.94,"290.424","a lot more than half","2","Yes","20-Nov","Yes"
"1036",346,"D",1,0.15,0.84,"490.774","a lot more than half","2","Yes","41+","Yes"
"1037",346,"D",2,0.15,0.88,"170.951","a lot more than half","1","Yes","0 - 10","No"
"1038",346,"D",3,0.15,0.62,"197.089","a lot more than half","1","Yes","20-Nov","Yes"
"1039",347,"D",1,0.15,0.86,"432.012","a lot more than half","3","Yes","21 - 30","No"
"1040",347,"D",2,0.15,0.84,"290.424","a lot more than half","2","Yes","41+","Yes"
"1041",347,"D",3,0.15,0.2,"671.894","a lot more than half","2","Yes","0 - 10","Yes"
"1042",348,"D",1,0.15,0.1,"671.894","a lot less than half","2","Yes","20-Nov","Yes"
"1043",348,"D",2,0.15,0.14,"244.557","a lot more than half","1","Maybe","20-Nov","No"
"1044",348,"D",3,0.15,0.94,"82.872","around half","2","Yes","41+","No"
"1045",349,"D",1,0.15,0.42,"475.725","a lot more than half","1","Yes","0 - 10","No"
"1046",349,"D",2,0.15,0.42,"184.768","a lot less than half","1","No","41+","No"
"1047",349,"D",3,0.15,0.2,"547.741","around half","2","No","31 - 40","Yes"
"1048",350,"D",1,0.15,0.72,"300.026","a lot more than half","1","Yes","20-Nov","Yes"
"1049",350,"D",2,0.15,0.88,"190.102","a lot less than half","3","No","41+","Yes"
"1050",350,"D",3,0.15,0.76,"475.725","a lot more than half","1","Yes","41+","No"
"1051",351,"D",1,0.15,0.44,"495.976","a lot less than half","3","Yes","20-Nov","Yes"
"1052",351,"D",2,0.15,0.82,"291.562","a lot more than half","1","Yes","20-Nov","No"
"1053",351,"D",3,0.15,0.74,"502.551","a lot more than half","1","Yes","21 - 30","Yes"
"1054",352,"D",1,0.15,0.74,"379.904","a lot more than half","2","No","21 - 30","Yes"
"1055",352,"D",2,0.15,0.92,"660.804","a lot more than half","1","Yes","41+","No"
"1056",352,"D",3,0.15,0.62,"185.069","around half","2","Yes","21 - 30","Yes"
"1057",353,"D",1,0.15,0.54,"190.102","a lot less than half","2","Yes","21 - 30","Yes"
"1058",353,"D",2,0.15,0.16,"635.502","a lot more than half","3","Yes","20-Nov","No"
"1059",353,"D",3,0.15,0.16,"490.774","around half","4","Yes","41+","No"
"1060",354,"D",1,0.15,0.92,"288.281","a lot more than half","1","No","20-Nov","Yes"
"1061",354,"D",2,0.15,0.96,"244.557","a lot more than half","2","Maybe","20-Nov","Yes"
"1062",354,"D",3,0.15,0.94,"236.198","a lot more than half","2","Yes","21 - 30","No"
"1063",355,"D",1,0.15,0.92,"547.741","a lot more than half","2","Yes","41+","Yes"
"1064",355,"D",2,0.15,0.94,"490.774","a lot less than half","1","Yes","21 - 30","Yes"
"1065",355,"D",3,0.15,0.88,"298.292","around half","1","Yes","0 - 10","Yes"
"1066",356,"D",1,0.15,0.36,"377.005","around half","3","Yes","21 - 30","No"
"1067",356,"D",2,0.15,0.9,"185.069","around half","2","No","41+","Yes"
"1068",356,"D",3,0.15,0.74,"300.026","a lot less than half","3","Yes","41+","No"
"1069",357,"D",1,0.15,0.16,"184.768","a lot more than half","2","No","20-Nov","Yes"
"1070",357,"D",2,0.15,0.92,"396.004","around half","2","No","20-Nov","No"
"1071",357,"D",3,0.15,0.22,"127.92","a lot less than half","2","Yes","0 - 10","Yes"
"1072",358,"D",1,0.15,0.92,"127.92","around half","4","Yes","41+","No"
"1073",358,"D",2,0.15,0.22,"173.952","around half","1","Yes","41+","No"
"1074",358,"D",3,0.15,0.76,"660.804","around half","1","Yes","31 - 40","No"
"1075",359,"D",1,0.15,0.54,"111.807","a lot more than half","2","Yes","41+","No"
"1076",359,"D",2,0.15,0.92,"275.447","around half","2","Yes","0 - 10","Yes"
"1077",359,"D",3,0.15,0.9,"310.139","a lot more than half","2","Yes","41+","Yes"
"1078",360,"D",1,0.15,0.68,"190.102","a lot more than half","2","Yes","41+","No"
"1079",360,"D",2,0.15,0.06,"291.562","a lot more than half","2","Yes","21 - 30","No"
"1080",360,"D",3,0.15,0.86,"135.653","around half","3","Yes","20-Nov","Yes"
"1081",361,"D",1,0.15,0.84,"372.498","around half","1","Yes","0 - 10","No"
"1082",361,"D",2,0.15,0.84,"317.343","around half","2","Yes","20-Nov","Yes"
"1083",361,"D",3,0.15,0.74,"259.663","around half","3","Yes","21 - 30","Yes"
"1084",362,"D",1,0.15,0.14,"298.292","a lot more than half","2","Maybe","20-Nov","No"
"1085",362,"D",2,0.15,0.22,"296.629","a lot more than half","2","Yes","41+","Yes"
"1086",362,"D",3,0.15,0.2,"495.976","a lot more than half","1","Maybe","20-Nov","Yes"
"1087",363,"D",1,0.15,0.82,"235.866","a lot more than half","1","Maybe","20-Nov","Yes"
"1088",363,"D",2,0.15,0.82,"285.518","around half","2","Yes","20-Nov","Yes"
"1089",363,"D",3,0.15,0.86,"372.498","around half","2","Yes","20-Nov","Yes"
"1090",364,"D",1,0.15,0.46,"234.958","a lot less than half","1","Yes","21 - 30","No"
"1091",364,"D",2,0.15,1,"173.952","a lot less than half","2","Yes","0 - 10","Yes"
"1092",364,"D",3,0.15,0.84,"671.894","a lot less than half","1","Maybe","20-Nov","Yes"
"1093",365,"D",1,0.15,0.36,"82.872","around half","2","No","20-Nov","No"
"1094",365,"D",2,0.15,0.68,"235.866","a lot less than half","2","Yes","41+","No"
"1095",365,"D",3,0.15,0.22,"285.518","around half","2","Yes","41+","Yes"
"1096",366,"D",1,0.15,0.66,"655.472","a lot less than half","2","Yes","41+","Yes"
"1097",366,"D",2,0.15,0.9,"259.663","around half","1","Maybe","41+","Yes"
"1098",366,"D",3,0.15,0.74,"111.807","a lot less than half","3","Yes","41+","No"
"1099",367,"D",1,0.15,0.74,"165.543","around half","2","Yes","41+","Yes"
"1100",367,"D",2,0.15,0.74,"236.198","around half","3","Yes","41+","Yes"
"1101",367,"D",3,0.15,0.22,"179.386","a lot less than half","2","Yes","41+","No"
"1102",368,"D",1,0.15,0.76,"655.472","a lot less than half","2","No","41+","Yes"
"1103",368,"D",2,0.15,0.16,"236.198","around half","2","Yes","41+","Yes"
"1104",368,"D",3,0.15,0.36,"366.428","a lot less than half","1","Yes","41+","No"
"1105",369,"D",1,0.15,0.92,"635.502","a lot more than half","2","Yes","20-Nov","Yes"
"1106",369,"D",2,0.15,0.92,"170.951","around half","1","Yes","21 - 30","No"
"1107",369,"D",3,0.15,0.86,"671.894","around half","2","Yes","41+","Yes"
"1108",370,"D",1,0.15,0.18,"200.416","around half","3","No","20-Nov","Yes"
"1109",370,"D",2,0.15,0.54,"296.629","a lot less than half","3","Yes","41+","No"
"1110",370,"D",3,0.15,0.8,"296.629","around half","1","Yes","31 - 40","No"
"1111",371,"D",1,0.15,0.9,"135.653","a lot more than half","1","Maybe","41+","No"
"1112",371,"D",2,0.15,0.58,"173.952","around half","3","Yes","41+","No"
"1113",371,"D",3,0.15,0.54,"291.562","around half","2","Yes","21 - 30","Yes"
"1114",372,"D",1,0.15,0.76,"328.745","a lot more than half","1","Yes","41+","No"
"1115",372,"D",2,0.15,0.84,"291.562","a lot more than half","3","Yes","21 - 30","No"
"1116",372,"D",3,0.15,0.9,"432.012","around half","1","Yes","41+","Yes"
"1117",373,"D",1,0.15,0.62,"127.92","around half","1","Yes","20-Nov","Yes"
"1118",373,"D",2,0.15,0.9,"169.74","around half","2","Yes","0 - 10","Yes"
"1119",373,"D",3,0.15,0.54,"310.139","around half","2","Yes","41+","Yes"
"1120",374,"D",1,0.15,0.22,"298.292","around half","2","Yes","41+","Yes"
"1121",374,"D",2,0.15,0.9,"82.872","a lot more than half","2","Yes","20-Nov","No"
"1122",374,"D",3,0.15,0.9,"520.761","around half","1","Yes","21 - 30","Yes"
"1123",375,"D",1,0.15,0.68,"671.894","around half","2","Yes","41+","Yes"
"1124",375,"D",2,0.15,0.88,"328.745","a lot less than half","4","Yes","31 - 40","Yes"
"1125",375,"D",3,0.15,0.9,"660.804","a lot more than half","2","Yes","41+","No"
"1126",376,"D",1,0.15,0.86,"285.518","a lot more than half","3","Yes","41+","No"
"1127",376,"D",2,0.15,0.54,"348.886","around half","3","Yes","41+","Yes"
"1128",376,"D",3,0.15,0.68,"377.005","around half","4","Yes","0 - 10","Yes"
"1129",377,"D",1,0.15,0.92,"169.74","a lot less than half","3","Yes","20-Nov","Yes"
"1130",377,"D",2,0.15,0.52,"179.386","a lot less than half","1","Yes","41+","Yes"
"1131",377,"D",3,0.15,0.72,"190.102","around half","3","Yes","21 - 30","No"
"1132",378,"D",1,0.15,0.66,"179.386","a lot more than half","3","No","41+","No"
"1133",378,"D",2,0.15,0.96,"490.774","around half","2","No","20-Nov","No"
"1134",378,"D",3,0.15,0.54,"655.472","around half","2","Yes","41+","Yes"
"1135",379,"D",1,0.15,0.76,"197.089","a lot more than half","1","Yes","41+","No"
"1136",379,"D",2,0.15,0.24,"359.381","a lot less than half","2","Yes","21 - 30","No"
"1137",379,"D",3,0.15,0.66,"235.866","a lot less than half","2","Yes","20-Nov","No"
"1138",380,"D",1,0.15,0.68,"231.742","around half","1","Yes","41+","Yes"
"1139",380,"D",2,0.15,0.66,"165.817","around half","1","Yes","41+","No"
"1140",380,"D",3,0.15,0.76,"348.886","around half","2","Maybe","20-Nov","No"
"1141",381,"D",1,0.15,0.16,"190.102","a lot more than half","1","Yes","20-Nov","No"
"1142",381,"D",2,0.15,0.22,"234.958","a lot less than half","2","Yes","20-Nov","No"
"1143",381,"D",3,0.15,0.92,"660.804","around half","1","Yes","21 - 30","No"
"1144",382,"D",1,0.15,0.66,"348.886","around half","2","Yes","41+","Yes"
"1145",382,"D",2,0.15,0.84,"260.458","around half","1","Yes","20-Nov","No"
"1146",382,"D",3,0.15,0.52,"294.008","a lot more than half","1","Yes","41+","Yes"
"1147",383,"D",1,0.15,0.22,"234.958","a lot less than half","1","Yes","20-Nov","Yes"
"1148",383,"D",2,0.15,0.76,"655.472","a lot less than half","2","Yes","21 - 30","Yes"
"1149",383,"D",3,0.15,0.66,"296.629","a lot less than half","4","Yes","41+","No"
"1150",384,"D",1,0.15,0.76,"179.386","a lot less than half","2","Yes","41+","Yes"
"1151",384,"D",2,0.15,0.72,"379.904","a lot more than half","4","Yes","31 - 40","Yes"
"1152",384,"D",3,0.15,0.86,"197.089","around half","2","Yes","41+","Yes"
"1153",385,"D",1,0.15,0.22,"290.424","a lot less than half","1","Yes","0 - 10","Yes"
"1154",385,"D",2,0.15,0.96,"687.429","a lot less than half","1","Yes","41+","Yes"
"1155",385,"D",3,0.15,0.1,"310.139","a lot less than half","1","Yes","41+","Yes"
"1156",386,"D",1,0.15,0.86,"127.92","around half","2","Yes","20-Nov","Yes"
"1157",386,"D",2,0.15,0.5,"244.557","around half","2","Yes","41+","No"
"1158",386,"D",3,0.15,0.12,"687.429","a lot more than half","2","Yes","21 - 30","Yes"
"1159",387,"D",1,0.15,0.8,"197.089","a lot less than half","3","Yes","0 - 10","No"
"1160",387,"D",2,0.15,0.86,"687.429","a lot more than half","2","Maybe","41+","No"
"1161",387,"D",3,0.15,0.28,"244.557","around half","2","Yes","41+","Yes"
"1162",388,"D",1,0.15,0.62,"129.248","a lot more than half","3","No","41+","No"
"1163",388,"D",2,0.15,0.1,"317.343","a lot more than half","1","Yes","41+","No"
"1164",388,"D",3,0.15,0.74,"197.089","a lot less than half","3","Yes","41+","No"
"1165",389,"D",1,0.15,0.68,"660.804","a lot less than half","1","Yes","41+","No"
"1166",389,"D",2,0.15,0.22,"82.872","around half","1","Yes","21 - 30","Yes"
"1167",389,"D",3,0.15,0.54,"495.976","around half","1","Yes","20-Nov","Yes"
"1168",390,"D",1,0.15,0.88,"127.92","a lot less than half","1","Yes","41+","No"
"1169",390,"D",2,0.15,0.88,"129.248","around half","2","Yes","41+","No"
"1170",390,"D",3,0.15,0.84,"234.958","a lot more than half","2","Yes","21 - 30","No"
"1171",391,"D",1,0.15,0.88,"179.386","around half","1","Yes","41+","Yes"
"1172",391,"D",2,0.15,0.66,"547.741","around half","2","Maybe","20-Nov","Yes"
"1173",391,"D",3,0.15,0.74,"236.198","around half","1","Yes","20-Nov","Yes"
"1174",392,"D",1,0.15,0.74,"129.248","around half","2","Yes","0 - 10","Yes"
"1175",392,"D",2,0.15,0.76,"165.543","a lot less than half","2","Yes","0 - 10","Yes"
"1176",392,"D",3,0.15,0.62,"432.012","around half","1","Yes","41+","No"
"1177",393,"D",1,0.15,0.64,"197.089","around half","2","Yes","20-Nov","Yes"
"1178",393,"D",2,0.15,0.16,"170.951","around half","3","No","41+","Yes"
"1179",393,"D",3,0.15,0.62,"372.498","a lot more than half","2","Yes","41+","Yes"
"1180",394,"D",1,0.15,0.12,"547.741","a lot less than half","1","No","41+","Yes"
"1181",394,"D",2,0.15,0.14,"173.952","around half","2","Yes","41+","Yes"
"1182",394,"D",3,0.15,0.74,"234.958","a lot less than half","2","Yes","21 - 30","Yes"
"1183",395,"D",1,0.15,0.62,"359.381","a lot more than half","2","Yes","20-Nov","No"
"1184",395,"D",2,0.15,0.16,"520.761","around half","3","Yes","21 - 30","Yes"
"1185",395,"D",3,0.15,0.54,"490.774","a lot less than half","2","Yes","21 - 30","No"
"1186",396,"D",1,0.15,0.82,"432.012","a lot more than half","1","Yes","41+","Yes"
"1187",396,"D",2,0.15,0.1,"520.761","a lot more than half","1","Yes","41+","No"
"1188",396,"D",3,0.15,0.86,"547.741","around half","3","Yes","41+","Yes"
"1189",397,"D",1,0.15,0.82,"179.386","a lot less than half","3","Yes","41+","Yes"
"1190",397,"D",2,0.15,0.2,"235.866","around half","2","Maybe","41+","Yes"
"1191",397,"D",3,0.15,0.8,"275.447","a lot less than half","2","Yes","0 - 10","Yes"
"1192",398,"D",1,0.15,0.72,"129.248","a lot less than half","2","Yes","41+","Yes"
"1193",398,"D",2,0.15,0.5,"82.872","a lot more than half","1","Yes","41+","No"
"1194",398,"D",3,0.15,0.92,"366.428","around half","3","Yes","41+","No"
"1195",399,"D",1,0.15,0.84,"165.543","a lot more than half","1","Yes","41+","Yes"
"1196",399,"D",2,0.15,0.88,"179.386","around half","2","Yes","41+","Yes"
"1197",399,"D",3,0.15,0.62,"165.543","around half","1","Yes","21 - 30","Yes"
"1198",400,"D",1,0.15,0.74,"396.004","a lot more than half","2","Yes","41+","Yes"
"1199",400,"D",2,0.15,0.94,"432.012","a lot more than half","1","Yes","0 - 10","Yes"
"1200",400,"D",3,0.15,0.14,"169.74","around half","1","Yes","41+","No"
