StartDate,EndDate,Status,IPAddress,Progress,Duration (in seconds),Finished,RecordedDate,ResponseId,RecipientLastName,RecipientFirstName,RecipientEmail,ExternalReference,LocationLatitude,LocationLongitude,DistributionChannel,UserLanguage,worker_id,Timer0_First Click,Timer0_Last Click,Timer0_Page Submit,Timer0_Click Count,CQ1,CQ2_1,CQ2_2,CQ2_3,CQ2_4,CQ3,CQ4,CQ5,Timer1_First Click,Timer1_Last Click,Timer1_Page Submit,Timer1_Click Count,Timer_CCC_S1_First Click,Timer_CCC_S1_Last Click,Timer_CCC_S1_Page Submit,Timer_CCC_S1_Click Count,CCC_TQ1,CCC_TQ2,CCC_TQ3,CCC_TQ4,CCC_TQ5,CCC_TQ6,CCC_TQ7,CCC_TQ8,CCC_SQ1,CCC_TQ9,CCC_TQ10,CCC_TQ11,CCC_TQ12,CCC_TQ13,CCC_TQ14,CCC_TQ15,CCC_TQ16,Timer_CCC_S2_First Click,Timer_CCC_S2_Last Click,Timer_CCC_S2_Page Submit,Timer_CCC_S2_Click Count,CCC_TQ17,CCC_TQ18,CCC_TQ19,CCC_TQ20,CCC_TQ21,CCC_TQ22,CCC_TQ23,CCC_TQ24,CCC_SQ2,CCC_TQ25,CCC_TQ26,CCC_TQ27,CCC_TQ28,CCC_TQ29,CCC_TQ30,CCC_TQ31,CCC_TQ32,Timer_CCC_S3_First Click,Timer_CCC_S3_Last Click,Timer_CCC_S3_Page Submit,Timer_CCC_S3_Click Count,CCC_TQ33,CCC_TQ34,CCC_TQ35,CCC_TQ36,CCC_TQ37,CCC_TQ38,CCC_TQ39,CCC_TQ40,CCC_SQ3,CCC_TQ41,CCC_TQ42,CCC_TQ43,CCC_TQ44,CCC_TQ45,CCC_TQ46,CCC_TQ47,CCC_TQ48,Timer_CCT_S1_First Click,Timer_CCT_S1_Last Click,Timer_CCT_S1_Page Submit,Timer_CCT_S1_Click Count,CCT_TQ1,CCT_TQ2,CCT_TQ3,CCT_TQ4,CCT_TQ5,CCT_TQ6,CCT_TQ7,CCT_TQ8,CCT_SQ1,CCT_TQ9,CCT_TQ10,CCT_TQ11,CCT_TQ12,CCT_TQ13,CCT_TQ14,CCT_TQ15,CCT_TQ16,Timer_CCT_S2_First Click,Timer_CCT_S2_Last Click,Timer_CCT_S2_Page Submit,Timer_CCT_S2_Click Count,CCT_TQ17,CCT_TQ18,CCT_TQ19,CCT_TQ20,CCT_TQ21,CCT_TQ22,CCT_TQ23,CCT_TQ24,CCT_SQ2,CCT_TQ25,CCT_TQ26,CCT_TQ27,CCT_TQ28,CCT_TQ29,CCT_TQ30,CCT_TQ31,CCT_TQ32,Timer_CCT_S3_First Click,Timer_CCT_S3_Last Click,Timer_CCT_S3_Page Submit,Timer_CCT_S3_Click Count,CCT_TQ33,CCT_TQ34,CCT_TQ35,CCT_TQ36,CCT_TQ37,CCT_TQ38,CCT_TQ39,CCT_TQ40,CCT_SQ3,CCT_TQ41,CCT_TQ42,CCT_TQ43,CCT_TQ44,CCT_TQ45,CCT_TQ46,CCT_TQ47,CCT_TQ48,Timer_CTT_S1_First Click,Timer_CTT_S1_Last Click,Timer_CTT_S1_Page Submit,Timer_CTT_S1_Click Count,CTT_TQ1,CTT_TQ2,CTT_TQ3,CTT_TQ4,CTT_TQ5,CTT_TQ6,CTT_TQ7,CTT_TQ8,CTT_SQ1,CTT_TQ9,CTT_TQ10,CTT_TQ11,CTT_TQ12,CTT_TQ13,CTT_TQ14,CTT_TQ15,CTT_TQ16,Timer_CTT_S2_First Click,Timer_CTT_S2_Last Click,Timer_CTT_S2_Page Submit,Timer_CTT_S2_Click Count,CTT_TQ17,CTT_TQ18,CTT_TQ19,CTT_TQ20,CTT_TQ21,CTT_TQ22,CTT_TQ23,CTT_TQ24,CTT_SQ2,CTT_TQ25,CTT_TQ26,CTT_TQ27,CTT_TQ28,CTT_TQ29,CTT_TQ30,CTT_TQ31,CTT_TQ32,Timer_CTT_S3_First Click,Timer_CTT_S3_Last Click,Timer_CTT_S3_Page Submit,Timer_CTT_S3_Click Count,CTT_TQ33,CTT_TQ34,CTT_TQ35,CTT_TQ36,CTT_TQ37,CTT_TQ38,CTT_TQ39,CTT_TQ40,CTT_SQ3,CTT_TQ41,CTT_TQ42,CTT_TQ43,CTT_TQ44,CTT_TQ45,CTT_TQ46,CTT_TQ47,CTT_TQ48,Timer_TTT_S1_First Click,Timer_TTT_S1_Last Click,Timer_TTT_S1_Page Submit,Timer_TTT_S1_Click Count,TTT_TQ1,TTT_TQ2,TTT_TQ3,TTT_TQ4,TTT_TQ5,TTT_TQ6,TTT_TQ7,TTT_TQ8,TTT_SQ1,TTT_TQ9,TTT_TQ10,TTT_TQ11,TTT_TQ12,TTT_TQ13,TTT_TQ14,TTT_TQ15,TTT_TQ16,Timer_TTT_S2_First Click,Timer_TTT_S2_Last Click,Timer_TTT_S2_Page Submit,Timer_TTT_S2_Click Count,TTT_TQ17,TTT_TQ18,TTT_TQ19,TTT_TQ20,TTT_TQ21,TTT_TQ22,TTT_TQ23,TTT_TQ24,TTT_SQ2,TTT_TQ25,TTT_TQ26,TTT_TQ27,TTT_TQ28,TTT_TQ29,TTT_TQ30,TTT_TQ31,TTT_TQ32,Timer_TTT_S3_First Click,Timer_TTT_S3_Last Click,Timer_TTT_S3_Page Submit,Timer_TTT_S3_Click Count,TTT_TQ33,TTT_TQ34,TTT_TQ35,TTT_TQ36,TTT_TQ37,TTT_TQ38,TTT_TQ39,TTT_TQ40,TTT_SQ3,TTT_TQ41,TTT_TQ42,TTT_TQ43,TTT_TQ44,TTT_TQ45,TTT_TQ46,TTT_TQ47,TTT_TQ48,mTurkCode
Start Date,End Date,Response Type,IP Address,Progress,Duration (in seconds),Finished,Recorded Date,Response ID,Recipient Last Name,Recipient First Name,Recipient Email,External Data Reference,Location Latitude,Location Longitude,Distribution Channel,User Language,"IMPORTANT:


We highly recommend you to COMPLETE THE ENTIRE HIT once you submit your worker ID on this page. If you manage to complete the survey, we will reserve other HITs for your MTurk ID in the future, because you are a good Turker who completes what you started.
For our statistical purposes, this particular HIT is only accessible to you once, even if you don't complete the HIT at this time. We do not pay answers to second attempts in any forms. 
If you think there's a chance you may not complete this HIT, please exit this HIT now.


Please provide us your Amazon Mechanical Turk (AMT) Worker ID for payment:",Timing - First Click,Timing - Last Click,Timing - Page Submit,Timing - Click Count,What portion of your friends own pets?,Please rank your preferences to work with the following media: - Audio,Please rank your preferences to work with the following media: - Text,Please rank your preferences to work with the following media: - Images,Please rank your preferences to work with the following media: - Other,"Have your ever lived with any dogs in your household? If not, have you ever planned to own a dog?","On average, how many tasks on Amazon Mechanical Turk do you complete every week?",Do you use Linkedin? (no need to provide any links),Timing - First Click,Timing - Last Click,Timing - Page Submit,Timing - Click Count,Timing - First Click,Timing - Last Click,Timing - Page Submit,Timing - Click Count,Please identify the breed.,Please identify the breed.,Please identify the breed.,Please identify the breed.,Please identify the breed.,Please identify the breed.,Please identify the breed.,Please identify the breed.,Please identify the breed.,Please identify the breed.,Please identify the breed.,Please identify the breed.,Please identify the breed.,Please identify the breed.,Please identify the breed.,Please identify the breed.,Please identify the breed.,Timing - First Click,Timing - Last Click,Timing - Page Submit,Timing - Click Count,Please identify the breed.,Please identify the breed.,Please identify the breed.,Please identify the breed.,Please identify the breed.,Please identify the breed.,Please identify the breed.,Please identify the breed.,Please identify the breed.,Please identify the breed.,Please identify the breed.,Please identify the breed.,Please identify the breed.,Please identify the breed.,Please identify the breed.,Please identify the breed.,Please identify the breed.,Timing - First Click,Timing - Last Click,Timing - Page Submit,Timing - Click Count,Please identify the breed.,Please identify the breed.,Please identify the breed.,Please identify the breed.,Please identify the breed.,Please identify the breed.,Please identify the breed.,Please identify the breed.,Please identify the breed.,Please identify the breed.,Please identify the breed.,Please identify the breed.,Please identify the breed.,Please identify the breed.,Please identify the breed.,Please identify the breed.,Please identify the breed.,Timing - First Click,Timing - Last Click,Timing - Page Submit,Timing - Click Count,Please identify the breed.,Please identify the breed.,Please identify the breed.,Please identify the breed.,Please identify the breed.,Please identify the breed.,Please identify the breed.,Please identify the breed.,Please identify the breed.,Please identify the breed.,Please identify the breed.,Please identify the breed.,Please identify the breed.,Please identify the breed.,Please identify the breed.,Please identify the breed.,Please identify the breed.,Timing - First Click,Timing - Last Click,Timing - Page Submit,Timing - Click Count,Please identify the breed.,Please identify the breed.,Please identify the breed.,Please identify the breed.,Please identify the breed.,Please identify the breed.,Please identify the breed.,Please identify the breed.,Please identify the breed.,Please identify the breed.,Please identify the breed.,Please identify the breed.,Please identify the breed.,Please identify the breed.,Please identify the breed.,Please identify the breed.,Please identify the breed.,Timing - First Click,Timing - Last Click,Timing - Page Submit,Timing - Click Count,Please identify the breed.,Please identify the breed.,Please identify the breed.,Please identify the breed.,Please identify the breed.,Please identify the breed.,Please identify the breed.,Please identify the breed.,Please identify the breed.,Please identify the breed.,Please identify the breed.,Please identify the breed.,Please identify the breed.,Please identify the breed.,Please identify the breed.,Please identify the breed.,Please identify the breed.,Timing - First Click,Timing - Last Click,Timing - Page Submit,Timing - Click Count,Please identify the breed.,Please identify the breed.,Please identify the breed.,Please identify the breed.,Please identify the breed.,Please identify the breed.,Please identify the breed.,Please identify the breed.,Please identify the breed.,Please identify the breed.,Please identify the breed.,Please identify the breed.,Please identify the breed.,Please identify the breed.,Please identify the breed.,Please identify the breed.,Please identify the breed.,Timing - First Click,Timing - Last Click,Timing - Page Submit,Timing - Click Count,Please identify the breed.,Please identify the breed.,Please identify the breed.,Please identify the breed.,Please identify the breed.,Please identify the breed.,Please identify the breed.,Please identify the breed.,Please identify the breed.,Please identify the breed.,Please identify the breed.,Please identify the breed.,Please identify the breed.,Please identify the breed.,Please identify the breed.,Please identify the breed.,Please identify the breed.,Timing - First Click,Timing - Last Click,Timing - Page Submit,Timing - Click Count,Please identify the breed.,Please identify the breed.,Please identify the breed.,Please identify the breed.,Please identify the breed.,Please identify the breed.,Please identify the breed.,Please identify the breed.,Please identify the breed.,Please identify the breed.,Please identify the breed.,Please identify the breed.,Please identify the breed.,Please identify the breed.,Please identify the breed.,Please identify the breed.,Please identify the breed.,Timing - First Click,Timing - Last Click,Timing - Page Submit,Timing - Click Count,Please identify the breed.,Please identify the breed.,Please identify the breed.,Please identify the breed.,Please identify the breed.,Please identify the breed.,Please identify the breed.,Please identify the breed.,Please identify the breed.,Please identify the breed.,Please identify the breed.,Please identify the breed.,Please identify the breed.,Please identify the breed.,Please identify the breed.,Please identify the breed.,Please identify the breed.,Timing - First Click,Timing - Last Click,Timing - Page Submit,Timing - Click Count,Please identify the breed.,Please identify the breed.,Please identify the breed.,Please identify the breed.,Please identify the breed.,Please identify the breed.,Please identify the breed.,Please identify the breed.,Please identify the breed.,Please identify the breed.,Please identify the breed.,Please identify the breed.,Please identify the breed.,Please identify the breed.,Please identify the breed.,Please identify the breed.,Please identify the breed.,Timing - First Click,Timing - Last Click,Timing - Page Submit,Timing - Click Count,Please identify the breed.,Please identify the breed.,Please identify the breed.,Please identify the breed.,Please identify the breed.,Please identify the breed.,Please identify the breed.,Please identify the breed.,Please identify the breed.,Please identify the breed.,Please identify the breed.,Please identify the breed.,Please identify the breed.,Please identify the breed.,Please identify the breed.,Please identify the breed.,Please identify the breed.,mTurkCode
"{""ImportId"":""startDate"",""timeZone"":""America/Los_Angeles""}","{""ImportId"":""endDate"",""timeZone"":""America/Los_Angeles""}","{""ImportId"":""status""}","{""ImportId"":""ipAddress""}","{""ImportId"":""progress""}","{""ImportId"":""duration""}","{""ImportId"":""finished""}","{""ImportId"":""recordedDate"",""timeZone"":""America/Los_Angeles""}","{""ImportId"":""_recordId""}","{""ImportId"":""recipientLastName""}","{""ImportId"":""recipientFirstName""}","{""ImportId"":""recipientEmail""}","{""ImportId"":""externalDataReference""}","{""ImportId"":""locationLatitude""}","{""ImportId"":""locationLongitude""}","{""ImportId"":""distributionChannel""}","{""ImportId"":""userLanguage""}","{""ImportId"":""QID208_TEXT""}","{""ImportId"":""QID212_FIRST_CLICK""}","{""ImportId"":""QID212_LAST_CLICK""}","{""ImportId"":""QID212_PAGE_SUBMIT""}","{""ImportId"":""QID212_CLICK_COUNT""}","{""ImportId"":""QID154""}","{""ImportId"":""QID155_1""}","{""ImportId"":""QID155_2""}","{""ImportId"":""QID155_3""}","{""ImportId"":""QID155_4""}","{""ImportId"":""QID156""}","{""ImportId"":""QID157""}","{""ImportId"":""QID158""}","{""ImportId"":""QID213_FIRST_CLICK""}","{""ImportId"":""QID213_LAST_CLICK""}","{""ImportId"":""QID213_PAGE_SUBMIT""}","{""ImportId"":""QID213_CLICK_COUNT""}","{""ImportId"":""QID47_FIRST_CLICK""}","{""ImportId"":""QID47_LAST_CLICK""}","{""ImportId"":""QID47_PAGE_SUBMIT""}","{""ImportId"":""QID47_CLICK_COUNT""}","{""ImportId"":""QID45""}","{""ImportId"":""QID160""}","{""ImportId"":""QID159""}","{""ImportId"":""QID161""}","{""ImportId"":""QID162""}","{""ImportId"":""QID163""}","{""ImportId"":""QID164""}","{""ImportId"":""QID165""}","{""ImportId"":""QID174""}","{""ImportId"":""QID166""}","{""ImportId"":""QID167""}","{""ImportId"":""QID168""}","{""ImportId"":""QID169""}","{""ImportId"":""QID170""}","{""ImportId"":""QID171""}","{""ImportId"":""QID172""}","{""ImportId"":""QID173""}","{""ImportId"":""QID215_FIRST_CLICK""}","{""ImportId"":""QID215_LAST_CLICK""}","{""ImportId"":""QID215_PAGE_SUBMIT""}","{""ImportId"":""QID215_CLICK_COUNT""}","{""ImportId"":""QID175""}","{""ImportId"":""QID176""}","{""ImportId"":""QID177""}","{""ImportId"":""QID178""}","{""ImportId"":""QID179""}","{""ImportId"":""QID180""}","{""ImportId"":""QID181""}","{""ImportId"":""QID182""}","{""ImportId"":""QID192""}","{""ImportId"":""QID183""}","{""ImportId"":""QID184""}","{""ImportId"":""QID185""}","{""ImportId"":""QID186""}","{""ImportId"":""QID187""}","{""ImportId"":""QID188""}","{""ImportId"":""QID189""}","{""ImportId"":""QID190""}","{""ImportId"":""QID218_FIRST_CLICK""}","{""ImportId"":""QID218_LAST_CLICK""}","{""ImportId"":""QID218_PAGE_SUBMIT""}","{""ImportId"":""QID218_CLICK_COUNT""}","{""ImportId"":""QID191""}","{""ImportId"":""QID193""}","{""ImportId"":""QID194""}","{""ImportId"":""QID195""}","{""ImportId"":""QID196""}","{""ImportId"":""QID197""}","{""ImportId"":""QID198""}","{""ImportId"":""QID199""}","{""ImportId"":""QID220""}","{""ImportId"":""QID200""}","{""ImportId"":""QID201""}","{""ImportId"":""QID202""}","{""ImportId"":""QID203""}","{""ImportId"":""QID204""}","{""ImportId"":""QID205""}","{""ImportId"":""QID206""}","{""ImportId"":""QID207""}","{""ImportId"":""QID332_FIRST_CLICK""}","{""ImportId"":""QID332_LAST_CLICK""}","{""ImportId"":""QID332_PAGE_SUBMIT""}","{""ImportId"":""QID332_CLICK_COUNT""}","{""ImportId"":""QID334""}","{""ImportId"":""QID336""}","{""ImportId"":""QID338""}","{""ImportId"":""QID340""}","{""ImportId"":""QID342""}","{""ImportId"":""QID344""}","{""ImportId"":""QID346""}","{""ImportId"":""QID348""}","{""ImportId"":""QID350""}","{""ImportId"":""QID352""}","{""ImportId"":""QID354""}","{""ImportId"":""QID356""}","{""ImportId"":""QID358""}","{""ImportId"":""QID360""}","{""ImportId"":""QID362""}","{""ImportId"":""QID364""}","{""ImportId"":""QID366""}","{""ImportId"":""QID368_FIRST_CLICK""}","{""ImportId"":""QID368_LAST_CLICK""}","{""ImportId"":""QID368_PAGE_SUBMIT""}","{""ImportId"":""QID368_CLICK_COUNT""}","{""ImportId"":""QID370""}","{""ImportId"":""QID372""}","{""ImportId"":""QID374""}","{""ImportId"":""QID376""}","{""ImportId"":""QID378""}","{""ImportId"":""QID380""}","{""ImportId"":""QID382""}","{""ImportId"":""QID384""}","{""ImportId"":""QID386""}","{""ImportId"":""QID388""}","{""ImportId"":""QID390""}","{""ImportId"":""QID392""}","{""ImportId"":""QID394""}","{""ImportId"":""QID396""}","{""ImportId"":""QID398""}","{""ImportId"":""QID400""}","{""ImportId"":""QID402""}","{""ImportId"":""QID404_FIRST_CLICK""}","{""ImportId"":""QID404_LAST_CLICK""}","{""ImportId"":""QID404_PAGE_SUBMIT""}","{""ImportId"":""QID404_CLICK_COUNT""}","{""ImportId"":""QID406""}","{""ImportId"":""QID408""}","{""ImportId"":""QID410""}","{""ImportId"":""QID412""}","{""ImportId"":""QID414""}","{""ImportId"":""QID416""}","{""ImportId"":""QID418""}","{""ImportId"":""QID420""}","{""ImportId"":""QID422""}","{""ImportId"":""QID424""}","{""ImportId"":""QID426""}","{""ImportId"":""QID428""}","{""ImportId"":""QID430""}","{""ImportId"":""QID432""}","{""ImportId"":""QID434""}","{""ImportId"":""QID436""}","{""ImportId"":""QID438""}","{""ImportId"":""QID441_FIRST_CLICK""}","{""ImportId"":""QID441_LAST_CLICK""}","{""ImportId"":""QID441_PAGE_SUBMIT""}","{""ImportId"":""QID441_CLICK_COUNT""}","{""ImportId"":""QID443""}","{""ImportId"":""QID445""}","{""ImportId"":""QID447""}","{""ImportId"":""QID449""}","{""ImportId"":""QID451""}","{""ImportId"":""QID453""}","{""ImportId"":""QID455""}","{""ImportId"":""QID457""}","{""ImportId"":""QID459""}","{""ImportId"":""QID461""}","{""ImportId"":""QID463""}","{""ImportId"":""QID465""}","{""ImportId"":""QID467""}","{""ImportId"":""QID469""}","{""ImportId"":""QID471""}","{""ImportId"":""QID473""}","{""ImportId"":""QID475""}","{""ImportId"":""QID477_FIRST_CLICK""}","{""ImportId"":""QID477_LAST_CLICK""}","{""ImportId"":""QID477_PAGE_SUBMIT""}","{""ImportId"":""QID477_CLICK_COUNT""}","{""ImportId"":""QID479""}","{""ImportId"":""QID481""}","{""ImportId"":""QID483""}","{""ImportId"":""QID485""}","{""ImportId"":""QID487""}","{""ImportId"":""QID489""}","{""ImportId"":""QID491""}","{""ImportId"":""QID493""}","{""ImportId"":""QID495""}","{""ImportId"":""QID497""}","{""ImportId"":""QID499""}","{""ImportId"":""QID501""}","{""ImportId"":""QID503""}","{""ImportId"":""QID505""}","{""ImportId"":""QID507""}","{""ImportId"":""QID509""}","{""ImportId"":""QID511""}","{""ImportId"":""QID513_FIRST_CLICK""}","{""ImportId"":""QID513_LAST_CLICK""}","{""ImportId"":""QID513_PAGE_SUBMIT""}","{""ImportId"":""QID513_CLICK_COUNT""}","{""ImportId"":""QID515""}","{""ImportId"":""QID517""}","{""ImportId"":""QID519""}","{""ImportId"":""QID521""}","{""ImportId"":""QID523""}","{""ImportId"":""QID525""}","{""ImportId"":""QID527""}","{""ImportId"":""QID529""}","{""ImportId"":""QID531""}","{""ImportId"":""QID533""}","{""ImportId"":""QID535""}","{""ImportId"":""QID537""}","{""ImportId"":""QID539""}","{""ImportId"":""QID541""}","{""ImportId"":""QID543""}","{""ImportId"":""QID545""}","{""ImportId"":""QID547""}","{""ImportId"":""QID550_FIRST_CLICK""}","{""ImportId"":""QID550_LAST_CLICK""}","{""ImportId"":""QID550_PAGE_SUBMIT""}","{""ImportId"":""QID550_CLICK_COUNT""}","{""ImportId"":""QID552""}","{""ImportId"":""QID554""}","{""ImportId"":""QID556""}","{""ImportId"":""QID558""}","{""ImportId"":""QID560""}","{""ImportId"":""QID562""}","{""ImportId"":""QID564""}","{""ImportId"":""QID566""}","{""ImportId"":""QID568""}","{""ImportId"":""QID570""}","{""ImportId"":""QID572""}","{""ImportId"":""QID574""}","{""ImportId"":""QID576""}","{""ImportId"":""QID578""}","{""ImportId"":""QID580""}","{""ImportId"":""QID582""}","{""ImportId"":""QID584""}","{""ImportId"":""QID586_FIRST_CLICK""}","{""ImportId"":""QID586_LAST_CLICK""}","{""ImportId"":""QID586_PAGE_SUBMIT""}","{""ImportId"":""QID586_CLICK_COUNT""}","{""ImportId"":""QID588""}","{""ImportId"":""QID590""}","{""ImportId"":""QID592""}","{""ImportId"":""QID594""}","{""ImportId"":""QID596""}","{""ImportId"":""QID598""}","{""ImportId"":""QID600""}","{""ImportId"":""QID602""}","{""ImportId"":""QID604""}","{""ImportId"":""QID606""}","{""ImportId"":""QID608""}","{""ImportId"":""QID610""}","{""ImportId"":""QID612""}","{""ImportId"":""QID614""}","{""ImportId"":""QID616""}","{""ImportId"":""QID618""}","{""ImportId"":""QID620""}","{""ImportId"":""QID622_FIRST_CLICK""}","{""ImportId"":""QID622_LAST_CLICK""}","{""ImportId"":""QID622_PAGE_SUBMIT""}","{""ImportId"":""QID622_CLICK_COUNT""}","{""ImportId"":""QID624""}","{""ImportId"":""QID626""}","{""ImportId"":""QID628""}","{""ImportId"":""QID630""}","{""ImportId"":""QID632""}","{""ImportId"":""QID634""}","{""ImportId"":""QID636""}","{""ImportId"":""QID638""}","{""ImportId"":""QID640""}","{""ImportId"":""QID642""}","{""ImportId"":""QID644""}","{""ImportId"":""QID646""}","{""ImportId"":""QID648""}","{""ImportId"":""QID650""}","{""ImportId"":""QID652""}","{""ImportId"":""QID654""}","{""ImportId"":""QID656""}","{""ImportId"":""mTurkCode""}"
2017-11-23 00:44:18,2017-11-23 00:58:28,IP Address,117.242.17.104,100,849,True,2017-11-23 00:58:29,R_1NqssQaV8HtCHSq,,,,,9.9833068847656,76.283294677734,anonymous,EN,A1NQW9H2DW4XDG,11.551,61.262,62.359,4,around half,2,3,1,4,Yes,31 to 40,No,11.551,61.262,62.359,4,,,,,,,,,,,,,,,,,,,,,,,,,,,,,,,,,,,,,,,,,,,,,,,,,,,,,,,,,,,,,,,,,,,,,,,,,,,,,,,,,,,,,,,,,,,,,,,,,,,,,,,,,,,,,,,,,,,,,,,,,,,,,,,27.545,343.432,345.528,17,Cocker Spaniel,Shih Tzu,Yorkshire Terrier,Golden retriever,Irish Wolfhound,Golden retriever,Cocker Spaniel,Yorkshire Terrier,Not A Dog,Saluki,Shih Tzu,Yorkshire Terrier,Bloodhound,Yorkshire Terrier,Irish Wolfhound,Saluki,Yorkshire Terrier,28.033,156.312,158.018,17,Yorkshire Terrier,Cocker Spaniel,Golden retriever,Irish Wolfhound,Yorkshire Terrier,Bloodhound,Golden retriever,Saluki,Not A Dog,Boston Bull,Saluki,Cocker Spaniel,Irish Wolfhound,Golden retriever,Yorkshire Terrier,Saluki,Cocker Spaniel,3.455,116.959,118.008,17,Boston Bull,Yorkshire Terrier,Boston Bull,Golden retriever,Saluki,Yorkshire Terrier,Golden retriever,Saluki,Not A Dog,Boston Bull,Shih Tzu,Bloodhound,Boston Bull,Irish Wolfhound,Yorkshire Terrier,Irish Wolfhound,Irish Wolfhound,,,,,,,,,,,,,,,,,,,,,,,,,,,,,,,,,,,,,,,,,,,,,,,,,,,,,,,,,,,,,,,,843631934
2017-11-23 00:54:11,2017-11-23 00:59:03,IP Address,24.131.134.24,100,291,True,2017-11-23 00:59:03,R_3MbBJIAQfm5DNgU,,,,,44.955505371094,-93.166999816895,anonymous,EN,AW7RJ863Q6RTT,4.918,23.093,23.966,6,a lot less than half,3,2,1,4,No,11 to 20,No,4.918,23.093,23.965,6,,,,,,,,,,,,,,,,,,,,,,,,,,,,,,,,,,,,,,,,,,,,,,,,,,,,,,,,,,,,,,,,,,,,,,,,,,,,,,,,,,,,,,,,,,,,,,,,,,,,,,,,,,,,,,,,,,,,,,,,,,,,,,,,,,,,,,,,,,,,,,,,,,,,,,,,,,,,,,,,,,,,,,,,,,,,,,,,,,,,,,,,,,,,,,7.802,106.824,108.922,20,Boston Bull,Cocker Spaniel,Shih Tzu,Cocker Spaniel,Irish Wolfhound,Golden retriever,Golden retriever,Yorkshire Terrier,Not A Dog,Saluki,Shih Tzu,Yorkshire Terrier,Bloodhound,Shih Tzu,Irish Wolfhound,Saluki,Yorkshire Terrier,1.493,60.814,63.141,21,Shih Tzu,Golden retriever,Golden retriever,Irish Wolfhound,Yorkshire Terrier,Bloodhound,Golden retriever,Saluki,Not A Dog,Boston Bull,Irish Wolfhound,Cocker Spaniel,Irish Wolfhound,Golden retriever,Yorkshire Terrier,Saluki,Bloodhound,0.703,37.765,38.461,20,Boston Bull,Yorkshire Terrier,Boston Bull,Golden retriever,Irish Wolfhound,Golden retriever,Bloodhound,Saluki,Not A Dog,Boston Bull,Shih Tzu,Bloodhound,Boston Bull,Irish Wolfhound,Shih Tzu,Irish Wolfhound,Bloodhound,8885112
2017-11-23 00:54:22,2017-11-23 01:01:02,IP Address,107.77.230.24,100,399,True,2017-11-23 01:01:02,R_1cSWnKX8alkzs09,,,,,34.054397583008,-118.2440032959,anonymous,EN,A1KK28XXMM8KEL,1.819,11.707,12.559,4,a lot more than half,3,2,1,4,Yes,41 or more,No,1.821,11.708,12.56,4,,,,,,,,,,,,,,,,,,,,,,,,,,,,,,,,,,,,,,,,,,,,,,,,,,,,,,,,,,,,,,,,,,,,,,,,,,,,,,,,,,,,,,,,,,,,,,,,,,,,,,,,,,,,,,,,,,,,,,,,,,,,,,,,,,,,,,,,,,,,,,,,,,,,,,,,,,,,,,,,,,,,,,,,,,,,,,,,,,,,,,,,,,,,,,3.756,136.519,138.306,19,Boston Bull,Shih Tzu,Yorkshire Terrier,Cocker Spaniel,Irish Wolfhound,Golden retriever,Cocker Spaniel,Yorkshire Terrier,Not A Dog,Saluki,Shih Tzu,Yorkshire Terrier,Bloodhound,Shih Tzu,Irish Wolfhound,Saluki,Shih Tzu,1.408,105.184,105.546,18,Cocker Spaniel,Golden retriever,Golden retriever,Irish Wolfhound,Yorkshire Terrier,Bloodhound,Cocker Spaniel,Saluki,Not A Dog,Boston Bull,Golden retriever,Cocker Spaniel,Irish Wolfhound,Golden retriever,Yorkshire Terrier,Golden retriever,Cocker Spaniel,1.703,94.559,95.419,19,Boston Bull,Shih Tzu,Boston Bull,Golden retriever,Bloodhound,Golden retriever,Bloodhound,Saluki,Not A Dog,Boston Bull,Shih Tzu,Bloodhound,Boston Bull,Irish Wolfhound,Shih Tzu,Irish Wolfhound,Bloodhound,292560001
2017-11-23 00:56:26,2017-11-23 01:04:39,IP Address,112.200.202.146,100,493,True,2017-11-23 01:04:39,R_1eDjdNkTlSzOqF7,,,,,14.844299316406,120.81039428711,anonymous,EN,A28JGET2XTPRG5,17.354,44.24,44.96,4,around half,2,3,1,4,Yes,0 to 10,No,17.354,44.24,44.959,4,,,,,,,,,,,,,,,,,,,,,,,,,,,,,,,,,,,,,,,,,,,,,,,,,,,,,,,,,,,,,,,,15.583,160.532,165.228,19,Boston Bull,Yorkshire Terrier,Shih Tzu,Cocker Spaniel,Irish Wolfhound,Golden retriever,Cocker Spaniel,Yorkshire Terrier,Not A Dog,Saluki,Shih Tzu,Yorkshire Terrier,Bloodhound,Shih Tzu,Irish Wolfhound,Saluki,Yorkshire Terrier,9.083,134.48,136.04,17,Cocker Spaniel,Cocker Spaniel,Golden retriever,Irish Wolfhound,Yorkshire Terrier,Bloodhound,Cocker Spaniel,Saluki,Not A Dog,Boston Bull,Cocker Spaniel,Cocker Spaniel,Irish Wolfhound,Golden retriever,Yorkshire Terrier,Saluki,Cocker Spaniel,5.033,77.799,79.527,19,Boston Bull,Yorkshire Terrier,Boston Bull,Golden retriever,Saluki,Cocker Spaniel,Bloodhound,Saluki,Not A Dog,Boston Bull,Shih Tzu,Bloodhound,Boston Bull,Irish Wolfhound,Shih Tzu,Irish Wolfhound,Bloodhound,,,,,,,,,,,,,,,,,,,,,,,,,,,,,,,,,,,,,,,,,,,,,,,,,,,,,,,,,,,,,,,,,,,,,,,,,,,,,,,,,,,,,,,,,,,,,,,,,,,,,,,,,,,,,,,,,,,,,,,,,,,,,,,719609961
2017-11-23 01:02:56,2017-11-23 01:11:00,IP Address,73.194.3.97,100,483,True,2017-11-23 01:11:01,R_3RaxhNsgmD4bTXK,,,,,40.248504638672,-74.53150177002,anonymous,EN,A3VVS6KT8DSBO,8.056,43.378,44.402,4,around half,3,2,1,4,Maybe,0 to 10,No,8.056,43.377,44.401,4,8.24,173.733,175.772,17,Boston Bull,Shih Tzu,Shih Tzu,Cocker Spaniel,Irish Wolfhound,Golden retriever,Cocker Spaniel,Yorkshire Terrier,Not A Dog,Saluki,Yorkshire Terrier,Yorkshire Terrier,Bloodhound,Shih Tzu,Irish Wolfhound,Saluki,Yorkshire Terrier,3.439,135.448,137.263,18,Shih Tzu,Golden retriever,Golden retriever,Irish Wolfhound,Yorkshire Terrier,Bloodhound,Shih Tzu,Saluki,Not A Dog,Boston Bull,Saluki,Cocker Spaniel,Irish Wolfhound,Golden retriever,Yorkshire Terrier,Cocker Spaniel,Cocker Spaniel,2.006,77.023,78.5,19,Boston Bull,Shih Tzu,Boston Bull,Golden retriever,Bloodhound,Yorkshire Terrier,Bloodhound,Saluki,Not A Dog,Boston Bull,Shih Tzu,Bloodhound,Boston Bull,Irish Wolfhound,Shih Tzu,Irish Wolfhound,Bloodhound,,,,,,,,,,,,,,,,,,,,,,,,,,,,,,,,,,,,,,,,,,,,,,,,,,,,,,,,,,,,,,,,,,,,,,,,,,,,,,,,,,,,,,,,,,,,,,,,,,,,,,,,,,,,,,,,,,,,,,,,,,,,,,,,,,,,,,,,,,,,,,,,,,,,,,,,,,,,,,,,,,,,,,,,,,,,,,,,,,,,,,,,,,,,,,542134637
2017-11-23 00:47:47,2017-11-23 01:13:55,IP Address,83.110.157.226,100,1567,True,2017-11-23 01:13:55,R_3IXHDwlFwayTmzw,,,,,25.357299804688,55.403305053711,anonymous,EN,A1JF9ZNXWK5QZU,17.112,58.576,59.95,5,a lot more than half,3,1,2,4,Yes,21 to 30,Yes,17.112,58.577,59.95,5,13.056,520.112,521.19,34,Boston Bull,Shih Tzu,Shih Tzu,Cocker Spaniel,Irish Wolfhound,Golden retriever,Cocker Spaniel,Yorkshire Terrier,Not A Dog,Saluki,Shih Tzu,Yorkshire Terrier,Bloodhound,Shih Tzu,Irish Wolfhound,Saluki,Shih Tzu,9.472,360.191,362.817,32,Cocker Spaniel,Golden retriever,Golden retriever,Irish Wolfhound,Yorkshire Terrier,Bloodhound,Cocker Spaniel,Saluki,Not A Dog,Boston Bull,Cocker Spaniel,Cocker Spaniel,Irish Wolfhound,Golden retriever,Yorkshire Terrier,Saluki,Cocker Spaniel,2.586,218.466,220.143,26,Yorkshire Terrier,Yorkshire Terrier,Yorkshire Terrier,Golden retriever,Saluki,Golden retriever,Golden retriever,Saluki,Not A Dog,Boston Bull,Shih Tzu,Bloodhound,Boston Bull,Irish Wolfhound,Yorkshire Terrier,Irish Wolfhound,Golden retriever,,,,,,,,,,,,,,,,,,,,,,,,,,,,,,,,,,,,,,,,,,,,,,,,,,,,,,,,,,,,,,,,,,,,,,,,,,,,,,,,,,,,,,,,,,,,,,,,,,,,,,,,,,,,,,,,,,,,,,,,,,,,,,,,,,,,,,,,,,,,,,,,,,,,,,,,,,,,,,,,,,,,,,,,,,,,,,,,,,,,,,,,,,,,,,167532507
2017-11-23 01:00:23,2017-11-23 01:19:09,IP Address,59.144.141.242,100,1125,True,2017-11-23 01:19:10,R_2s53MCwR8eKkSj7,,,,,18.975006103516,72.825805664062,anonymous,EN,ALYEON3R1GFKV,3.663,26.947,28.754,4,around half,3,2,1,4,Yes,41 or more,Yes,3.662,26.946,28.753,4,,,,,,,,,,,,,,,,,,,,,,,,,,,,,,,,,,,,,,,,,,,,,,,,,,,,,,,,,,,,,,,,,,,,,,,,,,,,,,,,,,,,,,,,,,,,,,,,,,,,,,,,,,,,,,,,,,,,,,,,,,,,,,,134.828,465.045,467.345,17,Boston Bull,Yorkshire Terrier,Shih Tzu,Bloodhound,Irish Wolfhound,Golden retriever,Cocker Spaniel,Yorkshire Terrier,Not A Dog,Saluki,Shih Tzu,Shih Tzu,Bloodhound,Yorkshire Terrier,Irish Wolfhound,Saluki,Shih Tzu,5.666,472.054,474.056,18,Shih Tzu,Yorkshire Terrier,Golden retriever,Saluki,Yorkshire Terrier,Bloodhound,Shih Tzu,Saluki,Not A Dog,Boston Bull,Saluki,Shih Tzu,Irish Wolfhound,Golden retriever,Shih Tzu,Bloodhound,Bloodhound,35.037,86.225,87.704,17,Boston Bull,Shih Tzu,Boston Bull,Golden retriever,Saluki,Shih Tzu,Bloodhound,Saluki,Not A Dog,Boston Bull,Shih Tzu,Golden retriever,Boston Bull,Irish Wolfhound,Yorkshire Terrier,Irish Wolfhound,Golden retriever,,,,,,,,,,,,,,,,,,,,,,,,,,,,,,,,,,,,,,,,,,,,,,,,,,,,,,,,,,,,,,,,857012640
2017-11-23 01:24:25,2017-11-23 01:29:22,IP Address,213.149.207.202,100,297,True,2017-11-23 01:29:23,R_3lELxxIGBjLb4yo,,,,,45.516693115234,9.5832977294922,anonymous,EN,APGP18KT9QZB6,9.028,45.882,47.306,5,around half,4,1,2,3,Yes,31 to 40,No,9.028,45.881,47.306,5,,,,,,,,,,,,,,,,,,,,,,,,,,,,,,,,,,,,,,,,,,,,,,,,,,,,,,,,,,,,,,,,13.978,95.557,97.405,19,Boston Bull,Yorkshire Terrier,Shih Tzu,Cocker Spaniel,Irish Wolfhound,Saluki,Saluki,Yorkshire Terrier,Not A Dog,Saluki,Shih Tzu,Yorkshire Terrier,Bloodhound,Shih Tzu,Irish Wolfhound,Saluki,Yorkshire Terrier,2.178,51.505,52.925,19,Boston Bull,Saluki,Golden retriever,Saluki,Yorkshire Terrier,Bloodhound,Cocker Spaniel,Saluki,Not A Dog,Boston Bull,Saluki,Cocker Spaniel,Irish Wolfhound,Golden retriever,Yorkshire Terrier,Saluki,Cocker Spaniel,1.849,51.224,52.338,17,Boston Bull,Yorkshire Terrier,Boston Bull,Golden retriever,Bloodhound,Golden retriever,Golden retriever,Saluki,Not A Dog,Boston Bull,Shih Tzu,Bloodhound,Boston Bull,Irish Wolfhound,Shih Tzu,Irish Wolfhound,Bloodhound,,,,,,,,,,,,,,,,,,,,,,,,,,,,,,,,,,,,,,,,,,,,,,,,,,,,,,,,,,,,,,,,,,,,,,,,,,,,,,,,,,,,,,,,,,,,,,,,,,,,,,,,,,,,,,,,,,,,,,,,,,,,,,,822948905
2017-11-23 01:36:07,2017-11-23 01:43:59,IP Address,108.87.168.113,100,471,True,2017-11-23 01:44:00,R_25WosntrYXoJswp,,,,,30.392807006836,-81.683197021484,anonymous,EN,A2Z8V9A1E4N3ND,4.478,30.912,33.074,4,a lot more than half,3,2,1,4,Yes,41 or more,Yes,4.479,30.912,33.074,4,,,,,,,,,,,,,,,,,,,,,,,,,,,,,,,,,,,,,,,,,,,,,,,,,,,,,,,,,,,,,,,,,,,,,,,,,,,,,,,,,,,,,,,,,,,,,,,,,,,,,,,,,,,,,,,,,,,,,,,,,,,,,,,4.003,96.062,98.109,18,Boston Bull,Saluki,Shih Tzu,Cocker Spaniel,Irish Wolfhound,Golden retriever,Cocker Spaniel,Yorkshire Terrier,Not A Dog,Bloodhound,Shih Tzu,Yorkshire Terrier,Bloodhound,Shih Tzu,Irish Wolfhound,Golden retriever,Shih Tzu,9.959,64.066,66.177,22,Yorkshire Terrier,Saluki,Boston Bull,Bloodhound,Shih Tzu,Bloodhound,Golden retriever,Irish Wolfhound,Not A Dog,Boston Bull,Cocker Spaniel,Cocker Spaniel,Saluki,Golden retriever,Yorkshire Terrier,Irish Wolfhound,Cocker Spaniel,1.608,58.067,59.948,18,Yorkshire Terrier,Shih Tzu,Boston Bull,Saluki,Irish Wolfhound,Yorkshire Terrier,Bloodhound,Irish Wolfhound,Not A Dog,Boston Bull,Shih Tzu,Cocker Spaniel,Boston Bull,Irish Wolfhound,Shih Tzu,Irish Wolfhound,Bloodhound,,,,,,,,,,,,,,,,,,,,,,,,,,,,,,,,,,,,,,,,,,,,,,,,,,,,,,,,,,,,,,,,903254161
2017-11-23 01:51:23,2017-11-23 01:56:44,IP Address,75.172.2.5,100,320,True,2017-11-23 01:56:44,R_2yqmif8hPL998k2,,,,,47.310104370117,-122.20420074463,anonymous,EN,A2QRVXWQ8NOCZH,10.349,30.692,32.053,4,a lot more than half,3,1,2,4,Yes,41 or more,No,10.349,30.692,32.052,4,1.889,72.291,75.138,17,Boston Bull,Shih Tzu,Yorkshire Terrier,Cocker Spaniel,Irish Wolfhound,Golden retriever,Cocker Spaniel,Yorkshire Terrier,Not A Dog,Irish Wolfhound,Shih Tzu,Yorkshire Terrier,Bloodhound,Yorkshire Terrier,Irish Wolfhound,Saluki,Yorkshire Terrier,2.657,64.077,66.926,17,Shih Tzu,Golden retriever,Golden retriever,Irish Wolfhound,Yorkshire Terrier,Bloodhound,Cocker Spaniel,Saluki,Not A Dog,Boston Bull,Saluki,Cocker Spaniel,Irish Wolfhound,Golden retriever,Yorkshire Terrier,Saluki,Cocker Spaniel,2.266,57.963,59.94,17,Boston Bull,Shih Tzu,Boston Bull,Golden retriever,Saluki,Cocker Spaniel,Bloodhound,Saluki,Not A Dog,Boston Bull,Shih Tzu,Bloodhound,Boston Bull,Irish Wolfhound,Shih Tzu,Cocker Spaniel,Bloodhound,,,,,,,,,,,,,,,,,,,,,,,,,,,,,,,,,,,,,,,,,,,,,,,,,,,,,,,,,,,,,,,,,,,,,,,,,,,,,,,,,,,,,,,,,,,,,,,,,,,,,,,,,,,,,,,,,,,,,,,,,,,,,,,,,,,,,,,,,,,,,,,,,,,,,,,,,,,,,,,,,,,,,,,,,,,,,,,,,,,,,,,,,,,,,,291568691
2017-11-23 01:55:32,2017-11-23 02:03:43,IP Address,104.175.131.221,100,490,True,2017-11-23 02:03:44,R_2cClQVEe9hrDFje,,,,,33.908096313477,-117.10820007324,anonymous,EN,A261Z8XC482AL8,14.169,57.286,59.154,6,around half,3,1,2,4,Yes,21 to 30,Never heard of Linkedin,14.169,57.286,59.154,6,,,,,,,,,,,,,,,,,,,,,,,,,,,,,,,,,,,,,,,,,,,,,,,,,,,,,,,,,,,,,,,,,,,,,,,,,,,,,,,,,,,,,,,,,,,,,,,,,,,,,,,,,,,,,,,,,,,,,,,,,,,,,,,,,,,,,,,,,,,,,,,,,,,,,,,,,,,,,,,,,,,,,,,,,,,,,,,,,,,,,,,,,,,,,,0.389,137.68,142.652,19,Boston Bull,Shih Tzu,Shih Tzu,Cocker Spaniel,Irish Wolfhound,Golden retriever,Cocker Spaniel,Yorkshire Terrier,Not A Dog,Saluki,Shih Tzu,Yorkshire Terrier,Bloodhound,Shih Tzu,Irish Wolfhound,Saluki,Yorkshire Terrier,3.91,116.823,117.714,19,Cocker Spaniel,Golden retriever,Golden retriever,Irish Wolfhound,Shih Tzu,Bloodhound,Cocker Spaniel,Saluki,Not A Dog,Boston Bull,Saluki,Cocker Spaniel,Irish Wolfhound,Golden retriever,Yorkshire Terrier,Golden retriever,Cocker Spaniel,4.565,79.741,83.82,19,Boston Bull,Shih Tzu,Boston Bull,Golden retriever,Bloodhound,Golden retriever,Bloodhound,Saluki,Not A Dog,Boston Bull,Shih Tzu,Bloodhound,Boston Bull,Irish Wolfhound,Shih Tzu,Irish Wolfhound,Bloodhound,613635288
2017-11-23 02:03:36,2017-11-23 02:11:47,IP Address,194.156.48.150,100,490,True,2017-11-23 02:11:48,R_3EsPgijnsHeCxSh,,,,,47,8,anonymous,EN,A4RZPIOYNDL7M,6.298,34.159,36.168,4,a lot more than half,3,1,2,4,Yes,11 to 20,Yes,6.299,34.159,36.168,4,,,,,,,,,,,,,,,,,,,,,,,,,,,,,,,,,,,,,,,,,,,,,,,,,,,,,,,,,,,,,,,,11.904,196.212,205.482,18,Boston Bull,Shih Tzu,Yorkshire Terrier,Golden retriever,Irish Wolfhound,Golden retriever,Golden retriever,Yorkshire Terrier,Not A Dog,Saluki,Shih Tzu,Yorkshire Terrier,Bloodhound,Shih Tzu,Irish Wolfhound,Saluki,Shih Tzu,2.46,107.684,109.993,18,Shih Tzu,Golden retriever,Golden retriever,Irish Wolfhound,Shih Tzu,Bloodhound,Cocker Spaniel,Saluki,Not A Dog,Boston Bull,Saluki,Cocker Spaniel,Irish Wolfhound,Golden retriever,Shih Tzu,Cocker Spaniel,Golden retriever,1.488,73.449,75.823,18,Boston Bull,Shih Tzu,Boston Bull,Golden retriever,Bloodhound,Cocker Spaniel,Bloodhound,Irish Wolfhound,Not A Dog,Boston Bull,Shih Tzu,Bloodhound,Boston Bull,Irish Wolfhound,Shih Tzu,Irish Wolfhound,Bloodhound,,,,,,,,,,,,,,,,,,,,,,,,,,,,,,,,,,,,,,,,,,,,,,,,,,,,,,,,,,,,,,,,,,,,,,,,,,,,,,,,,,,,,,,,,,,,,,,,,,,,,,,,,,,,,,,,,,,,,,,,,,,,,,,721847794
2017-11-23 02:10:46,2017-11-23 02:26:57,IP Address,213.126.42.52,100,971,True,2017-11-23 02:27:00,R_2vkpKqxeAQm9Uqo,,,,,51.576904296875,5.1062927246094,anonymous,EN,ABB2CRBMKMKE8,29.914,64.821,66.259,4,a lot less than half,4,1,2,3,No,11 to 20,Yes,29.913,64.82,66.258,4,,,,,,,,,,,,,,,,,,,,,,,,,,,,,,,,,,,,,,,,,,,,,,,,,,,,,,,,,,,,,,,,,,,,,,,,,,,,,,,,,,,,,,,,,,,,,,,,,,,,,,,,,,,,,,,,,,,,,,,,,,,,,,,11.949,233.789,236.117,26,Boston Bull,Shih Tzu,Shih Tzu,Cocker Spaniel,Irish Wolfhound,Golden retriever,Cocker Spaniel,Yorkshire Terrier,Not A Dog,Saluki,Shih Tzu,Yorkshire Terrier,Bloodhound,Shih Tzu,Irish Wolfhound,Saluki,Yorkshire Terrier,0.622,256.216,261.84,30,Cocker Spaniel,Golden retriever,Golden retriever,Irish Wolfhound,Yorkshire Terrier,Bloodhound,Cocker Spaniel,Saluki,Not A Dog,Boston Bull,Irish Wolfhound,Cocker Spaniel,Irish Wolfhound,Golden retriever,Yorkshire Terrier,Cocker Spaniel,Cocker Spaniel,2.389,311.347,313.332,30,Boston Bull,Yorkshire Terrier,Boston Bull,Golden retriever,Saluki,Golden retriever,Bloodhound,Saluki,Not A Dog,Boston Bull,Shih Tzu,Bloodhound,Yorkshire Terrier,Irish Wolfhound,Shih Tzu,Irish Wolfhound,Bloodhound,,,,,,,,,,,,,,,,,,,,,,,,,,,,,,,,,,,,,,,,,,,,,,,,,,,,,,,,,,,,,,,,514414700
2017-11-23 02:47:07,2017-11-23 03:01:47,IP Address,183.82.179.177,100,879,True,2017-11-23 03:01:48,R_3HuAhF6eAbJgnUg,,,,,17.375305175781,78.474395751953,anonymous,EN,AP02XE897TMR5,17.042,65.025,66.171,5,a lot less than half,3,2,1,4,Maybe,41 or more,Yes,17.042,65.025,66.171,5,13.885,348.674,351.282,22,Boston Bull,Yorkshire Terrier,Yorkshire Terrier,Cocker Spaniel,Irish Wolfhound,Golden retriever,Golden retriever,Saluki,Not A Dog,Shih Tzu,Shih Tzu,Yorkshire Terrier,Bloodhound,Yorkshire Terrier,Irish Wolfhound,Saluki,Yorkshire Terrier,2.578,188.784,190.815,19,Shih Tzu,Cocker Spaniel,Golden retriever,Irish Wolfhound,Yorkshire Terrier,Bloodhound,Golden retriever,Saluki,Not A Dog,Boston Bull,Irish Wolfhound,Cocker Spaniel,Irish Wolfhound,Cocker Spaniel,Shih Tzu,Golden retriever,Cocker Spaniel,2.761,147.968,150.222,17,Shih Tzu,Yorkshire Terrier,Boston Bull,Golden retriever,Bloodhound,Shih Tzu,Bloodhound,Saluki,Not A Dog,Boston Bull,Shih Tzu,Bloodhound,Boston Bull,Irish Wolfhound,Yorkshire Terrier,Irish Wolfhound,Bloodhound,,,,,,,,,,,,,,,,,,,,,,,,,,,,,,,,,,,,,,,,,,,,,,,,,,,,,,,,,,,,,,,,,,,,,,,,,,,,,,,,,,,,,,,,,,,,,,,,,,,,,,,,,,,,,,,,,,,,,,,,,,,,,,,,,,,,,,,,,,,,,,,,,,,,,,,,,,,,,,,,,,,,,,,,,,,,,,,,,,,,,,,,,,,,,,369589467
2017-11-23 03:05:57,2017-11-23 03:13:09,IP Address,66.191.215.80,100,431,True,2017-11-23 03:13:10,R_3svPEcN7cGmUgKI,,,,,34.766403198242,-82.220199584961,anonymous,EN,A3IJLBGQ24LNJA,6.733,29.882,31.394,8,a lot more than half,2,1,3,4,Yes,41 or more,Yes,6.732,29.881,31.394,8,,,,,,,,,,,,,,,,,,,,,,,,,,,,,,,,,,,,,,,,,,,,,,,,,,,,,,,,,,,,,,,,4.85,125.708,126.665,104,Yorkshire Terrier,Shih Tzu,Saluki,Cocker Spaniel,Irish Wolfhound,Golden retriever,Golden retriever,Shih Tzu,Not A Dog,Irish Wolfhound,Shih Tzu,Shih Tzu,Bloodhound,Shih Tzu,Irish Wolfhound,Saluki,Shih Tzu,2.051,119.662,120.841,70,Cocker Spaniel,Golden retriever,Golden retriever,Irish Wolfhound,Saluki,Bloodhound,Golden retriever,Saluki,Not A Dog,Yorkshire Terrier,Irish Wolfhound,Cocker Spaniel,Irish Wolfhound,Golden retriever,Shih Tzu,Golden retriever,Cocker Spaniel,1.975,114.164,115.129,87,Yorkshire Terrier,Shih Tzu,Boston Bull,Golden retriever,Saluki,Golden retriever,Golden retriever,Saluki,Not A Dog,Yorkshire Terrier,Shih Tzu,Bloodhound,Boston Bull,Irish Wolfhound,Shih Tzu,Irish Wolfhound,Bloodhound,,,,,,,,,,,,,,,,,,,,,,,,,,,,,,,,,,,,,,,,,,,,,,,,,,,,,,,,,,,,,,,,,,,,,,,,,,,,,,,,,,,,,,,,,,,,,,,,,,,,,,,,,,,,,,,,,,,,,,,,,,,,,,,484628405
2017-11-23 03:11:21,2017-11-23 03:19:03,IP Address,173.10.126.62,100,461,True,2017-11-23 03:19:03,R_3RvYZDMdCpiTsPA,,,,,47.739593505859,-122.34260559082,anonymous,EN,A2HX5UVZC38SIB,2.71,24.456,25.903,18,a lot less than half,3,1,2,4,No,21 to 30,Yes,2.713,24.455,25.901,18,,,,,,,,,,,,,,,,,,,,,,,,,,,,,,,,,,,,,,,,,,,,,,,,,,,,,,,,,,,,,,,,,,,,,,,,,,,,,,,,,,,,,,,,,,,,,,,,,,,,,,,,,,,,,,,,,,,,,,,,,,,,,,,4.423,116.444,117.537,75,Boston Bull,Yorkshire Terrier,Shih Tzu,Saluki,Yorkshire Terrier,Golden retriever,Cocker Spaniel,Shih Tzu,Not A Dog,Bloodhound,Irish Wolfhound,Yorkshire Terrier,Bloodhound,Yorkshire Terrier,Irish Wolfhound,Irish Wolfhound,Yorkshire Terrier,2.481,85.478,86.361,72,Cocker Spaniel,Golden retriever,Golden retriever,Irish Wolfhound,Yorkshire Terrier,Bloodhound,Bloodhound,Irish Wolfhound,Not A Dog,Boston Bull,Saluki,Cocker Spaniel,Saluki,Golden retriever,Yorkshire Terrier,Irish Wolfhound,Saluki,2.402,74.946,75.928,70,Boston Bull,Yorkshire Terrier,Boston Bull,Golden retriever,Bloodhound,Saluki,Bloodhound,Irish Wolfhound,Not A Dog,Boston Bull,Yorkshire Terrier,Bloodhound,Boston Bull,Irish Wolfhound,Yorkshire Terrier,Saluki,Bloodhound,,,,,,,,,,,,,,,,,,,,,,,,,,,,,,,,,,,,,,,,,,,,,,,,,,,,,,,,,,,,,,,,742763315
2017-11-23 04:02:45,2017-11-23 04:10:12,IP Address,24.5.47.179,100,446,True,2017-11-23 04:10:12,R_1o7NiS5Y4ed8Iax,,,,,38.134796142578,-122.56100463867,anonymous,EN,A3JXZ60HKXKCBI,20.686,83.254,85.013,4,around half,2,3,1,4,Yes,41 or more,No,20.687,83.253,85.012,4,,,,,,,,,,,,,,,,,,,,,,,,,,,,,,,,,,,,,,,,,,,,,,,,,,,,,,,,,,,,,,,,,,,,,,,,,,,,,,,,,,,,,,,,,,,,,,,,,,,,,,,,,,,,,,,,,,,,,,,,,,,,,,,17.084,121.406,124.11,17,Boston Bull,Yorkshire Terrier,Yorkshire Terrier,Cocker Spaniel,Irish Wolfhound,Golden retriever,Cocker Spaniel,Shih Tzu,Not A Dog,Saluki,Yorkshire Terrier,Yorkshire Terrier,Bloodhound,Shih Tzu,Irish Wolfhound,Saluki,Yorkshire Terrier,9.444,90.15,92.489,17,Cocker Spaniel,Golden retriever,Golden retriever,Irish Wolfhound,Yorkshire Terrier,Bloodhound,Golden retriever,Saluki,Not A Dog,Boston Bull,Irish Wolfhound,Cocker Spaniel,Yorkshire Terrier,Golden retriever,Yorkshire Terrier,Golden retriever,Cocker Spaniel,2.267,78.523,80.111,18,Boston Bull,Yorkshire Terrier,Boston Bull,Golden retriever,Bloodhound,Golden retriever,Bloodhound,Saluki,Not A Dog,Boston Bull,Yorkshire Terrier,Bloodhound,Boston Bull,Irish Wolfhound,Shih Tzu,Irish Wolfhound,Bloodhound,,,,,,,,,,,,,,,,,,,,,,,,,,,,,,,,,,,,,,,,,,,,,,,,,,,,,,,,,,,,,,,,583630896
2017-11-23 04:17:15,2017-11-23 04:30:23,IP Address,192.86.100.78,100,787,True,2017-11-23 04:30:24,R_25XUCAeotAOrxC3,,,,,38.908493041992,-77.017700195312,anonymous,EN,A2T01LQBGRSCDF,6.373,55.875,60.879,5,a lot more than half,3,1,2,4,Yes,21 to 30,Yes,6.373,55.875,60.879,5,17.849,266.898,270.422,20,Boston Bull,Shih Tzu,Yorkshire Terrier,Shih Tzu,Irish Wolfhound,Golden retriever,Cocker Spaniel,Yorkshire Terrier,Not A Dog,Saluki,Shih Tzu,Yorkshire Terrier,Bloodhound,Yorkshire Terrier,Irish Wolfhound,Saluki,Shih Tzu,7.175,150.929,152.63,17,Shih Tzu,Cocker Spaniel,Golden retriever,Irish Wolfhound,Shih Tzu,Bloodhound,Cocker Spaniel,Saluki,Not A Dog,Boston Bull,Irish Wolfhound,Cocker Spaniel,Shih Tzu,Golden retriever,Shih Tzu,Cocker Spaniel,Cocker Spaniel,3.879,142.114,143.927,17,Boston Bull,Shih Tzu,Boston Bull,Cocker Spaniel,Saluki,Cocker Spaniel,Cocker Spaniel,Saluki,Not A Dog,Boston Bull,Shih Tzu,Bloodhound,Boston Bull,Yorkshire Terrier,Shih Tzu,Yorkshire Terrier,Bloodhound,,,,,,,,,,,,,,,,,,,,,,,,,,,,,,,,,,,,,,,,,,,,,,,,,,,,,,,,,,,,,,,,,,,,,,,,,,,,,,,,,,,,,,,,,,,,,,,,,,,,,,,,,,,,,,,,,,,,,,,,,,,,,,,,,,,,,,,,,,,,,,,,,,,,,,,,,,,,,,,,,,,,,,,,,,,,,,,,,,,,,,,,,,,,,,851605924
2017-11-23 04:26:48,2017-11-23 04:36:14,IP Address,82.145.220.251,100,566,True,2017-11-23 04:36:15,R_28YBIbIsKQdSKrn,,,,,47,8,anonymous,EN,A6S8LIDH79N0O,1.491,60.327,60.994,50,around half,1,2,4,3,Yes,21 to 30,Yes,1.494,60.323,60.99,50,,,,,,,,,,,,,,,,,,,,,,,,,,,,,,,,,,,,,,,,,,,,,,,,,,,,,,,,,,,,,,,,0.427,95.629,96.485,123,Shih Tzu,Yorkshire Terrier,Irish Wolfhound,Yorkshire Terrier,Cocker Spaniel,Golden retriever,Irish Wolfhound,Saluki,Not A Dog,Golden retriever,Irish Wolfhound,Irish Wolfhound,Cocker Spaniel,Saluki,Yorkshire Terrier,Shih Tzu,Cocker Spaniel,0.012,68.107,68.723,107,Shih Tzu,Cocker Spaniel,Golden retriever,Irish Wolfhound,Saluki,Bloodhound,Yorkshire Terrier,Shih Tzu,Not A Dog,Boston Bull,Shih Tzu,Saluki,Golden retriever,Golden retriever,Yorkshire Terrier,Saluki,Cocker Spaniel,0.423,76.352,77.148,116,Boston Bull,Yorkshire Terrier,Boston Bull,Golden retriever,Bloodhound,Shih Tzu,Irish Wolfhound,Shih Tzu,Not A Dog,Boston Bull,Cocker Spaniel,Irish Wolfhound,Boston Bull,Cocker Spaniel,Saluki,Irish Wolfhound,Boston Bull,,,,,,,,,,,,,,,,,,,,,,,,,,,,,,,,,,,,,,,,,,,,,,,,,,,,,,,,,,,,,,,,,,,,,,,,,,,,,,,,,,,,,,,,,,,,,,,,,,,,,,,,,,,,,,,,,,,,,,,,,,,,,,,105610725
2017-11-23 04:41:25,2017-11-23 04:49:16,IP Address,137.97.9.155,100,471,True,2017-11-23 04:49:17,R_3j8oPdQ7XA6UvGK,,,,,10.816696166992,76.200012207031,anonymous,EN,A2MS0L8NYOH7HJ,9.138,29.114,30.252,5,around half,2,1,3,4,Yes,21 to 30,Yes,9.138,29.113,30.252,5,24.521,240.225,242.089,20,Boston Bull,Yorkshire Terrier,Yorkshire Terrier,Cocker Spaniel,Yorkshire Terrier,Golden retriever,Cocker Spaniel,Yorkshire Terrier,Not A Dog,Irish Wolfhound,Boston Bull,Boston Bull,Bloodhound,Shih Tzu,Cocker Spaniel,Irish Wolfhound,Shih Tzu,8.96,54.451,56.611,14,Bloodhound,Yorkshire Terrier,Yorkshire Terrier,Golden retriever,Bloodhound,Bloodhound,Cocker Spaniel,Irish Wolfhound,Not A Dog,Boston Bull,Cocker Spaniel,Yorkshire Terrier,Shih Tzu,Golden retriever,Irish Wolfhound,Irish Wolfhound,Yorkshire Terrier,1.211,29.123,31.221,14,Boston Bull,Yorkshire Terrier,Yorkshire Terrier,Bloodhound,Cocker Spaniel,Boston Bull,Boston Bull,Boston Bull,Not A Dog,Boston Bull,Shih Tzu,Golden retriever,Yorkshire Terrier,Golden retriever,Yorkshire Terrier,Bloodhound,Yorkshire Terrier,,,,,,,,,,,,,,,,,,,,,,,,,,,,,,,,,,,,,,,,,,,,,,,,,,,,,,,,,,,,,,,,,,,,,,,,,,,,,,,,,,,,,,,,,,,,,,,,,,,,,,,,,,,,,,,,,,,,,,,,,,,,,,,,,,,,,,,,,,,,,,,,,,,,,,,,,,,,,,,,,,,,,,,,,,,,,,,,,,,,,,,,,,,,,,495065520
2017-11-23 04:42:06,2017-11-23 04:51:22,IP Address,197.210.226.176,100,555,True,2017-11-23 04:51:22,R_3n6Iwj3oHTqQ3dk,,,,,7.4360961914062,5.4593048095703,anonymous,EN,A1D6U8UNEELO45,13.284,80.057,84.52,21,a lot less than half,3,1,2,4,Yes,11 to 20,Yes,13.284,80.054,84.517,21,,,,,,,,,,,,,,,,,,,,,,,,,,,,,,,,,,,,,,,,,,,,,,,,,,,,,,,,,,,,,,,,,,,,,,,,,,,,,,,,,,,,,,,,,,,,,,,,,,,,,,,,,,,,,,,,,,,,,,,,,,,,,,,17.415,116.658,119.764,45,Bloodhound,Yorkshire Terrier,Cocker Spaniel,Bloodhound,Saluki,Boston Bull,Golden retriever,Cocker Spaniel,Not A Dog,Bloodhound,Saluki,Shih Tzu,Boston Bull,Cocker Spaniel,Golden retriever,Irish Wolfhound,Shih Tzu,5.249,99.307,102.46,39,Saluki,Bloodhound,Cocker Spaniel,Boston Bull,Yorkshire Terrier,Boston Bull,Golden retriever,Irish Wolfhound,Not A Dog,Cocker Spaniel,Bloodhound,Saluki,Yorkshire Terrier,Boston Bull,Yorkshire Terrier,Irish Wolfhound,Boston Bull,1.319,82.532,86.141,34,Saluki,Golden retriever,Saluki,Yorkshire Terrier,Bloodhound,Yorkshire Terrier,Boston Bull,Irish Wolfhound,Not A Dog,Saluki,Shih Tzu,Boston Bull,Bloodhound,Yorkshire Terrier,Shih Tzu,Yorkshire Terrier,Boston Bull,,,,,,,,,,,,,,,,,,,,,,,,,,,,,,,,,,,,,,,,,,,,,,,,,,,,,,,,,,,,,,,,680089292
2017-11-23 04:48:06,2017-11-23 04:55:00,IP Address,71.82.219.27,100,414,True,2017-11-23 04:55:01,R_DjfVBhGSCnq5xfj,,,,,42.425704956055,-88.987800598145,anonymous,EN,A1565BNEK1R86W,9.129,54.065,55.23,4,around half,3,2,1,4,Yes,41 or more,Yes,9.129,54.064,55.229,4,,,,,,,,,,,,,,,,,,,,,,,,,,,,,,,,,,,,,,,,,,,,,,,,,,,,,,,,,,,,,,,,10.682,141.721,144.361,18,Boston Bull,Shih Tzu,Shih Tzu,Cocker Spaniel,Irish Wolfhound,Golden retriever,Cocker Spaniel,Yorkshire Terrier,Not A Dog,Irish Wolfhound,Shih Tzu,Yorkshire Terrier,Bloodhound,Shih Tzu,Saluki,Irish Wolfhound,Yorkshire Terrier,6.258,90.722,93.44,17,Cocker Spaniel,Golden retriever,Golden retriever,Irish Wolfhound,Yorkshire Terrier,Bloodhound,Golden retriever,Irish Wolfhound,Not A Dog,Boston Bull,Irish Wolfhound,Cocker Spaniel,Saluki,Golden retriever,Yorkshire Terrier,Irish Wolfhound,Cocker Spaniel,2.084,68.251,70.422,18,Boston Bull,Yorkshire Terrier,Boston Bull,Golden retriever,Irish Wolfhound,Golden retriever,Bloodhound,Irish Wolfhound,Not A Dog,Boston Bull,Shih Tzu,Bloodhound,Yorkshire Terrier,Saluki,Shih Tzu,Irish Wolfhound,Bloodhound,,,,,,,,,,,,,,,,,,,,,,,,,,,,,,,,,,,,,,,,,,,,,,,,,,,,,,,,,,,,,,,,,,,,,,,,,,,,,,,,,,,,,,,,,,,,,,,,,,,,,,,,,,,,,,,,,,,,,,,,,,,,,,,999102904
2017-11-23 04:57:10,2017-11-23 05:02:14,IP Address,97.103.75.77,100,303,True,2017-11-23 05:02:15,R_Y0xf4wRbfK07585,,,,,28.32600402832,-81.351303100586,anonymous,EN,A2S7VNHIFDGS3V,2.999,19.063,33.057,5,a lot more than half,2,1,3,4,No,21 to 30,No,2.998,19.063,33.057,5,,,,,,,,,,,,,,,,,,,,,,,,,,,,,,,,,,,,,,,,,,,,,,,,,,,,,,,,,,,,,,,,,,,,,,,,,,,,,,,,,,,,,,,,,,,,,,,,,,,,,,,,,,,,,,,,,,,,,,,,,,,,,,,,,,,,,,,,,,,,,,,,,,,,,,,,,,,,,,,,,,,,,,,,,,,,,,,,,,,,,,,,,,,,,,4.017,78.939,80.722,19,Boston Bull,Shih Tzu,Shih Tzu,Yorkshire Terrier,Bloodhound,Golden retriever,Golden retriever,Yorkshire Terrier,Not A Dog,Bloodhound,Shih Tzu,Yorkshire Terrier,Boston Bull,Shih Tzu,Bloodhound,Irish Wolfhound,Yorkshire Terrier,1.413,103.665,105.022,20,Cocker Spaniel,Golden retriever,Golden retriever,Saluki,Irish Wolfhound,Boston Bull,Golden retriever,Irish Wolfhound,Not A Dog,Boston Bull,Irish Wolfhound,Cocker Spaniel,Bloodhound,Golden retriever,Yorkshire Terrier,Golden retriever,Cocker Spaniel,1.187,53.762,55.453,19,Boston Bull,Yorkshire Terrier,Boston Bull,Golden retriever,Bloodhound,Yorkshire Terrier,Cocker Spaniel,Bloodhound,Not A Dog,Boston Bull,Shih Tzu,Bloodhound,Saluki,Yorkshire Terrier,Shih Tzu,Shih Tzu,Yorkshire Terrier,955765376
2017-11-23 06:04:29,2017-11-23 06:08:45,IP Address,107.3.10.19,100,256,True,2017-11-23 06:08:45,R_6VdfJOm0wGmsN9v,,,,,42.966094970703,-70.988098144531,anonymous,EN,A27GK6AHDNFW5Y,4.541,18.471,19.476,5,a lot more than half,3,1,4,2,Yes,41 or more,Yes,4.542,18.472,19.476,5,,,,,,,,,,,,,,,,,,,,,,,,,,,,,,,,,,,,,,,,,,,,,,,,,,,,,,,,,,,,,,,,,,,,,,,,,,,,,,,,,,,,,,,,,,,,,,,,,,,,,,,,,,,,,,,,,,,,,,,,,,,,,,,,,,,,,,,,,,,,,,,,,,,,,,,,,,,,,,,,,,,,,,,,,,,,,,,,,,,,,,,,,,,,,,9.666,96.228,98.189,18,Boston Bull,Yorkshire Terrier,Saluki,Cocker Spaniel,Irish Wolfhound,Golden retriever,Cocker Spaniel,Shih Tzu,Not A Dog,Irish Wolfhound,Saluki,Yorkshire Terrier,Bloodhound,Yorkshire Terrier,Irish Wolfhound,Irish Wolfhound,Yorkshire Terrier,2.9,47.615,49.387,18,Cocker Spaniel,Golden retriever,Golden retriever,Irish Wolfhound,Yorkshire Terrier,Bloodhound,Cocker Spaniel,Irish Wolfhound,Not A Dog,Boston Bull,Cocker Spaniel,Cocker Spaniel,Irish Wolfhound,Golden retriever,Yorkshire Terrier,Irish Wolfhound,Yorkshire Terrier,1.072,44.49,46.23,17,Boston Bull,Yorkshire Terrier,Boston Bull,Golden retriever,Bloodhound,Golden retriever,Bloodhound,Irish Wolfhound,Not A Dog,Boston Bull,Yorkshire Terrier,Bloodhound,Boston Bull,Irish Wolfhound,Yorkshire Terrier,Irish Wolfhound,Irish Wolfhound,927087757
2017-11-23 06:31:15,2017-11-23 06:44:04,IP Address,112.202.252.35,100,769,True,2017-11-23 06:44:06,R_AdjnTXzuqBCWOFH,,,,,16.417205810547,120.59100341797,anonymous,EN,A10U0UWBQ1OBZD,12.135,77.933,78.976,9,a lot less than half,3,1,2,4,Yes,31 to 40,No,12.134,77.932,78.976,9,,,,,,,,,,,,,,,,,,,,,,,,,,,,,,,,,,,,,,,,,,,,,,,,,,,,,,,,,,,,,,,,6.885,185.64,187.118,22,Boston Bull,Shih Tzu,Shih Tzu,Cocker Spaniel,Irish Wolfhound,Golden retriever,Cocker Spaniel,Yorkshire Terrier,Not A Dog,Saluki,Shih Tzu,Shih Tzu,Bloodhound,Shih Tzu,Irish Wolfhound,Saluki,Yorkshire Terrier,10.445,211.688,213.355,17,Cocker Spaniel,Golden retriever,Golden retriever,Irish Wolfhound,Yorkshire Terrier,Bloodhound,Cocker Spaniel,Saluki,Not A Dog,Boston Bull,Cocker Spaniel,Cocker Spaniel,Irish Wolfhound,Golden retriever,Yorkshire Terrier,Saluki,Cocker Spaniel,2.112,163.583,165.36,17,Boston Bull,Cocker Spaniel,Boston Bull,Golden retriever,Bloodhound,Golden retriever,Bloodhound,Saluki,Not A Dog,Boston Bull,Shih Tzu,Bloodhound,Boston Bull,Irish Wolfhound,Shih Tzu,Irish Wolfhound,Bloodhound,,,,,,,,,,,,,,,,,,,,,,,,,,,,,,,,,,,,,,,,,,,,,,,,,,,,,,,,,,,,,,,,,,,,,,,,,,,,,,,,,,,,,,,,,,,,,,,,,,,,,,,,,,,,,,,,,,,,,,,,,,,,,,,490487355
2017-11-23 06:40:14,2017-11-23 06:48:03,IP Address,63.151.141.158,100,469,True,2017-11-23 06:48:04,R_2fB5ktWv9s4MWQ9,,,,,36.635498046875,-88.282997131348,anonymous,EN,A22KRF782ELLB0,6.485,28.431,29.717,4,around half,3,1,2,4,Yes,41 or more,No,6.487,28.432,29.717,4,14.849,138.272,140.865,18,Boston Bull,Shih Tzu,Yorkshire Terrier,Shih Tzu,Cocker Spaniel,Golden retriever,Golden retriever,Yorkshire Terrier,Not A Dog,Saluki,Shih Tzu,Yorkshire Terrier,Bloodhound,Shih Tzu,Cocker Spaniel,Saluki,Yorkshire Terrier,5.787,148.502,150.568,21,Shih Tzu,Cocker Spaniel,Golden retriever,Irish Wolfhound,Shih Tzu,Bloodhound,Cocker Spaniel,Saluki,Not A Dog,Boston Bull,Saluki,Shih Tzu,Irish Wolfhound,Golden retriever,Shih Tzu,Saluki,Shih Tzu,9.646,97.397,98.225,17,Boston Bull,Shih Tzu,Boston Bull,Golden retriever,Bloodhound,Golden retriever,Bloodhound,Saluki,Not A Dog,Boston Bull,Yorkshire Terrier,Bloodhound,Shih Tzu,Irish Wolfhound,Shih Tzu,Irish Wolfhound,Bloodhound,,,,,,,,,,,,,,,,,,,,,,,,,,,,,,,,,,,,,,,,,,,,,,,,,,,,,,,,,,,,,,,,,,,,,,,,,,,,,,,,,,,,,,,,,,,,,,,,,,,,,,,,,,,,,,,,,,,,,,,,,,,,,,,,,,,,,,,,,,,,,,,,,,,,,,,,,,,,,,,,,,,,,,,,,,,,,,,,,,,,,,,,,,,,,,356403041
2017-11-23 06:43:11,2017-11-23 06:48:34,IP Address,20.133.40.13,100,323,True,2017-11-23 06:48:35,R_BK7EsH5wASGKgHT,,,,,53.766693115234,-2.7167053222656,anonymous,EN,A2J36LBPMKR1KO,7.002,34.563,36.172,5,around half,3,1,2,4,Yes,41 or more,Yes,7.004,34.564,36.173,5,,,,,,,,,,,,,,,,,,,,,,,,,,,,,,,,,,,,,,,,,,,,,,,,,,,,,,,,,,,,,,,,,,,,,,,,,,,,,,,,,,,,,,,,,,,,,,,,,,,,,,,,,,,,,,,,,,,,,,,,,,,,,,,,,,,,,,,,,,,,,,,,,,,,,,,,,,,,,,,,,,,,,,,,,,,,,,,,,,,,,,,,,,,,,,5.428,74.139,77.678,17,Boston Bull,Shih Tzu,Shih Tzu,Cocker Spaniel,Irish Wolfhound,Golden retriever,Golden retriever,Yorkshire Terrier,Not A Dog,Irish Wolfhound,Shih Tzu,Yorkshire Terrier,Bloodhound,Shih Tzu,Irish Wolfhound,Irish Wolfhound,Yorkshire Terrier,1.065,66.121,68.214,17,Cocker Spaniel,Golden retriever,Golden retriever,Irish Wolfhound,Yorkshire Terrier,Bloodhound,Golden retriever,Irish Wolfhound,Not A Dog,Boston Bull,Irish Wolfhound,Cocker Spaniel,Irish Wolfhound,Golden retriever,Yorkshire Terrier,Irish Wolfhound,Cocker Spaniel,1.04,47.78,49.381,17,Boston Bull,Yorkshire Terrier,Boston Bull,Golden retriever,Irish Wolfhound,Golden retriever,Golden retriever,Irish Wolfhound,Not A Dog,Boston Bull,Shih Tzu,Bloodhound,Boston Bull,Irish Wolfhound,Shih Tzu,Irish Wolfhound,Bloodhound,922022307
2017-11-23 06:33:56,2017-11-23 06:49:43,IP Address,157.50.9.244,100,947,True,2017-11-23 06:49:44,R_z2XbYS4IsZ27gQN,,,,,13.083297729492,80.283294677734,anonymous,EN,A28BFHHHF6Y57M,29.594,96.319,99.521,4,a lot more than half,3,2,1,4,No,31 to 40,Yes,29.595,96.32,99.522,4,20.632,395.14,538.35,21,Boston Bull,Shih Tzu,Yorkshire Terrier,Cocker Spaniel,Irish Wolfhound,Golden retriever,Cocker Spaniel,Yorkshire Terrier,Not A Dog,Saluki,Shih Tzu,Yorkshire Terrier,Bloodhound,Yorkshire Terrier,Irish Wolfhound,Saluki,Yorkshire Terrier,2.622,89.714,92.378,18,Cocker Spaniel,Golden retriever,Golden retriever,Irish Wolfhound,Yorkshire Terrier,Bloodhound,Cocker Spaniel,Saluki,Not A Dog,Boston Bull,Cocker Spaniel,Cocker Spaniel,Irish Wolfhound,Golden retriever,Yorkshire Terrier,Cocker Spaniel,Cocker Spaniel,0.944,80.558,84.251,18,Boston Bull,Yorkshire Terrier,Boston Bull,Golden retriever,Saluki,Cocker Spaniel,Bloodhound,Saluki,Not A Dog,Boston Bull,Yorkshire Terrier,Bloodhound,Boston Bull,Irish Wolfhound,Shih Tzu,Irish Wolfhound,Irish Wolfhound,,,,,,,,,,,,,,,,,,,,,,,,,,,,,,,,,,,,,,,,,,,,,,,,,,,,,,,,,,,,,,,,,,,,,,,,,,,,,,,,,,,,,,,,,,,,,,,,,,,,,,,,,,,,,,,,,,,,,,,,,,,,,,,,,,,,,,,,,,,,,,,,,,,,,,,,,,,,,,,,,,,,,,,,,,,,,,,,,,,,,,,,,,,,,,149842506
2017-11-23 07:09:47,2017-11-23 07:18:53,IP Address,103.253.171.4,100,546,True,2017-11-23 07:18:54,R_z7iL2I7ApgqZ6SJ,,,,,12.983306884766,77.583312988281,anonymous,EN,A2VNBZ7P595W77,13.669,79.035,81.372,21,a lot less than half,2,3,1,4,Yes,31 to 40,Yes,13.668,79.034,81.37,21,,,,,,,,,,,,,,,,,,,,,,,,,,,,,,,,,,,,,,,,,,,,,,,,,,,,,,,,,,,,,,,,3.271,156.468,157.056,129,Boston Bull,Yorkshire Terrier,Irish Wolfhound,Shih Tzu,Irish Wolfhound,Cocker Spaniel,Golden retriever,Saluki,Not A Dog,Shih Tzu,Yorkshire Terrier,Saluki,Boston Bull,Yorkshire Terrier,Irish Wolfhound,Irish Wolfhound,Yorkshire Terrier,1.274,100.529,101.332,93,Yorkshire Terrier,Golden retriever,Cocker Spaniel,Irish Wolfhound,Saluki,Boston Bull,Golden retriever,Irish Wolfhound,Not A Dog,Boston Bull,Irish Wolfhound,Shih Tzu,Irish Wolfhound,Golden retriever,Saluki,Irish Wolfhound,Cocker Spaniel,0.092,55.056,56.131,82,Boston Bull,Yorkshire Terrier,Boston Bull,Golden retriever,Yorkshire Terrier,Saluki,Golden retriever,Irish Wolfhound,Not A Dog,Boston Bull,Shih Tzu,Irish Wolfhound,Boston Bull,Irish Wolfhound,Shih Tzu,Irish Wolfhound,Golden retriever,,,,,,,,,,,,,,,,,,,,,,,,,,,,,,,,,,,,,,,,,,,,,,,,,,,,,,,,,,,,,,,,,,,,,,,,,,,,,,,,,,,,,,,,,,,,,,,,,,,,,,,,,,,,,,,,,,,,,,,,,,,,,,,167319415
2017-11-23 07:02:08,2017-11-23 07:26:57,IP Address,123.136.237.81,100,1489,True,2017-11-23 07:26:58,R_1ISpiE1VHRjxWnu,,,,,12.983306884766,77.583312988281,anonymous,EN,ATX7JIFSG266H,6.914,77.825,79.746,14,a lot more than half,2,4,3,1,Yes,21 to 30,Yes,6.913,77.825,79.745,14,,,,,,,,,,,,,,,,,,,,,,,,,,,,,,,,,,,,,,,,,,,,,,,,,,,,,,,,,,,,,,,,,,,,,,,,,,,,,,,,,,,,,,,,,,,,,,,,,,,,,,,,,,,,,,,,,,,,,,,,,,,,,,,59.549,787.803,788.984,69,Boston Bull,Shih Tzu,Yorkshire Terrier,Not A Dog,Irish Wolfhound,Golden retriever,Golden retriever,Yorkshire Terrier,Not A Dog,Saluki,Shih Tzu,Yorkshire Terrier,Cocker Spaniel,Shih Tzu,Irish Wolfhound,Saluki,Yorkshire Terrier,0.037,322.684,363.026,59,Not A Dog,Golden retriever,Golden retriever,Irish Wolfhound,Yorkshire Terrier,Bloodhound,Cocker Spaniel,Saluki,Not A Dog,Boston Bull,Saluki,Cocker Spaniel,Irish Wolfhound,Golden retriever,Yorkshire Terrier,Saluki,Boston Bull,2.706,162.356,164.01,18,Boston Bull,Shih Tzu,Boston Bull,Golden retriever,Cocker Spaniel,Golden retriever,Golden retriever,Saluki,Not A Dog,Boston Bull,Yorkshire Terrier,Golden retriever,Boston Bull,Irish Wolfhound,Shih Tzu,Irish Wolfhound,Bloodhound,,,,,,,,,,,,,,,,,,,,,,,,,,,,,,,,,,,,,,,,,,,,,,,,,,,,,,,,,,,,,,,,619500503
2017-11-23 07:59:31,2017-11-23 08:03:53,IP Address,68.113.144.65,100,262,True,2017-11-23 08:03:53,R_2eQpapOEqcbNm1K,,,,,43.194595336914,-89.202499389648,anonymous,EN,A2C83KDE5MUZQP,10.501,32.429,32.821,8,a lot more than half,3,1,2,4,Yes,31 to 40,No,10.501,32.429,32.821,8,,,,,,,,,,,,,,,,,,,,,,,,,,,,,,,,,,,,,,,,,,,,,,,,,,,,,,,,,,,,,,,,3.137,73.825,76.022,24,Boston Bull,Shih Tzu,Shih Tzu,Cocker Spaniel,Irish Wolfhound,Golden retriever,Cocker Spaniel,Yorkshire Terrier,Not A Dog,Saluki,Shih Tzu,Yorkshire Terrier,Bloodhound,Shih Tzu,Irish Wolfhound,Saluki,Yorkshire Terrier,0.417,51.108,53.334,30,Cocker Spaniel,Golden retriever,Golden retriever,Irish Wolfhound,Saluki,Bloodhound,Golden retriever,Saluki,Not A Dog,Boston Bull,Saluki,Cocker Spaniel,Irish Wolfhound,Golden retriever,Yorkshire Terrier,Saluki,Cocker Spaniel,0.609,51.114,52.295,18,Boston Bull,Shih Tzu,Boston Bull,Golden retriever,Saluki,Golden retriever,Bloodhound,Saluki,Not A Dog,Boston Bull,Shih Tzu,Bloodhound,Boston Bull,Irish Wolfhound,Shih Tzu,Irish Wolfhound,Bloodhound,,,,,,,,,,,,,,,,,,,,,,,,,,,,,,,,,,,,,,,,,,,,,,,,,,,,,,,,,,,,,,,,,,,,,,,,,,,,,,,,,,,,,,,,,,,,,,,,,,,,,,,,,,,,,,,,,,,,,,,,,,,,,,,680017221
2017-11-23 08:04:00,2017-11-23 08:15:48,IP Address,100.16.8.252,100,708,True,2017-11-23 08:15:49,R_1fkmjAIacqzATRM,,,,,39.535903930664,-76.348297119141,anonymous,EN,AEEKWT5AAPPWV,5.37,23.322,24.23,4,around half,3,1,2,4,Maybe,0 to 10,Yes,5.37,23.322,24.231,4,,,,,,,,,,,,,,,,,,,,,,,,,,,,,,,,,,,,,,,,,,,,,,,,,,,,,,,,,,,,,,,,,,,,,,,,,,,,,,,,,,,,,,,,,,,,,,,,,,,,,,,,,,,,,,,,,,,,,,,,,,,,,,,26.55,217.809,223.027,19,Boston Bull,Shih Tzu,Shih Tzu,Cocker Spaniel,Irish Wolfhound,Golden retriever,Cocker Spaniel,Yorkshire Terrier,Not A Dog,Saluki,Shih Tzu,Yorkshire Terrier,Bloodhound,Shih Tzu,Irish Wolfhound,Saluki,Yorkshire Terrier,25.56,135.469,137.223,19,Cocker Spaniel,Golden retriever,Golden retriever,Irish Wolfhound,Yorkshire Terrier,Bloodhound,Cocker Spaniel,Saluki,Not A Dog,Boston Bull,Saluki,Cocker Spaniel,Irish Wolfhound,Golden retriever,Yorkshire Terrier,Saluki,Cocker Spaniel,2.14,275.414,279.272,19,Boston Bull,Yorkshire Terrier,Boston Bull,Golden retriever,Saluki,Golden retriever,Bloodhound,Saluki,Not A Dog,Boston Bull,Shih Tzu,Bloodhound,Boston Bull,Irish Wolfhound,Shih Tzu,Irish Wolfhound,Bloodhound,,,,,,,,,,,,,,,,,,,,,,,,,,,,,,,,,,,,,,,,,,,,,,,,,,,,,,,,,,,,,,,,806167816
2017-11-23 08:15:21,2017-11-23 08:19:21,IP Address,106.51.22.34,100,239,True,2017-11-23 08:19:22,R_3O9paRpxdSW336C,,,,,12.983306884766,77.583312988281,anonymous,EN,A374YV9KCIQNCC,1.395,12.2,13.079,11,around half,1,2,3,4,Yes,0 to 10,Yes,1.395,12.199,13.078,11,,,,,,,,,,,,,,,,,,,,,,,,,,,,,,,,,,,,,,,,,,,,,,,,,,,,,,,,,,,,,,,,,,,,,,,,,,,,,,,,,,,,,,,,,,,,,,,,,,,,,,,,,,,,,,,,,,,,,,,,,,,,,,,,,,,,,,,,,,,,,,,,,,,,,,,,,,,,,,,,,,,,,,,,,,,,,,,,,,,,,,,,,,,,,,2.848,62.588,63.298,38,Golden retriever,Cocker Spaniel,Shih Tzu,Yorkshire Terrier,Boston Bull,Boston Bull,Golden retriever,Irish Wolfhound,Not A Dog,Bloodhound,Cocker Spaniel,Golden retriever,Bloodhound,Boston Bull,Bloodhound,Boston Bull,Golden retriever,1.458,45.279,46.49,38,Saluki,Cocker Spaniel,Boston Bull,Boston Bull,Cocker Spaniel,Bloodhound,Bloodhound,Saluki,Not A Dog,Yorkshire Terrier,Saluki,Shih Tzu,Cocker Spaniel,Cocker Spaniel,Shih Tzu,Bloodhound,Bloodhound,0.933,49.675,50.279,40,Boston Bull,Boston Bull,Saluki,Golden retriever,Boston Bull,Irish Wolfhound,Yorkshire Terrier,Saluki,Not A Dog,Golden retriever,Boston Bull,Golden retriever,Golden retriever,Yorkshire Terrier,Saluki,Saluki,Yorkshire Terrier,359519701
2017-11-23 09:00:15,2017-11-23 09:06:24,IP Address,69.204.67.209,100,369,True,2017-11-23 09:06:25,R_2bK7FFG9A7O5vrc,,,,,43.07080078125,-78.820098876953,anonymous,EN,A2C27YTQSQ1GXS,4.067,19.385,20.118,15,a lot less than half,4,3,2,1,Yes,31 to 40,No,4.067,19.384,20.117,15,1.781,78.247,79.417,81,Boston Bull,Golden retriever,Yorkshire Terrier,Golden retriever,Irish Wolfhound,Golden retriever,Cocker Spaniel,Shih Tzu,Not A Dog,Bloodhound,Yorkshire Terrier,Shih Tzu,Bloodhound,Shih Tzu,Irish Wolfhound,Bloodhound,Shih Tzu,1.227,62.671,62.842,82,Saluki,Golden retriever,Golden retriever,Yorkshire Terrier,Shih Tzu,Cocker Spaniel,Cocker Spaniel,Bloodhound,Not A Dog,Boston Bull,Irish Wolfhound,Cocker Spaniel,Irish Wolfhound,Golden retriever,Shih Tzu,Irish Wolfhound,Cocker Spaniel,0.541,160.135,160.415,86,Boston Bull,Cocker Spaniel,Boston Bull,Golden retriever,Bloodhound,Golden retriever,Golden retriever,Saluki,Not A Dog,Boston Bull,Shih Tzu,Irish Wolfhound,Boston Bull,Irish Wolfhound,Yorkshire Terrier,Irish Wolfhound,Yorkshire Terrier,,,,,,,,,,,,,,,,,,,,,,,,,,,,,,,,,,,,,,,,,,,,,,,,,,,,,,,,,,,,,,,,,,,,,,,,,,,,,,,,,,,,,,,,,,,,,,,,,,,,,,,,,,,,,,,,,,,,,,,,,,,,,,,,,,,,,,,,,,,,,,,,,,,,,,,,,,,,,,,,,,,,,,,,,,,,,,,,,,,,,,,,,,,,,,661323550
2017-11-23 10:27:04,2017-11-23 10:31:40,IP Address,75.87.100.146,100,276,True,2017-11-23 10:31:40,R_stmjZUOjnZa5GaB,,,,,27.685104370117,-97.400299072266,anonymous,EN,A2HR7ZIX42FEPG,9.112,27.191,28.568,4,around half,4,1,2,3,Yes,41 or more,No,9.112,27.19,28.567,4,,,,,,,,,,,,,,,,,,,,,,,,,,,,,,,,,,,,,,,,,,,,,,,,,,,,,,,,,,,,,,,,,,,,,,,,,,,,,,,,,,,,,,,,,,,,,,,,,,,,,,,,,,,,,,,,,,,,,,,,,,,,,,,,,,,,,,,,,,,,,,,,,,,,,,,,,,,,,,,,,,,,,,,,,,,,,,,,,,,,,,,,,,,,,,10.129,95.854,97.341,19,Boston Bull,Shih Tzu,Shih Tzu,Cocker Spaniel,Irish Wolfhound,Golden retriever,Cocker Spaniel,Yorkshire Terrier,Not A Dog,Saluki,Shih Tzu,Yorkshire Terrier,Bloodhound,Shih Tzu,Irish Wolfhound,Saluki,Yorkshire Terrier,0.276,55.728,56.111,20,Shih Tzu,Golden retriever,Golden retriever,Irish Wolfhound,Shih Tzu,Bloodhound,Cocker Spaniel,Saluki,Not A Dog,Boston Bull,Saluki,Cocker Spaniel,Irish Wolfhound,Golden retriever,Shih Tzu,Cocker Spaniel,Cocker Spaniel,1.496,43.14,44.356,17,Boston Bull,Shih Tzu,Boston Bull,Golden retriever,Bloodhound,Shih Tzu,Bloodhound,Cocker Spaniel,Not A Dog,Boston Bull,Shih Tzu,Bloodhound,Boston Bull,Irish Wolfhound,Shih Tzu,Irish Wolfhound,Bloodhound,939994641
2017-11-23 10:35:47,2017-11-23 10:49:53,IP Address,73.39.110.57,100,846,True,2017-11-23 10:49:53,R_1lnQ2DMsUZn7Q5R,,,,,39.07829284668,-75.460998535156,anonymous,EN,A20SXG1DHDIDI7,6.471,48.142,49.069,7,around half,4,1,2,3,Yes,41 or more,No,6.471,48.143,49.07,7,,,,,,,,,,,,,,,,,,,,,,,,,,,,,,,,,,,,,,,,,,,,,,,,,,,,,,,,,,,,,,,,2.133,261.046,261.963,70,Boston Bull,Shih Tzu,Shih Tzu,Cocker Spaniel,Irish Wolfhound,Golden retriever,Golden retriever,Yorkshire Terrier,Not A Dog,Saluki,Shih Tzu,Yorkshire Terrier,Bloodhound,Shih Tzu,Irish Wolfhound,Saluki,Yorkshire Terrier,7.995,263.889,264.957,70,Cocker Spaniel,Golden retriever,Golden retriever,Irish Wolfhound,Yorkshire Terrier,Bloodhound,Cocker Spaniel,Saluki,Not A Dog,Boston Bull,Cocker Spaniel,Cocker Spaniel,Irish Wolfhound,Golden retriever,Yorkshire Terrier,Irish Wolfhound,Cocker Spaniel,1.684,155.581,156.675,64,Boston Bull,Yorkshire Terrier,Boston Bull,Golden retriever,Saluki,Cocker Spaniel,Bloodhound,Saluki,Not A Dog,Boston Bull,Yorkshire Terrier,Bloodhound,Boston Bull,Irish Wolfhound,Shih Tzu,Irish Wolfhound,Bloodhound,,,,,,,,,,,,,,,,,,,,,,,,,,,,,,,,,,,,,,,,,,,,,,,,,,,,,,,,,,,,,,,,,,,,,,,,,,,,,,,,,,,,,,,,,,,,,,,,,,,,,,,,,,,,,,,,,,,,,,,,,,,,,,,930294824
2017-11-23 10:49:50,2017-11-23 10:59:23,IP Address,27.107.204.208,100,573,True,2017-11-23 10:59:24,R_1NC8RuyNzuICmUl,,,,,13.235504150391,75.761505126953,anonymous,EN,A32IS852XM3D17,1.085,49.962,50.768,30,around half,3,2,1,4,Yes,41 or more,No,1.085,49.96,50.767,30,,,,,,,,,,,,,,,,,,,,,,,,,,,,,,,,,,,,,,,,,,,,,,,,,,,,,,,,,,,,,,,,,,,,,,,,,,,,,,,,,,,,,,,,,,,,,,,,,,,,,,,,,,,,,,,,,,,,,,,,,,,,,,,5.238,5.238,5.379,1,Golden retriever,Irish Wolfhound,Yorkshire Terrier,Golden retriever,Boston Bull,Yorkshire Terrier,Cocker Spaniel,Golden retriever,Golden retriever,Boston Bull,Yorkshire Terrier,Irish Wolfhound,Saluki,Cocker Spaniel,Cocker Spaniel,Cocker Spaniel,Irish Wolfhound,0.904,19.398,20.469,27,Boston Bull,Yorkshire Terrier,Boston Bull,Yorkshire Terrier,Yorkshire Terrier,Golden retriever,Cocker Spaniel,Cocker Spaniel,Not A Dog,Golden retriever,Golden retriever,Cocker Spaniel,Boston Bull,Boston Bull,Bloodhound,Saluki,Irish Wolfhound,3.804,3.804,5.153,1,Golden retriever,Irish Wolfhound,Cocker Spaniel,Golden retriever,Bloodhound,Saluki,Golden retriever,Cocker Spaniel,Saluki,Cocker Spaniel,Golden retriever,Irish Wolfhound,Cocker Spaniel,Yorkshire Terrier,Saluki,Yorkshire Terrier,Bloodhound,,,,,,,,,,,,,,,,,,,,,,,,,,,,,,,,,,,,,,,,,,,,,,,,,,,,,,,,,,,,,,,,618597051
2017-11-23 11:30:41,2017-11-23 11:38:40,IP Address,50.34.116.128,100,479,True,2017-11-23 11:38:41,R_2wLbfELsrDMezWd,,,,,48.091201782227,-122.24229431152,anonymous,EN,A1WNHGZ8S46T3C,8.349,46.663,47.47,9,a lot more than half,1,2,3,4,Yes,41 or more,No,8.35,46.662,47.468,9,,,,,,,,,,,,,,,,,,,,,,,,,,,,,,,,,,,,,,,,,,,,,,,,,,,,,,,,,,,,,,,,3.345,156.257,157.01,35,Boston Bull,Yorkshire Terrier,Yorkshire Terrier,Cocker Spaniel,Irish Wolfhound,Golden retriever,Cocker Spaniel,Shih Tzu,Not A Dog,Saluki,Yorkshire Terrier,Yorkshire Terrier,Bloodhound,Yorkshire Terrier,Irish Wolfhound,Saluki,Yorkshire Terrier,6.653,107.157,108.166,35,Cocker Spaniel,Golden retriever,Golden retriever,Irish Wolfhound,Cocker Spaniel,Bloodhound,Golden retriever,Saluki,Not A Dog,Boston Bull,Cocker Spaniel,Cocker Spaniel,Irish Wolfhound,Golden retriever,Yorkshire Terrier,Golden retriever,Cocker Spaniel,7.873,92.809,94.229,35,Boston Bull,Yorkshire Terrier,Boston Bull,Golden retriever,Bloodhound,Cocker Spaniel,Bloodhound,Saluki,Not A Dog,Boston Bull,Yorkshire Terrier,Bloodhound,Boston Bull,Irish Wolfhound,Shih Tzu,Irish Wolfhound,Bloodhound,,,,,,,,,,,,,,,,,,,,,,,,,,,,,,,,,,,,,,,,,,,,,,,,,,,,,,,,,,,,,,,,,,,,,,,,,,,,,,,,,,,,,,,,,,,,,,,,,,,,,,,,,,,,,,,,,,,,,,,,,,,,,,,514492592
2017-11-23 11:58:13,2017-11-23 12:04:34,IP Address,109.48.12.31,100,381,True,2017-11-23 12:04:35,R_3Rkg3rsttgxCFDK,,,,,38.629592895508,-9.1156005859375,anonymous,EN,A2FUAVWYRMIU6S,12.731,55.467,57.046,5,around half,2,1,3,4,No,21 to 30,Yes,12.731,55.467,57.045,5,,,,,,,,,,,,,,,,,,,,,,,,,,,,,,,,,,,,,,,,,,,,,,,,,,,,,,,,,,,,,,,,,,,,,,,,,,,,,,,,,,,,,,,,,,,,,,,,,,,,,,,,,,,,,,,,,,,,,,,,,,,,,,,,,,,,,,,,,,,,,,,,,,,,,,,,,,,,,,,,,,,,,,,,,,,,,,,,,,,,,,,,,,,,,,15.404,106.965,109.588,20,Boston Bull,Shih Tzu,Yorkshire Terrier,Cocker Spaniel,Yorkshire Terrier,Saluki,Cocker Spaniel,Cocker Spaniel,Shih Tzu,Saluki,Saluki,Yorkshire Terrier,Cocker Spaniel,Saluki,Golden retriever,Saluki,Yorkshire Terrier,4.403,73.846,76.096,17,Bloodhound,Saluki,Irish Wolfhound,Irish Wolfhound,Yorkshire Terrier,Cocker Spaniel,Cocker Spaniel,Saluki,Shih Tzu,Boston Bull,Saluki,Yorkshire Terrier,Bloodhound,Cocker Spaniel,Shih Tzu,Saluki,Golden retriever,2.452,70.749,72.35,19,Boston Bull,Yorkshire Terrier,Boston Bull,Irish Wolfhound,Cocker Spaniel,Yorkshire Terrier,Bloodhound,Saluki,Not A Dog,Boston Bull,Shih Tzu,Cocker Spaniel,Boston Bull,Yorkshire Terrier,Yorkshire Terrier,Yorkshire Terrier,Irish Wolfhound,776517192
2017-11-23 12:31:38,2017-11-23 12:40:09,IP Address,99.105.80.78,100,510,True,2017-11-23 12:40:10,R_22DqBhIdTvFL5lW,,,,,41.392807006836,-81.734703063965,anonymous,EN,A8KDSIY4KBYR4,4.035,31.158,32.052,18,around half,3,1,2,4,Yes,41 or more,No,4.036,31.159,32.052,18,1.577,166.754,168.295,90,Boston Bull,Shih Tzu,Shih Tzu,Cocker Spaniel,Irish Wolfhound,Golden retriever,Cocker Spaniel,Yorkshire Terrier,Not A Dog,Saluki,Shih Tzu,Yorkshire Terrier,Bloodhound,Shih Tzu,Saluki,Irish Wolfhound,Yorkshire Terrier,1.78,83.983,85.862,73,Cocker Spaniel,Golden retriever,Cocker Spaniel,Irish Wolfhound,Irish Wolfhound,Bloodhound,Cocker Spaniel,Saluki,Not A Dog,Boston Bull,Saluki,Cocker Spaniel,Irish Wolfhound,Golden retriever,Yorkshire Terrier,Saluki,Cocker Spaniel,1.222,84.647,85.394,69,Boston Bull,Yorkshire Terrier,Boston Bull,Golden retriever,Saluki,Golden retriever,Bloodhound,Saluki,Not A Dog,Boston Bull,Shih Tzu,Saluki,Boston Bull,Irish Wolfhound,Shih Tzu,Irish Wolfhound,Saluki,,,,,,,,,,,,,,,,,,,,,,,,,,,,,,,,,,,,,,,,,,,,,,,,,,,,,,,,,,,,,,,,,,,,,,,,,,,,,,,,,,,,,,,,,,,,,,,,,,,,,,,,,,,,,,,,,,,,,,,,,,,,,,,,,,,,,,,,,,,,,,,,,,,,,,,,,,,,,,,,,,,,,,,,,,,,,,,,,,,,,,,,,,,,,,773296501
2017-11-23 14:39:40,2017-11-23 14:49:30,IP Address,67.238.1.169,100,590,True,2017-11-23 14:49:31,R_33ycSrasaYT5ibC,,,,,26.558395385742,-81.899696350098,anonymous,EN,A2G0HRT8HS9HRZ,20.952,55.444,56.373,4,a lot less than half,3,2,1,4,Yes,31 to 40,No,20.952,55.443,56.373,4,,,,,,,,,,,,,,,,,,,,,,,,,,,,,,,,,,,,,,,,,,,,,,,,,,,,,,,,,,,,,,,,,,,,,,,,,,,,,,,,,,,,,,,,,,,,,,,,,,,,,,,,,,,,,,,,,,,,,,,,,,,,,,,4.243,185.479,188.07,17,Boston Bull,Shih Tzu,Shih Tzu,Saluki,Irish Wolfhound,Golden retriever,Cocker Spaniel,Yorkshire Terrier,Not A Dog,Saluki,Shih Tzu,Yorkshire Terrier,Bloodhound,Shih Tzu,Irish Wolfhound,Saluki,Shih Tzu,9.672,144.72,146.597,17,Shih Tzu,Golden retriever,Golden retriever,Irish Wolfhound,Shih Tzu,Bloodhound,Cocker Spaniel,Saluki,Not A Dog,Boston Bull,Irish Wolfhound,Cocker Spaniel,Irish Wolfhound,Golden retriever,Shih Tzu,Saluki,Cocker Spaniel,5.351,91.848,94.268,17,Boston Bull,Shih Tzu,Boston Bull,Golden retriever,Irish Wolfhound,Cocker Spaniel,Golden retriever,Saluki,Not A Dog,Boston Bull,Shih Tzu,Bloodhound,Boston Bull,Irish Wolfhound,Shih Tzu,Irish Wolfhound,Bloodhound,,,,,,,,,,,,,,,,,,,,,,,,,,,,,,,,,,,,,,,,,,,,,,,,,,,,,,,,,,,,,,,,351280292
2017-11-23 14:51:09,2017-11-23 14:56:07,IP Address,71.89.204.137,100,298,True,2017-11-23 14:56:07,R_2Bmp3YJ84FvQJqE,,,,,42.444000244141,-122.1741027832,anonymous,EN,A3I5AH4959TUYF,1.975,15.177,16.255,4,a lot more than half,2,1,3,4,Yes,41 or more,Yes,1.976,15.177,16.255,4,,,,,,,,,,,,,,,,,,,,,,,,,,,,,,,,,,,,,,,,,,,,,,,,,,,,,,,,,,,,,,,,2.068,77.78,81.098,18,Boston Bull,Shih Tzu,Yorkshire Terrier,Cocker Spaniel,Saluki,Golden retriever,Golden retriever,Yorkshire Terrier,Not A Dog,Bloodhound,Shih Tzu,Yorkshire Terrier,Bloodhound,Shih Tzu,Irish Wolfhound,Cocker Spaniel,Yorkshire Terrier,2.218,77.942,81.427,18,Cocker Spaniel,Golden retriever,Golden retriever,Irish Wolfhound,Yorkshire Terrier,Bloodhound,Golden retriever,Irish Wolfhound,Not A Dog,Boston Bull,Saluki,Cocker Spaniel,Cocker Spaniel,Golden retriever,Yorkshire Terrier,Cocker Spaniel,Boston Bull,2.702,78.832,81.036,18,Boston Bull,Yorkshire Terrier,Boston Bull,Golden retriever,Bloodhound,Golden retriever,Bloodhound,Cocker Spaniel,Not A Dog,Boston Bull,Shih Tzu,Bloodhound,Boston Bull,Cocker Spaniel,Shih Tzu,Cocker Spaniel,Bloodhound,,,,,,,,,,,,,,,,,,,,,,,,,,,,,,,,,,,,,,,,,,,,,,,,,,,,,,,,,,,,,,,,,,,,,,,,,,,,,,,,,,,,,,,,,,,,,,,,,,,,,,,,,,,,,,,,,,,,,,,,,,,,,,,363297423
2017-11-23 15:41:51,2017-11-23 15:51:32,IP Address,70.26.52.204,100,580,True,2017-11-23 15:51:33,R_2VOXtiB4aY8U76F,,,,,43.722305297852,-79.450401306152,anonymous,EN,A25WYUL9BURZAH,4.973,28.798,31.194,4,around half,3,1,2,4,Yes,11 to 20,Yes,4.972,28.797,31.193,4,,,,,,,,,,,,,,,,,,,,,,,,,,,,,,,,,,,,,,,,,,,,,,,,,,,,,,,,,,,,,,,,,,,,,,,,,,,,,,,,,,,,,,,,,,,,,,,,,,,,,,,,,,,,,,,,,,,,,,,,,,,,,,,,,,,,,,,,,,,,,,,,,,,,,,,,,,,,,,,,,,,,,,,,,,,,,,,,,,,,,,,,,,,,,,7.51,194.44,215.703,21,Boston Bull,Shih Tzu,Shih Tzu,Cocker Spaniel,Irish Wolfhound,Golden retriever,Golden retriever,Yorkshire Terrier,Not A Dog,Saluki,Shih Tzu,Yorkshire Terrier,Bloodhound,Shih Tzu,Irish Wolfhound,Saluki,Yorkshire Terrier,5.919,131.401,133.67,19,Cocker Spaniel,Golden retriever,Golden retriever,Irish Wolfhound,Yorkshire Terrier,Bloodhound,Golden retriever,Saluki,Not A Dog,Boston Bull,Yorkshire Terrier,Cocker Spaniel,Irish Wolfhound,Golden retriever,Yorkshire Terrier,Cocker Spaniel,Cocker Spaniel,4.342,95.741,97.838,18,Boston Bull,Yorkshire Terrier,Boston Bull,Golden retriever,Bloodhound,Shih Tzu,Bloodhound,Saluki,Not A Dog,Boston Bull,Shih Tzu,Bloodhound,Boston Bull,Irish Wolfhound,Shih Tzu,Irish Wolfhound,Bloodhound,46828739
2017-11-23 16:40:09,2017-11-23 16:47:32,IP Address,86.219.33.75,100,442,True,2017-11-23 16:47:32,R_BDHBSMHZeOPkwqR,,,,,43.455795288086,5.5614929199219,anonymous,EN,AVL5BZZ3X3S4B,6.86,48.413,49.476,11,around half,4,2,1,3,Yes,41 or more,Yes,6.861,48.413,49.476,11,,,,,,,,,,,,,,,,,,,,,,,,,,,,,,,,,,,,,,,,,,,,,,,,,,,,,,,,,,,,,,,,,,,,,,,,,,,,,,,,,,,,,,,,,,,,,,,,,,,,,,,,,,,,,,,,,,,,,,,,,,,,,,,19.3,147.364,149.211,17,Boston Bull,Saluki,Cocker Spaniel,Yorkshire Terrier,Irish Wolfhound,Golden retriever,Cocker Spaniel,Yorkshire Terrier,Not A Dog,Bloodhound,Shih Tzu,Cocker Spaniel,Bloodhound,Yorkshire Terrier,Irish Wolfhound,Bloodhound,Yorkshire Terrier,6.092,97.242,99.427,17,Cocker Spaniel,Golden retriever,Golden retriever,Irish Wolfhound,Cocker Spaniel,Bloodhound,Golden retriever,Bloodhound,Not A Dog,Boston Bull,Saluki,Cocker Spaniel,Irish Wolfhound,Golden retriever,Yorkshire Terrier,Bloodhound,Cocker Spaniel,1.661,67.142,69.185,17,Boston Bull,Yorkshire Terrier,Boston Bull,Golden retriever,Bloodhound,Golden retriever,Bloodhound,Bloodhound,Not A Dog,Boston Bull,Shih Tzu,Cocker Spaniel,Boston Bull,Irish Wolfhound,Shih Tzu,Irish Wolfhound,Bloodhound,,,,,,,,,,,,,,,,,,,,,,,,,,,,,,,,,,,,,,,,,,,,,,,,,,,,,,,,,,,,,,,,201596111
2017-11-23 16:55:21,2017-11-23 17:12:25,IP Address,186.88.202.123,100,1024,True,2017-11-23 17:12:26,R_OpOxZmXVClUlxiV,,,,,8,-66,anonymous,EN,A1FBHWI0K8SGQA,20.965,66.095,67.999,4,around half,3,2,1,4,Yes,41 or more,No,20.963,66.093,67.997,4,15.212,295.037,297.524,17,Boston Bull,Shih Tzu,Yorkshire Terrier,Shih Tzu,Irish Wolfhound,Golden retriever,Golden retriever,Yorkshire Terrier,Not A Dog,Saluki,Shih Tzu,Shih Tzu,Bloodhound,Yorkshire Terrier,Irish Wolfhound,Saluki,Shih Tzu,0.303,221.663,224.153,17,Shih Tzu,Cocker Spaniel,Golden retriever,Irish Wolfhound,Yorkshire Terrier,Bloodhound,Cocker Spaniel,Saluki,Not A Dog,Boston Bull,Saluki,Boston Bull,Irish Wolfhound,Golden retriever,Shih Tzu,Saluki,Golden retriever,10.876,139.818,141.981,18,Boston Bull,Yorkshire Terrier,Boston Bull,Golden retriever,Saluki,Cocker Spaniel,Golden retriever,Saluki,Not A Dog,Boston Bull,Shih Tzu,Bloodhound,Boston Bull,Irish Wolfhound,Yorkshire Terrier,Irish Wolfhound,Saluki,,,,,,,,,,,,,,,,,,,,,,,,,,,,,,,,,,,,,,,,,,,,,,,,,,,,,,,,,,,,,,,,,,,,,,,,,,,,,,,,,,,,,,,,,,,,,,,,,,,,,,,,,,,,,,,,,,,,,,,,,,,,,,,,,,,,,,,,,,,,,,,,,,,,,,,,,,,,,,,,,,,,,,,,,,,,,,,,,,,,,,,,,,,,,,332836623
2017-11-23 17:04:16,2017-11-23 17:13:17,IP Address,104.129.204.171,100,541,True,2017-11-23 17:13:18,R_2uP5cQptefDtORq,,,,,33.748992919922,-84.388000488281,anonymous,EN,A42VJPPGH5SLM,2.685,15.685,16.621,4,around half,2,1,3,4,Yes,41 or more,Yes,2.686,15.686,16.621,4,,,,,,,,,,,,,,,,,,,,,,,,,,,,,,,,,,,,,,,,,,,,,,,,,,,,,,,,,,,,,,,,124.87,270.863,272.928,19,Boston Bull,Yorkshire Terrier,Shih Tzu,Cocker Spaniel,Irish Wolfhound,Golden retriever,Golden retriever,Yorkshire Terrier,Not A Dog,Saluki,Shih Tzu,Shih Tzu,Bloodhound,Shih Tzu,Bloodhound,Saluki,Shih Tzu,7.408,67.629,69.441,18,Yorkshire Terrier,Cocker Spaniel,Golden retriever,Bloodhound,Yorkshire Terrier,Bloodhound,Cocker Spaniel,Saluki,Not A Dog,Boston Bull,Irish Wolfhound,Yorkshire Terrier,Irish Wolfhound,Golden retriever,Shih Tzu,Cocker Spaniel,Cocker Spaniel,1.01,46.27,46.98,19,Boston Bull,Yorkshire Terrier,Boston Bull,Golden retriever,Bloodhound,Cocker Spaniel,Bloodhound,Saluki,Not A Dog,Boston Bull,Shih Tzu,Cocker Spaniel,Boston Bull,Saluki,Shih Tzu,Saluki,Irish Wolfhound,,,,,,,,,,,,,,,,,,,,,,,,,,,,,,,,,,,,,,,,,,,,,,,,,,,,,,,,,,,,,,,,,,,,,,,,,,,,,,,,,,,,,,,,,,,,,,,,,,,,,,,,,,,,,,,,,,,,,,,,,,,,,,,166062787
2017-11-23 17:13:11,2017-11-23 17:22:25,IP Address,173.217.64.100,100,553,True,2017-11-23 17:22:25,R_31Nx0g0o8V7DO6B,,,,,30.258499145508,-93.406303405762,anonymous,EN,A2O4UAS8AXZ5A9,5.115,33.907,35.479,4,a lot less than half,3,1,2,4,Yes,0 to 10,Yes,5.115,33.907,35.478,4,10.486,194.19,196.589,17,Boston Bull,Yorkshire Terrier,Shih Tzu,Shih Tzu,Saluki,Cocker Spaniel,Cocker Spaniel,Shih Tzu,Not A Dog,Irish Wolfhound,Yorkshire Terrier,Yorkshire Terrier,Bloodhound,Yorkshire Terrier,Irish Wolfhound,Irish Wolfhound,Yorkshire Terrier,6.027,138.579,141.04,17,Cocker Spaniel,Golden retriever,Golden retriever,Irish Wolfhound,Shih Tzu,Bloodhound,Cocker Spaniel,Irish Wolfhound,Not A Dog,Boston Bull,Saluki,Cocker Spaniel,Irish Wolfhound,Golden retriever,Yorkshire Terrier,Saluki,Cocker Spaniel,4.115,107.99,110.307,18,Boston Bull,Yorkshire Terrier,Boston Bull,Golden retriever,Irish Wolfhound,Golden retriever,Golden retriever,Irish Wolfhound,Not A Dog,Boston Bull,Yorkshire Terrier,Bloodhound,Boston Bull,Saluki,Yorkshire Terrier,Saluki,Bloodhound,,,,,,,,,,,,,,,,,,,,,,,,,,,,,,,,,,,,,,,,,,,,,,,,,,,,,,,,,,,,,,,,,,,,,,,,,,,,,,,,,,,,,,,,,,,,,,,,,,,,,,,,,,,,,,,,,,,,,,,,,,,,,,,,,,,,,,,,,,,,,,,,,,,,,,,,,,,,,,,,,,,,,,,,,,,,,,,,,,,,,,,,,,,,,,127870683
2017-11-23 17:43:47,2017-11-23 17:55:01,IP Address,142.255.43.150,100,674,True,2017-11-23 17:55:02,R_1I6qO5AnPVC9pqJ,,,,,40.859603881836,-73.931396484375,anonymous,EN,A3BUKQ7ZGNS3UU,6.523,78.139,80.103,7,a lot less than half,3,1,2,4,No,21 to 30,Yes,6.522,78.138,80.102,7,,,,,,,,,,,,,,,,,,,,,,,,,,,,,,,,,,,,,,,,,,,,,,,,,,,,,,,,,,,,,,,,,,,,,,,,,,,,,,,,,,,,,,,,,,,,,,,,,,,,,,,,,,,,,,,,,,,,,,,,,,,,,,,19.991,269.222,270.292,39,Boston Bull,Saluki,Yorkshire Terrier,Cocker Spaniel,Irish Wolfhound,Golden retriever,Cocker Spaniel,Shih Tzu,Not A Dog,Irish Wolfhound,Saluki,Yorkshire Terrier,Bloodhound,Saluki,Irish Wolfhound,Irish Wolfhound,Yorkshire Terrier,4.992,126.199,128.074,37,Cocker Spaniel,Irish Wolfhound,Golden retriever,Irish Wolfhound,Yorkshire Terrier,Bloodhound,Golden retriever,Irish Wolfhound,Not A Dog,Boston Bull,Irish Wolfhound,Cocker Spaniel,Irish Wolfhound,Golden retriever,Saluki,Irish Wolfhound,Cocker Spaniel,2.658,130.096,132.368,38,Boston Bull,Yorkshire Terrier,Boston Bull,Golden retriever,Irish Wolfhound,Saluki,Bloodhound,Irish Wolfhound,Not A Dog,Boston Bull,Shih Tzu,Bloodhound,Boston Bull,Irish Wolfhound,Shih Tzu,Irish Wolfhound,Bloodhound,,,,,,,,,,,,,,,,,,,,,,,,,,,,,,,,,,,,,,,,,,,,,,,,,,,,,,,,,,,,,,,,860467554
2017-11-23 18:02:59,2017-11-23 18:11:03,IP Address,104.188.162.236,100,484,True,2017-11-23 18:11:04,R_1E7ohvQkIUgFcVd,,,,,36.071395874023,-79.76789855957,anonymous,EN,A2Z8SR1UU09HO5,8.23,21.653,23.312,4,a lot more than half,2,1,3,4,Yes,21 to 30,Yes,8.229,21.652,23.311,4,,,,,,,,,,,,,,,,,,,,,,,,,,,,,,,,,,,,,,,,,,,,,,,,,,,,,,,,,,,,,,,,,,,,,,,,,,,,,,,,,,,,,,,,,,,,,,,,,,,,,,,,,,,,,,,,,,,,,,,,,,,,,,,,,,,,,,,,,,,,,,,,,,,,,,,,,,,,,,,,,,,,,,,,,,,,,,,,,,,,,,,,,,,,,,3.584,141.754,144.259,19,Boston Bull,Shih Tzu,Shih Tzu,Cocker Spaniel,Irish Wolfhound,Golden retriever,Cocker Spaniel,Shih Tzu,Not A Dog,Saluki,Yorkshire Terrier,Yorkshire Terrier,Bloodhound,Cocker Spaniel,Irish Wolfhound,Saluki,Yorkshire Terrier,1.922,130.252,132.725,18,Cocker Spaniel,Golden retriever,Golden retriever,Irish Wolfhound,Yorkshire Terrier,Bloodhound,Cocker Spaniel,Saluki,Not A Dog,Boston Bull,Yorkshire Terrier,Cocker Spaniel,Irish Wolfhound,Golden retriever,Yorkshire Terrier,Cocker Spaniel,Cocker Spaniel,1.8,80.653,82.605,17,Boston Bull,Shih Tzu,Boston Bull,Golden retriever,Bloodhound,Golden retriever,Bloodhound,Irish Wolfhound,Not A Dog,Boston Bull,Shih Tzu,Bloodhound,Boston Bull,Irish Wolfhound,Shih Tzu,Irish Wolfhound,Bloodhound,81097452
2017-11-23 18:45:53,2017-11-23 18:49:27,IP Address,122.164.20.243,100,213,True,2017-11-23 18:49:28,R_2R32WcbAb5rvj2P,,,,,13.083297729492,80.283294677734,anonymous,EN,A1WUZOLVPEXOLE,1.194,15.738,16.8,6,around half,1,3,2,4,Yes,21 to 30,No,1.193,15.738,16.799,6,,,,,,,,,,,,,,,,,,,,,,,,,,,,,,,,,,,,,,,,,,,,,,,,,,,,,,,,,,,,,,,,,,,,,,,,,,,,,,,,,,,,,,,,,,,,,,,,,,,,,,,,,,,,,,,,,,,,,,,,,,,,,,,3.611,70.582,72.314,18,Boston Bull,Boston Bull,Cocker Spaniel,Golden retriever,Saluki,Boston Bull,Cocker Spaniel,Shih Tzu,Not A Dog,Golden retriever,Saluki,Bloodhound,Yorkshire Terrier,Cocker Spaniel,Saluki,Irish Wolfhound,Golden retriever,0.631,36.516,38.271,18,Golden retriever,Bloodhound,Bloodhound,Boston Bull,Cocker Spaniel,Golden retriever,Golden retriever,Shih Tzu,Not A Dog,Irish Wolfhound,Saluki,Shih Tzu,Saluki,Saluki,Boston Bull,Irish Wolfhound,Golden retriever,1.215,33.123,34.653,18,Shih Tzu,Saluki,Cocker Spaniel,Golden retriever,Yorkshire Terrier,Boston Bull,Saluki,Cocker Spaniel,Not A Dog,Bloodhound,Cocker Spaniel,Saluki,Cocker Spaniel,Irish Wolfhound,Cocker Spaniel,Saluki,Boston Bull,,,,,,,,,,,,,,,,,,,,,,,,,,,,,,,,,,,,,,,,,,,,,,,,,,,,,,,,,,,,,,,,695175042
2017-11-23 19:20:40,2017-11-23 19:33:44,IP Address,24.112.107.144,100,784,True,2017-11-23 19:33:45,R_1OYTvxBtJUHRpR3,,,,,31.185806274414,-82.353897094727,anonymous,EN,A22Z03NU5RN6AZ,3.179,26.942,27.783,21,a lot more than half,3,1,2,4,Yes,41 or more,No,3.18,26.942,27.783,21,,,,,,,,,,,,,,,,,,,,,,,,,,,,,,,,,,,,,,,,,,,,,,,,,,,,,,,,,,,,,,,,,,,,,,,,,,,,,,,,,,,,,,,,,,,,,,,,,,,,,,,,,,,,,,,,,,,,,,,,,,,,,,,,,,,,,,,,,,,,,,,,,,,,,,,,,,,,,,,,,,,,,,,,,,,,,,,,,,,,,,,,,,,,,,0.273,456.097,456.561,265,Boston Bull,Shih Tzu,Shih Tzu,Cocker Spaniel,Irish Wolfhound,Golden retriever,Golden retriever,Yorkshire Terrier,Not A Dog,Saluki,Shih Tzu,Yorkshire Terrier,Bloodhound,Shih Tzu,Irish Wolfhound,Saluki,Yorkshire Terrier,1.021,100.938,102.123,112,Cocker Spaniel,Golden retriever,Golden retriever,Irish Wolfhound,Shih Tzu,Bloodhound,Cocker Spaniel,Saluki,Not A Dog,Boston Bull,Saluki,Cocker Spaniel,Irish Wolfhound,Golden retriever,Yorkshire Terrier,Saluki,Cocker Spaniel,0.659,68.615,69.761,78,Boston Bull,Shih Tzu,Boston Bull,Golden retriever,Bloodhound,Golden retriever,Bloodhound,Saluki,Not A Dog,Boston Bull,Shih Tzu,Bloodhound,Boston Bull,Irish Wolfhound,Shih Tzu,Irish Wolfhound,Bloodhound,208798356
2017-11-23 20:01:35,2017-11-23 20:08:49,IP Address,72.175.132.72,100,434,True,2017-11-23 20:08:50,R_2s4qCYlClYO6Wll,,,,,38.477905273438,-105.45559692383,anonymous,EN,A16YVNUJMK1RNE,1.38,17.977,18.616,16,around half,3,2,1,4,Maybe,21 to 30,Yes,1.381,17.974,18.614,16,,,,,,,,,,,,,,,,,,,,,,,,,,,,,,,,,,,,,,,,,,,,,,,,,,,,,,,,,,,,,,,,6.5,104.216,104.983,97,Boston Bull,Shih Tzu,Yorkshire Terrier,Cocker Spaniel,Irish Wolfhound,Golden retriever,Cocker Spaniel,Shih Tzu,Not A Dog,Saluki,Yorkshire Terrier,Yorkshire Terrier,Bloodhound,Yorkshire Terrier,Irish Wolfhound,Saluki,Yorkshire Terrier,16.462,75.745,76.782,85,Cocker Spaniel,Golden retriever,Golden retriever,Irish Wolfhound,Yorkshire Terrier,Bloodhound,Cocker Spaniel,Saluki,Not A Dog,Boston Bull,Saluki,Cocker Spaniel,Irish Wolfhound,Golden retriever,Yorkshire Terrier,Saluki,Cocker Spaniel,0.696,65.731,66.61,106,Boston Bull,Yorkshire Terrier,Boston Bull,Golden retriever,Saluki,Golden retriever,Bloodhound,Saluki,Not A Dog,Boston Bull,Yorkshire Terrier,Bloodhound,Boston Bull,Irish Wolfhound,Shih Tzu,Irish Wolfhound,Bloodhound,,,,,,,,,,,,,,,,,,,,,,,,,,,,,,,,,,,,,,,,,,,,,,,,,,,,,,,,,,,,,,,,,,,,,,,,,,,,,,,,,,,,,,,,,,,,,,,,,,,,,,,,,,,,,,,,,,,,,,,,,,,,,,,157490596
2017-11-23 20:21:04,2017-11-23 20:23:35,IP Address,103.25.44.2,100,150,True,2017-11-23 20:23:35,R_1laQJZc530LqByf,,,,,11.233306884766,78.166687011719,anonymous,EN,A3623K4YKQ42R9,3.13,22.834,24.055,6,around half,2,1,3,4,Maybe,0 to 10,Yes,3.129,22.833,24.054,6,3.998,25.716,26.619,18,Golden retriever,Boston Bull,Yorkshire Terrier,Yorkshire Terrier,Cocker Spaniel,Irish Wolfhound,Yorkshire Terrier,Boston Bull,Boston Bull,Shih Tzu,Golden retriever,Yorkshire Terrier,Saluki,Golden retriever,Yorkshire Terrier,Yorkshire Terrier,Golden retriever,0.53,23.785,24.737,15,Cocker Spaniel,Cocker Spaniel,Boston Bull,Boston Bull,Irish Wolfhound,Boston Bull,Golden retriever,Yorkshire Terrier,Yorkshire Terrier,Boston Bull,Irish Wolfhound,Irish Wolfhound,Irish Wolfhound,Shih Tzu,Shih Tzu,Yorkshire Terrier,Saluki,0.827,16.651,19.109,17,Boston Bull,Cocker Spaniel,Cocker Spaniel,Bloodhound,Bloodhound,Yorkshire Terrier,Boston Bull,Golden retriever,Golden retriever,Bloodhound,Cocker Spaniel,Shih Tzu,Yorkshire Terrier,Bloodhound,Saluki,Saluki,Boston Bull,,,,,,,,,,,,,,,,,,,,,,,,,,,,,,,,,,,,,,,,,,,,,,,,,,,,,,,,,,,,,,,,,,,,,,,,,,,,,,,,,,,,,,,,,,,,,,,,,,,,,,,,,,,,,,,,,,,,,,,,,,,,,,,,,,,,,,,,,,,,,,,,,,,,,,,,,,,,,,,,,,,,,,,,,,,,,,,,,,,,,,,,,,,,,,263902187
2017-11-23 20:28:29,2017-11-23 20:34:28,IP Address,70.215.130.197,100,359,True,2017-11-23 20:34:29,R_1pmnBdRTQm1Q21Y,,,,,34.917999267578,-89.821601867676,anonymous,EN,A3C9KXG5SJST07,16.127,46.207,47.685,5,around half,2,1,3,4,Yes,41 or more,Yes,16.127,46.206,47.685,5,11.367,94.557,96.532,18,Boston Bull,Shih Tzu,Shih Tzu,Saluki,Irish Wolfhound,Golden retriever,Cocker Spaniel,Yorkshire Terrier,Not A Dog,Saluki,Shih Tzu,Yorkshire Terrier,Bloodhound,Shih Tzu,Irish Wolfhound,Saluki,Yorkshire Terrier,2.748,80.366,82.101,19,Saluki,Golden retriever,Golden retriever,Irish Wolfhound,Cocker Spaniel,Bloodhound,Golden retriever,Saluki,Not A Dog,Boston Bull,Saluki,Cocker Spaniel,Irish Wolfhound,Golden retriever,Yorkshire Terrier,Saluki,Irish Wolfhound,1.133,58.928,60.914,17,Boston Bull,Yorkshire Terrier,Boston Bull,Golden retriever,Irish Wolfhound,Golden retriever,Golden retriever,Saluki,Not A Dog,Boston Bull,Shih Tzu,Irish Wolfhound,Boston Bull,Irish Wolfhound,Shih Tzu,Saluki,Bloodhound,,,,,,,,,,,,,,,,,,,,,,,,,,,,,,,,,,,,,,,,,,,,,,,,,,,,,,,,,,,,,,,,,,,,,,,,,,,,,,,,,,,,,,,,,,,,,,,,,,,,,,,,,,,,,,,,,,,,,,,,,,,,,,,,,,,,,,,,,,,,,,,,,,,,,,,,,,,,,,,,,,,,,,,,,,,,,,,,,,,,,,,,,,,,,,615331553
2017-11-23 20:33:11,2017-11-23 20:38:06,IP Address,117.201.30.8,100,294,True,2017-11-23 20:38:06,R_2S1v4VYVU50Tvj1,,,,,11.649993896484,78.166687011719,anonymous,EN,A1B5YMVUL4HH67,1.788,22.684,37.553,4,around half,1,2,3,4,Yes,21 to 30,Yes,1.789,22.684,37.553,4,,,,,,,,,,,,,,,,,,,,,,,,,,,,,,,,,,,,,,,,,,,,,,,,,,,,,,,,,,,,,,,,4.853,45.486,48.05,18,Boston Bull,Boston Bull,Golden retriever,Cocker Spaniel,Yorkshire Terrier,Shih Tzu,Shih Tzu,Boston Bull,Golden retriever,Irish Wolfhound,Bloodhound,Irish Wolfhound,Saluki,Cocker Spaniel,Golden retriever,Not A Dog,Bloodhound,0.423,44.262,46.938,17,Cocker Spaniel,Cocker Spaniel,Shih Tzu,Yorkshire Terrier,Bloodhound,Irish Wolfhound,Saluki,Boston Bull,Yorkshire Terrier,Golden retriever,Saluki,Bloodhound,Saluki,Cocker Spaniel,Golden retriever,Not A Dog,Golden retriever,0.48,40.984,42.495,18,Bloodhound,Yorkshire Terrier,Golden retriever,Bloodhound,Saluki,Yorkshire Terrier,Cocker Spaniel,Golden retriever,Shih Tzu,Yorkshire Terrier,Cocker Spaniel,Yorkshire Terrier,Saluki,Saluki,Irish Wolfhound,Saluki,Cocker Spaniel,,,,,,,,,,,,,,,,,,,,,,,,,,,,,,,,,,,,,,,,,,,,,,,,,,,,,,,,,,,,,,,,,,,,,,,,,,,,,,,,,,,,,,,,,,,,,,,,,,,,,,,,,,,,,,,,,,,,,,,,,,,,,,,9686073
2017-11-23 20:53:08,2017-11-23 21:01:47,IP Address,99.232.88.223,100,518,True,2017-11-23 21:01:48,R_1E53Kc0U5VVI8kw,,,,,43.840393066406,-79.025100708008,anonymous,EN,A3R9YS8IZH91T0,6.196,59.144,60.956,9,around half,3,1,2,4,Yes,21 to 30,No,6.196,59.144,60.956,9,,,,,,,,,,,,,,,,,,,,,,,,,,,,,,,,,,,,,,,,,,,,,,,,,,,,,,,,,,,,,,,,,,,,,,,,,,,,,,,,,,,,,,,,,,,,,,,,,,,,,,,,,,,,,,,,,,,,,,,,,,,,,,,3.965,150.215,151.307,39,Boston Bull,Shih Tzu,Yorkshire Terrier,Cocker Spaniel,Irish Wolfhound,Golden retriever,Cocker Spaniel,Yorkshire Terrier,Not A Dog,Saluki,Shih Tzu,Yorkshire Terrier,Bloodhound,Shih Tzu,Irish Wolfhound,Saluki,Yorkshire Terrier,4.645,119.26,120.521,38,Cocker Spaniel,Golden retriever,Golden retriever,Irish Wolfhound,Yorkshire Terrier,Bloodhound,Cocker Spaniel,Saluki,Not A Dog,Boston Bull,Saluki,Cocker Spaniel,Irish Wolfhound,Golden retriever,Yorkshire Terrier,Saluki,Cocker Spaniel,3.48,105.361,106.397,41,Boston Bull,Yorkshire Terrier,Boston Bull,Golden retriever,Saluki,Cocker Spaniel,Cocker Spaniel,Saluki,Not A Dog,Boston Bull,Shih Tzu,Bloodhound,Boston Bull,Irish Wolfhound,Shih Tzu,Irish Wolfhound,Bloodhound,,,,,,,,,,,,,,,,,,,,,,,,,,,,,,,,,,,,,,,,,,,,,,,,,,,,,,,,,,,,,,,,385255133
2017-11-23 21:18:55,2017-11-23 21:29:53,IP Address,122.164.22.73,100,658,True,2017-11-23 21:29:54,R_1FmGTMA7ULgy0tk,,,,,13.083297729492,80.283294677734,anonymous,EN,A2EARNRMFJOSIY,6.343,38.901,38.91,8,around half,3,2,1,4,Maybe,11 to 20,No,6.343,38.901,38.909,8,,,,,,,,,,,,,,,,,,,,,,,,,,,,,,,,,,,,,,,,,,,,,,,,,,,,,,,,,,,,,,,,,,,,,,,,,,,,,,,,,,,,,,,,,,,,,,,,,,,,,,,,,,,,,,,,,,,,,,,,,,,,,,,6.988,210.229,213.629,30,Boston Bull,Shih Tzu,Shih Tzu,Cocker Spaniel,Irish Wolfhound,Golden retriever,Cocker Spaniel,Yorkshire Terrier,Not A Dog,Saluki,Shih Tzu,Yorkshire Terrier,Bloodhound,Yorkshire Terrier,Irish Wolfhound,Saluki,Yorkshire Terrier,13.67,198.567,198.578,31,Shih Tzu,Saluki,Golden retriever,Irish Wolfhound,Shih Tzu,Bloodhound,Cocker Spaniel,Saluki,Not A Dog,Boston Bull,Saluki,Boston Bull,Irish Wolfhound,Cocker Spaniel,Shih Tzu,Saluki,Cocker Spaniel,14.688,97.57,99.943,29,Boston Bull,Yorkshire Terrier,Boston Bull,Golden retriever,Bloodhound,Shih Tzu,Golden retriever,Saluki,Not A Dog,Boston Bull,Shih Tzu,Bloodhound,Boston Bull,Irish Wolfhound,Shih Tzu,Irish Wolfhound,Bloodhound,,,,,,,,,,,,,,,,,,,,,,,,,,,,,,,,,,,,,,,,,,,,,,,,,,,,,,,,,,,,,,,,34767645
2017-11-23 21:27:33,2017-11-23 21:36:10,IP Address,167.165.222.44,100,517,True,2017-11-23 21:36:11,R_3Jg84H5x2g6TaU0,,,,,41.903793334961,-87.67569732666,anonymous,EN,A12E0YAXVLAJOW,16.425,114.481,116.047,4,around half,3,1,2,4,Yes,21 to 30,No,16.425,114.481,116.047,4,,,,,,,,,,,,,,,,,,,,,,,,,,,,,,,,,,,,,,,,,,,,,,,,,,,,,,,,,,,,,,,,18.554,94.318,96.502,17,Boston Bull,Shih Tzu,Shih Tzu,Cocker Spaniel,Irish Wolfhound,Golden retriever,Cocker Spaniel,Yorkshire Terrier,Not A Dog,Saluki,Shih Tzu,Yorkshire Terrier,Bloodhound,Shih Tzu,Irish Wolfhound,Saluki,Yorkshire Terrier,2.678,116.592,118.516,17,Cocker Spaniel,Golden retriever,Golden retriever,Irish Wolfhound,Irish Wolfhound,Bloodhound,Cocker Spaniel,Saluki,Not A Dog,Boston Bull,Saluki,Cocker Spaniel,Irish Wolfhound,Golden retriever,Yorkshire Terrier,Saluki,Cocker Spaniel,1.954,98.235,100.542,17,Boston Bull,Shih Tzu,Boston Bull,Golden retriever,Bloodhound,Golden retriever,Bloodhound,Saluki,Not A Dog,Boston Bull,Shih Tzu,Bloodhound,Boston Bull,Irish Wolfhound,Shih Tzu,Irish Wolfhound,Bloodhound,,,,,,,,,,,,,,,,,,,,,,,,,,,,,,,,,,,,,,,,,,,,,,,,,,,,,,,,,,,,,,,,,,,,,,,,,,,,,,,,,,,,,,,,,,,,,,,,,,,,,,,,,,,,,,,,,,,,,,,,,,,,,,,270445227
2017-11-23 22:04:47,2017-11-23 22:12:47,IP Address,104.181.143.222,100,480,True,2017-11-23 22:12:48,R_2TnO8j0vFH0MHyR,,,,,34.088104248047,-117.46479797363,anonymous,EN,A1A6UVH1CCP8CD,20.734,41.298,42.361,7,around half,3,1,2,4,Yes,41 or more,No,20.733,41.297,42.361,7,,,,,,,,,,,,,,,,,,,,,,,,,,,,,,,,,,,,,,,,,,,,,,,,,,,,,,,,,,,,,,,,,,,,,,,,,,,,,,,,,,,,,,,,,,,,,,,,,,,,,,,,,,,,,,,,,,,,,,,,,,,,,,,,,,,,,,,,,,,,,,,,,,,,,,,,,,,,,,,,,,,,,,,,,,,,,,,,,,,,,,,,,,,,,,4.275,122.055,125.152,37,Boston Bull,Shih Tzu,Shih Tzu,Yorkshire Terrier,Irish Wolfhound,Golden retriever,Yorkshire Terrier,Yorkshire Terrier,Not A Dog,Saluki,Shih Tzu,Yorkshire Terrier,Bloodhound,Shih Tzu,Saluki,Saluki,Yorkshire Terrier,6.938,85.338,88.159,35,Cocker Spaniel,Golden retriever,Golden retriever,Irish Wolfhound,Yorkshire Terrier,Bloodhound,Cocker Spaniel,Saluki,Not A Dog,Boston Bull,Shih Tzu,Cocker Spaniel,Irish Wolfhound,Golden retriever,Shih Tzu,Saluki,Cocker Spaniel,1.505,101.834,102.885,36,Boston Bull,Yorkshire Terrier,Boston Bull,Golden retriever,Bloodhound,Yorkshire Terrier,Bloodhound,Saluki,Not A Dog,Boston Bull,Shih Tzu,Bloodhound,Boston Bull,Irish Wolfhound,Shih Tzu,Irish Wolfhound,Bloodhound,691673874
2017-11-23 00:47:02,2017-11-23 00:52:36,IP Address,107.77.230.24,76,333,False,2017-11-24 00:47:28,R_8HdMaPAhBRamhFf,,,,,,,anonymous,EN,A1KK28XXMM8KEL,16.968,67.082,68.439,22,a lot more than half,3,2,1,4,Yes,41 or more,No,16.968,67.082,68.439,22,,,,,,,,,,,,,,,,,,,,,,,,,,,,,,,,,,,,,,,,,,,,,,,,,,,,,,,,,,,,,,,,,,,,,,,,,,,,,,,,,,,,,,,,,,,,,,,,,,,,,,,,,,,,,,,,,,,,,,,,,,,,,,,,,,,,,,,,,,,,,,,,,,,,,,,,,,,,,,,,,,,,,,,,,,,,,,,,,,,,,,,,,,,,,,,,,,,,,,,,,,,,,,,,,,,,,,,,,,,,,,,,,,,,,,,,,,,,,,,,,,,,,,,,,,,,,
2017-11-23 01:16:35,2017-11-23 01:17:40,IP Address,75.187.146.245,76,65,False,2017-11-24 01:16:43,R_bBXWlg42cBcpJu1,,,,,,,anonymous,EN,A3RW07N951SRUW,2.476,31.281,31.772,25,a lot more than half,4,1,2,3,Yes,41 or more,No,2.476,31.28,31.772,25,,,,,,,,,,,,,,,,,,,,,,,,,,,,,,,,,,,,,,,,,,,,,,,,,,,,,,,,,,,,,,,,,,,,,,,,,,,,,,,,,,,,,,,,,,,,,,,,,,,,,,,,,,,,,,,,,,,,,,,,,,,,,,,,,,,,,,,,,,,,,,,,,,,,,,,,,,,,,,,,,,,,,,,,,,,,,,,,,,,,,,,,,,,,,,,,,,,,,,,,,,,,,,,,,,,,,,,,,,,,,,,,,,,,,,,,,,,,,,,,,,,,,,,,,,,,,
2017-11-23 02:09:21,2017-11-23 02:11:20,IP Address,171.61.251.52,76,119,False,2017-11-24 02:09:46,R_1jUOQrEjPlWoosr,,,,,,,anonymous,EN,A257IRS6SYPPIW,3.097,42.244,43.184,5,a lot less than half,1,2,3,4,Maybe,11 to 20,Yes,3.097,42.243,43.183,5,,,,,,,,,,,,,,,,,,,,,,,,,,,,,,,,,,,,,,,,,,,,,,,,,,,,,,,,,,,,,,,,,,,,,,,,,,,,,,,,,,,,,,,,,,,,,,,,,,,,,,,,,,,,,,,,,,,,,,,,,,,,,,,,,,,,,,,,,,,,,,,,,,,,,,,,,,,,,,,,,,,,,,,,,,,,,,,,,,,,,,,,,,,,,,,,,,,,,,,,,,,,,,,,,,,,,,,,,,,,,,,,,,,,,,,,,,,,,,,,,,,,,,,,,,,,,
2017-11-23 03:20:59,2017-11-23 03:21:57,IP Address,106.222.142.176,0,57,False,2017-11-24 03:21:27,R_7ZCKg1kc18pszEB,,,,,,,anonymous,EN,A12O2QEQMYB9M5,,,,,,,,,,,,,,,,,,,,,,,,,,,,,,,,,,,,,,,,,,,,,,,,,,,,,,,,,,,,,,,,,,,,,,,,,,,,,,,,,,,,,,,,,,,,,,,,,,,,,,,,,,,,,,,,,,,,,,,,,,,,,,,,,,,,,,,,,,,,,,,,,,,,,,,,,,,,,,,,,,,,,,,,,,,,,,,,,,,,,,,,,,,,,,,,,,,,,,,,,,,,,,,,,,,,,,,,,,,,,,,,,,,,,,,,,,,,,,,,,,,,,,,,,,,,,,,,,,,,,,,,,,,,,
2017-11-23 03:36:04,2017-11-23 03:37:47,IP Address,174.109.11.123,76,102,False,2017-11-24 03:36:23,R_27P5AmcUYcF3L8v,,,,,,,anonymous,EN,A2Z9N8TQQGZI38,4.491,38.476,55.502,4,a lot less than half,3,2,1,4,Yes,11 to 20,Yes,4.491,38.476,55.504,4,,,,,,,,,,,,,,,,,,,,,,,,,,,,,,,,,,,,,,,,,,,,,,,,,,,,,,,,,,,,,,,,,,,,,,,,,,,,,,,,,,,,,,,,,,,,,,,,,,,,,,,,,,,,,,,,,,,,,,,,,,,,,,,,,,,,,,,,,,,,,,,,,,,,,,,,,,,,,,,,,,,,,,,,,,,,,,,,,,,,,,,,,,,,,,,,,,,,,,,,,,,,,,,,,,,,,,,,,,,,,,,,,,,,,,,,,,,,,,,,,,,,,,,,,,,,,
2017-11-23 03:43:01,2017-11-23 03:48:25,IP Address,117.213.81.146,76,323,False,2017-11-24 03:43:20,R_3Gpp9Hzfa47IZxf,,,,,,,anonymous,EN,AK7POF2TL5WYG,21.419,86.07,88.622,9,a lot less than half,3,1,2,4,No,31 to 40,Yes,21.418,86.07,88.622,9,,,,,,,,,,,,,,,,,,,,,,,,,,,,,,,,,,,,,,,,,,,,,,,,,,,,,,,,,,,,,,,,,,,,,,,,,,,,,,,,,,,,,,,,,,,,,,,,,,,,,,,,,,,,,,,,,,,,,,,,,,,,,,,,,,,,,,,,,,,,,,,,,,,,,,,,,,,,,,,,,,,,,,,,,,,,,,,,,,,,,,,,,,,,,,,,,,,,,,,,,,,,,,,,,,,,,,,,,,,,,,,,,,,,,,,,,,,,,,,,,,,,,,,,,,,,,
2017-11-23 04:06:48,2017-11-23 04:40:37,IP Address,157.49.0.224,84,2028,False,2017-11-24 04:07:06,R_2vdDD7odbWA7fyq,,,,,,,anonymous,EN,A386AUYQRP1D1C,21.51,89.026,90.753,8,a lot less than half,3,2,1,4,Yes,21 to 30,Yes,21.517,89.025,90.753,8,,,,,,,,,,,,,,,,,,,,,,,,,,,,,,,,,,,,,,,,,,,,,,,,,,,,,,,,,,,,,,,,,,,,,,,,,,,,,,,,,,,,,,,,,,,,,,,,,,,,,,,,,,,,,,,,,,,,,,,,,,,,,,,,,,,,,,,,,,,,,,,,,,,,,,,,,,,,,,,,,,,,,,,,,,,,,,,,,,,,,,,,,,,,,,5.464,1213.249,1215.404,95,Boston Bull,Shih Tzu,Yorkshire Terrier,Cocker Spaniel,Irish Wolfhound,Golden retriever,Golden retriever,Yorkshire Terrier,Not A Dog,Saluki,Shih Tzu,Yorkshire Terrier,Bloodhound,Yorkshire Terrier,Irish Wolfhound,Saluki,Yorkshire Terrier,,,,,,,,,,,,,,,,,,,,,,,,,,,,,,,,,,,,,,,,,,,
2017-11-23 04:44:04,2017-11-23 04:44:32,IP Address,157.49.0.224,0,27,False,2017-11-24 04:44:34,R_yPkuyGqd27FTIDT,,,,,,,anonymous,EN,A386AUYQRP1D1C,,,,,,,,,,,,,,,,,,,,,,,,,,,,,,,,,,,,,,,,,,,,,,,,,,,,,,,,,,,,,,,,,,,,,,,,,,,,,,,,,,,,,,,,,,,,,,,,,,,,,,,,,,,,,,,,,,,,,,,,,,,,,,,,,,,,,,,,,,,,,,,,,,,,,,,,,,,,,,,,,,,,,,,,,,,,,,,,,,,,,,,,,,,,,,,,,,,,,,,,,,,,,,,,,,,,,,,,,,,,,,,,,,,,,,,,,,,,,,,,,,,,,,,,,,,,,,,,,,,,,,,,,,,,,
2017-11-23 06:01:07,2017-11-23 06:13:27,IP Address,157.49.6.58,76,740,False,2017-11-24 06:01:57,R_p5fWa5qce8Iapcl,,,,,,,anonymous,EN,A68JZJUJH39AU,22,220.367,224.349,43,around half,1,2,3,4,Yes,41 or more,No,21.999,220.363,224.346,43,,,,,,,,,,,,,,,,,,,,,,,,,,,,,,,,,,,,,,,,,,,,,,,,,,,,,,,,,,,,,,,,,,,,,,,,,,,,,,,,,,,,,,,,,,,,,,,,,,,,,,,,,,,,,,,,,,,,,,,,,,,,,,,,,,,,,,,,,,,,,,,,,,,,,,,,,,,,,,,,,,,,,,,,,,,,,,,,,,,,,,,,,,,,,,,,,,,,,,,,,,,,,,,,,,,,,,,,,,,,,,,,,,,,,,,,,,,,,,,,,,,,,,,,,,,,,
2017-11-23 09:50:06,2017-11-23 09:53:58,IP Address,202.168.157.106,76,232,False,2017-11-24 09:50:43,R_24Mooq0mJj5eXAc,,,,,,,anonymous,EN,A2E1C5QVRR60ZE,131.02,163.259,164.008,9,around half,3,1,2,4,Yes,41 or more,Yes,131.019,163.258,164.007,9,,,,,,,,,,,,,,,,,,,,,,,,,,,,,,,,,,,,,,,,,,,,,,,,,,,,,,,,,,,,,,,,,,,,,,,,,,,,,,,,,,,,,,,,,,,,,,,,,,,,,,,,,,,,,,,,,,,,,,,,,,,,,,,,,,,,,,,,,,,,,,,,,,,,,,,,,,,,,,,,,,,,,,,,,,,,,,,,,,,,,,,,,,,,,,,,,,,,,,,,,,,,,,,,,,,,,,,,,,,,,,,,,,,,,,,,,,,,,,,,,,,,,,,,,,,,,
2017-11-23 20:45:11,2017-11-23 20:51:30,IP Address,162.211.147.75,84,378,False,2017-11-24 10:20:36,R_bBdygzNLH6Uhjr3,,,,,,,anonymous,EN,A2V67L01Q1HNDA,4.978,51.081,52.328,4,around half,3,2,1,4,Yes,41 or more,Yes,4.979,51.08,52.327,4,,,,,,,,,,,,,,,,,,,,,,,,,,,,,,,,,,,,,,,,,,,,,,,,,,,,,,,,,,,,,,,,,,,,,,,,,,,,,,,,,,,,,,,,,,,,,,,,,,,,,,,,,,,,,,,,,,,,,,,,,,,,,,,,,,,,,,,,,,,,,,,,,,,,,,,,,,,,,,,,,,,,,,,,,,,,,,,,,,,,,,,,,,,,,,7.813,223.583,246.476,19,Boston Bull,Shih Tzu,Yorkshire Terrier,Cocker Spaniel,Irish Wolfhound,Golden retriever,Cocker Spaniel,Yorkshire Terrier,Not A Dog,Irish Wolfhound,Yorkshire Terrier,Shih Tzu,Bloodhound,Shih Tzu,Irish Wolfhound,Saluki,Shih Tzu,,,,,,,,,,,,,,,,,,,,,,,,,,,,,,,,,,,,,,,,,,,
2017-11-23 12:31:01,2017-11-23 12:32:49,IP Address,41.141.40.35,0,107,False,2017-11-24 10:20:37,R_3sdipljtMvzaoeI,,,,,,,anonymous,EN,A8CE5BIRVA2SU,,,,,,,,,,,,,,,,,,,,,,,,,,,,,,,,,,,,,,,,,,,,,,,,,,,,,,,,,,,,,,,,,,,,,,,,,,,,,,,,,,,,,,,,,,,,,,,,,,,,,,,,,,,,,,,,,,,,,,,,,,,,,,,,,,,,,,,,,,,,,,,,,,,,,,,,,,,,,,,,,,,,,,,,,,,,,,,,,,,,,,,,,,,,,,,,,,,,,,,,,,,,,,,,,,,,,,,,,,,,,,,,,,,,,,,,,,,,,,,,,,,,,,,,,,,,,,,,,,,,,,,,,,,,,
