StartDate,EndDate,Status,IPAddress,Progress,Duration (in seconds),Finished,RecordedDate,ResponseId,RecipientLastName,RecipientFirstName,RecipientEmail,ExternalReference,LocationLatitude,LocationLongitude,DistributionChannel,UserLanguage,CQ1,CQ2_1,CQ2_2,CQ2_3,CQ2_4,CQ3,CQ4,CQ5,Timer1_First Click,Timer1_Last Click,Timer1_Page Submit,Timer1_Click Count,TQ1,TQ2,TQ3,TQ4,TQ5,TQ6,TQ7,TQ8,TQ9,TQ10,TQ11,TQ12,TQ13,TQ14,TQ15,TQ16,SQ1,TQ17,TQ18,TQ19,TQ20,TQ21,TQ22,TQ23,TQ24,TQ25,TQ26,TQ27,TQ28,TQ29,TQ30,TQ31,TQ32,TQ33,SQ2,TQ34,TQ35,TQ36,TQ37,TQ38,TQ39,TQ40,TQ41,TQ42,TQ43,TQ44,TQ45,TQ46,TQ47,TQ48,Q167,mTurkCode
Start Date,End Date,Response Type,IP Address,Progress,Duration (in seconds),Finished,Recorded Date,Response ID,Recipient Last Name,Recipient First Name,Recipient Email,External Data Reference,Location Latitude,Location Longitude,Distribution Channel,User Language,What portion of your friends own pets?,Please rank your preferences to work with the following media: - Audio,Please rank your preferences to work with the following media: - Text,Please rank your preferences to work with the following media: - Images,Please rank your preferences to work with the following media: - Other,"Have your ever lived with any dogs in your household? If not, have you ever planned to own a dog?","On average, how many tasks on Amazon Mechanical Turk do you complete every week?",Do you use Linkedin? (no need to provide any links),Timing - First Click,Timing - Last Click,Timing - Page Submit,Timing - Click Count,Please identify the breed.,Please identify the breed.,Please identify the breed.,Please identify the breed.,Please identify the breed.,Please identify the breed.,Please identify the breed.,Please identify the breed.,Please identify the breed.,Please identify the breed.,Please identify the breed.,Please identify the breed.,Please identify the breed.,Please identify the breed.,Please identify the breed.,Please identify the breed.,Please identify the breed.,Please identify the breed.,Please identify the breed.,Please identify the breed.,Please identify the breed.,Please identify the breed.,Please identify the breed.,Please identify the breed.,Please identify the breed.,Please identify the breed.,Please identify the breed.,Please identify the breed.,Please identify the breed.,Please identify the breed.,Please identify the breed.,Please identify the breed.,Please identify the breed.,Please identify the breed.,Please identify the breed.,Please identify the breed.,Please identify the breed.,Please identify the breed.,Please identify the breed.,Please identify the breed.,Please identify the breed.,Please identify the breed.,Please identify the breed.,Please identify the breed.,Please identify the breed.,Please identify the breed.,Please identify the breed.,Please identify the breed.,Please identify the breed.,Please identify the breed.,Please provide us your Amazon Mechanical Turk (AMT) Worker ID for payment:,mTurkCode
"{""ImportId"":""startDate"",""timeZone"":""America/Denver""}","{""ImportId"":""endDate"",""timeZone"":""America/Denver""}","{""ImportId"":""status""}","{""ImportId"":""ipAddress""}","{""ImportId"":""progress""}","{""ImportId"":""duration""}","{""ImportId"":""finished""}","{""ImportId"":""recordedDate"",""timeZone"":""America/Denver""}","{""ImportId"":""_recordId""}","{""ImportId"":""recipientLastName""}","{""ImportId"":""recipientFirstName""}","{""ImportId"":""recipientEmail""}","{""ImportId"":""externalDataReference""}","{""ImportId"":""locationLatitude""}","{""ImportId"":""locationLongitude""}","{""ImportId"":""distributionChannel""}","{""ImportId"":""userLanguage""}","{""ImportId"":""QID154""}","{""ImportId"":""QID155_1""}","{""ImportId"":""QID155_2""}","{""ImportId"":""QID155_3""}","{""ImportId"":""QID155_4""}","{""ImportId"":""QID156""}","{""ImportId"":""QID157""}","{""ImportId"":""QID158""}","{""ImportId"":""QID47_FIRST_CLICK""}","{""ImportId"":""QID47_LAST_CLICK""}","{""ImportId"":""QID47_PAGE_SUBMIT""}","{""ImportId"":""QID47_CLICK_COUNT""}","{""ImportId"":""QID45""}","{""ImportId"":""QID160""}","{""ImportId"":""QID159""}","{""ImportId"":""QID161""}","{""ImportId"":""QID162""}","{""ImportId"":""QID163""}","{""ImportId"":""QID164""}","{""ImportId"":""QID165""}","{""ImportId"":""QID166""}","{""ImportId"":""QID167""}","{""ImportId"":""QID168""}","{""ImportId"":""QID169""}","{""ImportId"":""QID170""}","{""ImportId"":""QID171""}","{""ImportId"":""QID172""}","{""ImportId"":""QID173""}","{""ImportId"":""QID174""}","{""ImportId"":""QID175""}","{""ImportId"":""QID176""}","{""ImportId"":""QID177""}","{""ImportId"":""QID178""}","{""ImportId"":""QID179""}","{""ImportId"":""QID180""}","{""ImportId"":""QID181""}","{""ImportId"":""QID182""}","{""ImportId"":""QID183""}","{""ImportId"":""QID184""}","{""ImportId"":""QID185""}","{""ImportId"":""QID186""}","{""ImportId"":""QID187""}","{""ImportId"":""QID188""}","{""ImportId"":""QID189""}","{""ImportId"":""QID190""}","{""ImportId"":""QID191""}","{""ImportId"":""QID192""}","{""ImportId"":""QID193""}","{""ImportId"":""QID194""}","{""ImportId"":""QID195""}","{""ImportId"":""QID196""}","{""ImportId"":""QID197""}","{""ImportId"":""QID198""}","{""ImportId"":""QID199""}","{""ImportId"":""QID200""}","{""ImportId"":""QID201""}","{""ImportId"":""QID202""}","{""ImportId"":""QID203""}","{""ImportId"":""QID204""}","{""ImportId"":""QID205""}","{""ImportId"":""QID206""}","{""ImportId"":""QID207""}","{""ImportId"":""QID208_TEXT""}","{""ImportId"":""mTurkCode""}"
2017-10-28 05:18:14,2017-10-28 05:23:14,IP Address,122.174.87.26,100,299,True,2017-10-28 05:23:14,R_1YpCIp0nk76hzON,,,,,13.083297729492,80.283294677734,anonymous,EN,around half,1,2,3,4,Yes,21 - 30,Yes,2.676,162.544,165.543,50,Cocker Spaniel,Bloodhound,Shih Tzu,Cocker Spaniel,Cocker Spaniel,Bloodhound,Cocker Spaniel,Golden retriever,Golden retriever,Yorkshire Terrier,Bloodhound,Golden retriever,Bloodhound,Saluki,Cocker Spaniel,Golden retriever,Yorkshire Terrier,Golden retriever,Golden retriever,Cocker Spaniel,Bloodhound,Irish Wolfhound,Golden retriever,Cocker Spaniel,Yorkshire Terrier,Golden retriever,Golden retriever,Saluki,Boston Bull,Boston Bull,Boston Bull,Shih Tzu,Bloodhound,Golden retriever,Yorkshire Terrier,Golden retriever,Cocker Spaniel,Boston Bull,Golden retriever,Yorkshire Terrier,Boston Bull,Yorkshire Terrier,Shih Tzu,Cocker Spaniel,Cocker Spaniel,Irish Wolfhound,Saluki,Golden retriever,Yorkshire Terrier,Yorkshire Terrier,A3F0IB24N4G54T,933232067
2017-10-28 05:18:19,2017-10-28 05:24:57,IP Address,122.174.152.50,100,398,True,2017-10-28 05:24:58,R_3OrDDZbTpTDCuBc,,,,,13.083297729492,80.283294677734,anonymous,EN,around half,3,1,2,4,Yes,21 - 30,No,60.907,291.858,294.008,54,Yorkshire Terrier,Shih Tzu,Cocker Spaniel,Saluki,Irish Wolfhound,Golden retriever,Bloodhound,Cocker Spaniel,Cocker Spaniel,Shih Tzu,Boston Bull,Yorkshire Terrier,Saluki,Shih Tzu,Cocker Spaniel,Saluki,Bloodhound,Cocker Spaniel,Bloodhound,Bloodhound,Boston Bull,Saluki,Cocker Spaniel,Yorkshire Terrier,Boston Bull,Bloodhound,Cocker Spaniel,Golden retriever,Bloodhound,Yorkshire Terrier,Shih Tzu,Cocker Spaniel,Boston Bull,Yorkshire Terrier,Not A Dog,Boston Bull,Cocker Spaniel,Boston Bull,Golden retriever,Shih Tzu,Saluki,Golden retriever,Boston Bull,Shih Tzu,Bloodhound,Boston Bull,Saluki,Shih Tzu,Saluki,Golden retriever,A18EWG6CNKAO2J,88155998
2017-10-28 05:17:47,2017-10-28 05:25:09,IP Address,42.109.189.89,100,441,True,2017-10-28 05:25:09,R_ZJqJFwtHKnfJ82d,,,,,12.983306884766,77.583312988281,anonymous,EN,around half,3,2,1,4,Yes,41+,Yes,10.308,370.919,372.498,52,Boston Bull,Shih Tzu,Saluki,Bloodhound,Irish Wolfhound,Golden retriever,Cocker Spaniel,Shih Tzu,Yorkshire Terrier,Saluki,Saluki,Yorkshire Terrier,Shih Tzu,Irish Wolfhound,Cocker Spaniel,Cocker Spaniel,Not A Dog,Yorkshire Terrier,Golden retriever,Golden retriever,Cocker Spaniel,Yorkshire Terrier,Saluki,Golden retriever,Irish Wolfhound,Boston Bull,Shih Tzu,Saluki,Yorkshire Terrier,Golden retriever,Cocker Spaniel,Saluki,Irish Wolfhound,Boston Bull,Not A Dog,Cocker Spaniel,Shih Tzu,Golden retriever,Bloodhound,Saluki,Golden retriever,Saluki,Boston Bull,Shih Tzu,Irish Wolfhound,Bloodhound,Irish Wolfhound,Shih Tzu,Yorkshire Terrier,Irish Wolfhound,AF2GUPXX9MYSS,478896842
2017-10-28 05:18:16,2017-10-28 05:25:18,IP Address,223.196.63.66,100,421,True,2017-10-28 05:25:19,R_2cp7Pt0nvkGCnJE,,,,,9.1667022705078,77.86669921875,anonymous,EN,a lot more than half,1,2,3,4,Yes,0 - 10,Yes,2.017,126.767,127.92,58,Cocker Spaniel,Saluki,Yorkshire Terrier,Boston Bull,Cocker Spaniel,Yorkshire Terrier,Cocker Spaniel,Saluki,Yorkshire Terrier,Irish Wolfhound,Irish Wolfhound,Yorkshire Terrier,Golden retriever,Boston Bull,Irish Wolfhound,Boston Bull,Not A Dog,Yorkshire Terrier,Golden retriever,Golden retriever,Bloodhound,Cocker Spaniel,Irish Wolfhound,Saluki,Cocker Spaniel,Irish Wolfhound,Cocker Spaniel,Shih Tzu,Yorkshire Terrier,Yorkshire Terrier,Boston Bull,Boston Bull,Cocker Spaniel,Shih Tzu,Not A Dog,Cocker Spaniel,Boston Bull,Bloodhound,Golden retriever,Golden retriever,Boston Bull,Golden retriever,Bloodhound,Golden retriever,Yorkshire Terrier,Boston Bull,Shih Tzu,Cocker Spaniel,Bloodhound,Irish Wolfhound,A1BANTV8HONS2C,653915096
2017-10-28 05:18:35,2017-10-28 05:25:36,IP Address,122.164.54.87,100,420,True,2017-10-28 05:25:36,R_1hzfHU51PRZafij,,,,,13.083297729492,80.283294677734,anonymous,EN,around half,1,3,2,4,Yes,11 - 20,Yes,6.334,297.334,298.292,77,Boston Bull,Shih Tzu,Cocker Spaniel,Cocker Spaniel,Saluki,Golden retriever,Bloodhound,Yorkshire Terrier,Saluki,Shih Tzu,Irish Wolfhound,Boston Bull,Shih Tzu,Cocker Spaniel,Yorkshire Terrier,Boston Bull,Saluki,Cocker Spaniel,Irish Wolfhound,Saluki,Golden retriever,Cocker Spaniel,Boston Bull,Yorkshire Terrier,Boston Bull,Yorkshire Terrier,Boston Bull,Yorkshire Terrier,Boston Bull,Bloodhound,Saluki,Bloodhound,Bloodhound,Cocker Spaniel,Bloodhound,Cocker Spaniel,Saluki,Saluki,Cocker Spaniel,Bloodhound,Cocker Spaniel,Cocker Spaniel,Cocker Spaniel,Yorkshire Terrier,Cocker Spaniel,Shih Tzu,Cocker Spaniel,Yorkshire Terrier,Cocker Spaniel,Bloodhound," A31UVMRUFGGJ12",983349507
2017-10-28 05:20:05,2017-10-28 05:25:39,IP Address,103.215.236.221,100,333,True,2017-10-28 05:25:39,R_3xw6MU0lIAmLKff,,,,,9.9333038330078,78.11669921875,anonymous,EN,a lot less than half,3,2,1,4,Yes,41+,Yes,45.074,229.718,231.742,51,Boston Bull,Yorkshire Terrier,Yorkshire Terrier,Boston Bull,Boston Bull,Bloodhound,Shih Tzu,Yorkshire Terrier,Yorkshire Terrier,Yorkshire Terrier,Shih Tzu,Boston Bull,Yorkshire Terrier,Yorkshire Terrier,Yorkshire Terrier,Yorkshire Terrier,Not A Dog,Yorkshire Terrier,Yorkshire Terrier,Yorkshire Terrier,Boston Bull,Yorkshire Terrier,Boston Bull,Yorkshire Terrier,Yorkshire Terrier,Shih Tzu,Yorkshire Terrier,Cocker Spaniel,Yorkshire Terrier,Boston Bull,Yorkshire Terrier,Yorkshire Terrier,Boston Bull,Cocker Spaniel,Not A Dog,Yorkshire Terrier,Yorkshire Terrier,Boston Bull,Yorkshire Terrier,Yorkshire Terrier,Boston Bull,Yorkshire Terrier,Boston Bull,Yorkshire Terrier,Boston Bull,Yorkshire Terrier,Yorkshire Terrier,Yorkshire Terrier,Yorkshire Terrier,Boston Bull,A1VOFYYXKZWG7W,126921487
2017-10-28 05:21:51,2017-10-28 05:26:37,IP Address,64.120.56.10,100,285,True,2017-10-28 05:26:37,R_3Hwe0lbEfyDfaqh,,,,,33.6748046875,-111.95189666748,anonymous,EN,around half,1,3,2,4,Yes,41+,No,11.444,234.423,236.198,51,Boston Bull,Shih Tzu,Shih Tzu,Cocker Spaniel,Irish Wolfhound,Golden retriever,Cocker Spaniel,Yorkshire Terrier,Saluki,Shih Tzu,Yorkshire Terrier,Bloodhound,Shih Tzu,Irish Wolfhound,Saluki,Shih Tzu,Not A Dog,Cocker Spaniel,Golden retriever,Golden retriever,Irish Wolfhound,Yorkshire Terrier,Bloodhound,Cocker Spaniel,Irish Wolfhound,Boston Bull,Saluki,Cocker Spaniel,Irish Wolfhound,Golden retriever,Irish Wolfhound,Golden retriever,Cocker Spaniel,Boston Bull,Not A Dog,Yorkshire Terrier,Boston Bull,Golden retriever,Bloodhound,Golden retriever,Bloodhound,Saluki,Boston Bull,Shih Tzu,Bloodhound,Boston Bull,Irish Wolfhound,Shih Tzu,Irish Wolfhound,Bloodhound,A1ZTSCPETU3UJW,995861449
2017-10-28 05:21:10,2017-10-28 05:27:03,IP Address,157.50.23.144,100,352,True,2017-10-28 05:27:04,R_2D1i7RxGDdq4lzI,,,,,13.083297729492,80.283294677734,anonymous,EN,around half,3,2,4,1,Yes,11 - 20,Yes,1.563,258.528,259.663,112,Shih Tzu,Cocker Spaniel,Golden retriever,Yorkshire Terrier,Boston Bull,Bloodhound,Saluki,Irish Wolfhound,Cocker Spaniel,Boston Bull,Boston Bull,Boston Bull,Bloodhound,Irish Wolfhound,Irish Wolfhound,Boston Bull,Boston Bull,Shih Tzu,Boston Bull,Yorkshire Terrier,Yorkshire Terrier,Yorkshire Terrier,Yorkshire Terrier,Boston Bull,Yorkshire Terrier,Yorkshire Terrier,Golden retriever,Irish Wolfhound,Yorkshire Terrier,Boston Bull,Boston Bull,Yorkshire Terrier,Yorkshire Terrier,Boston Bull,Shih Tzu,Yorkshire Terrier,Yorkshire Terrier,Shih Tzu,Yorkshire Terrier,Yorkshire Terrier,Yorkshire Terrier,Yorkshire Terrier,Yorkshire Terrier,Shih Tzu,Boston Bull,Boston Bull,Yorkshire Terrier,Golden retriever,Bloodhound,Irish Wolfhound," A3N5TCHRPQF6P",181237507
2017-10-28 05:23:42,2017-10-28 05:27:25,IP Address,144.48.48.188,100,222,True,2017-10-28 05:27:26,R_2ccsXBhyP4XjDFa,,,,,9.9333038330078,78.11669921875,anonymous,EN,around half,1,2,3,4,Maybe,21 - 30,No,1.188,109.435,111.807,59,Golden retriever,Boston Bull,Yorkshire Terrier,Shih Tzu,Cocker Spaniel,Bloodhound,Irish Wolfhound,Irish Wolfhound,Boston Bull,Shih Tzu,Golden retriever,Irish Wolfhound,Boston Bull,Yorkshire Terrier,Cocker Spaniel,Boston Bull,Yorkshire Terrier,Saluki,Bloodhound,Boston Bull,Shih Tzu,Irish Wolfhound,Shih Tzu,Saluki,Boston Bull,Boston Bull,Yorkshire Terrier,Golden retriever,Boston Bull,Saluki,Cocker Spaniel,Shih Tzu,Yorkshire Terrier,Bloodhound,Saluki,Saluki,Cocker Spaniel,Cocker Spaniel,Bloodhound,Yorkshire Terrier,Bloodhound,Saluki,Yorkshire Terrier,Irish Wolfhound,Irish Wolfhound,Cocker Spaniel,Cocker Spaniel,Yorkshire Terrier,Shih Tzu,Golden retriever,A2BACJE00ZUDXS,821691601
2017-10-28 05:18:00,2017-10-28 05:31:00,IP Address,117.222.160.185,100,780,True,2017-10-28 05:31:01,R_0D1Q5wFYpheUw2l,,,,,12.983306884766,77.583312988281,anonymous,EN,a lot less than half,3,2,1,4,No,31 - 40,Yes,15.815,669.678,671.894,54,Boston Bull,Shih Tzu,Yorkshire Terrier,Cocker Spaniel,Cocker Spaniel,Golden retriever,Golden retriever,Yorkshire Terrier,Saluki,Yorkshire Terrier,Yorkshire Terrier,Bloodhound,Yorkshire Terrier,Irish Wolfhound,Saluki,Yorkshire Terrier,Not A Dog,Shih Tzu,Saluki,Golden retriever,Irish Wolfhound,Yorkshire Terrier,Bloodhound,Saluki,Saluki,Boston Bull,Cocker Spaniel,Cocker Spaniel,Irish Wolfhound,Golden retriever,Yorkshire Terrier,Saluki,Cocker Spaniel,Boston Bull,Not A Dog,Yorkshire Terrier,Boston Bull,Golden retriever,Bloodhound,Cocker Spaniel,Cocker Spaniel,Saluki,Boston Bull,Yorkshire Terrier,Bloodhound,Boston Bull,Irish Wolfhound,Yorkshire Terrier,Irish Wolfhound,Bloodhound,A2XTDTDT3QSCB,532864587
2017-10-28 05:27:18,2017-10-28 05:31:35,IP Address,202.38.183.77,100,257,True,2017-10-28 05:31:36,R_8icieL6vTyq0uC5,,,,,12.983306884766,77.583312988281,anonymous,EN,a lot less than half,2,1,4,3,No,41+,Yes,18.073,190.213,200.416,55,Bloodhound,Shih Tzu,Yorkshire Terrier,Saluki,Cocker Spaniel,Irish Wolfhound,Cocker Spaniel,Golden retriever,Yorkshire Terrier,Shih Tzu,Boston Bull,Irish Wolfhound,Shih Tzu,Saluki,Yorkshire Terrier,Shih Tzu,Not A Dog,Irish Wolfhound,Boston Bull,Golden retriever,Boston Bull,Cocker Spaniel,Yorkshire Terrier,Cocker Spaniel,Bloodhound,Saluki,Irish Wolfhound,Shih Tzu,Bloodhound,Yorkshire Terrier,Cocker Spaniel,Cocker Spaniel,Golden retriever,Boston Bull,Not A Dog,Shih Tzu,Golden retriever,Yorkshire Terrier,Yorkshire Terrier,Cocker Spaniel,Irish Wolfhound,Cocker Spaniel,Yorkshire Terrier,Shih Tzu,Yorkshire Terrier,Golden retriever,Irish Wolfhound,Shih Tzu,Saluki,Yorkshire Terrier,A1XWYM32PN3RTY,827352863
2017-10-28 05:23:05,2017-10-28 05:32:01,IP Address,103.66.79.82,100,535,True,2017-10-28 05:32:02,R_2qsb6RNwNnX6bso,,,,,10.992492675781,76.961395263672,anonymous,EN,a lot less than half,1,2,3,4,Yes,11 - 20,Yes,12.833,502.144,502.551,55,Cocker Spaniel,Boston Bull,Boston Bull,Yorkshire Terrier,Boston Bull,Golden retriever,Golden retriever,Boston Bull,Irish Wolfhound,Cocker Spaniel,Boston Bull,Saluki,Yorkshire Terrier,Irish Wolfhound,Saluki,Yorkshire Terrier,Not A Dog,Shih Tzu,Golden retriever,Cocker Spaniel,Irish Wolfhound,Yorkshire Terrier,Bloodhound,Cocker Spaniel,Saluki,Boston Bull,Golden retriever,Cocker Spaniel,Irish Wolfhound,Golden retriever,Shih Tzu,Saluki,Cocker Spaniel,Boston Bull,Not A Dog,Shih Tzu,Boston Bull,Golden retriever,Bloodhound,Golden retriever,Golden retriever,Saluki,Boston Bull,Shih Tzu,Bloodhound,Boston Bull,Irish Wolfhound,Shih Tzu,Irish Wolfhound,Cocker Spaniel,A5DSYVNGYLCA5,750186438
2017-10-28 05:30:00,2017-10-28 05:33:02,IP Address,199.244.50.116,100,182,True,2017-10-28 05:33:03,R_3qfLnKowNTMJxXT,,,,,40.714294433594,-74.005996704102,anonymous,EN,around half,2,1,3,4,Yes,41+,Yes,2.847,127.966,129.248,56,Cocker Spaniel,Cocker Spaniel,Cocker Spaniel,Not A Dog,Yorkshire Terrier,Cocker Spaniel,Cocker Spaniel,Cocker Spaniel,Boston Bull,Boston Bull,Irish Wolfhound,Golden retriever,Irish Wolfhound,Shih Tzu,Cocker Spaniel,Saluki,Golden retriever,Yorkshire Terrier,Boston Bull,Saluki,Golden retriever,Cocker Spaniel,Saluki,Not A Dog,Saluki,Golden retriever,Saluki,Cocker Spaniel,Golden retriever,Saluki,Golden retriever,Cocker Spaniel,Saluki,Yorkshire Terrier,Cocker Spaniel,Bloodhound,Boston Bull,Bloodhound,Not A Dog,Shih Tzu,Yorkshire Terrier,Boston Bull,Golden retriever,Cocker Spaniel,Golden retriever,Yorkshire Terrier,Bloodhound,Bloodhound,Saluki,Golden retriever,A305KD2HBUUCMQ,695354202
2017-10-28 05:20:04,2017-10-28 05:33:16,IP Address,5.170.99.249,100,791,True,2017-10-28 05:33:17,R_2DTQ0TP1U8gFjaK,,,,,40.899200439453,14.276596069336,anonymous,EN,a lot less than half,3,1,2,4,Maybe,21 - 30,Yes,10.213,685.134,687.429,67,Boston Bull,Shih Tzu,Yorkshire Terrier,Cocker Spaniel,Irish Wolfhound,Bloodhound,Cocker Spaniel,Yorkshire Terrier,Saluki,Shih Tzu,Yorkshire Terrier,Bloodhound,Shih Tzu,Irish Wolfhound,Saluki,Yorkshire Terrier,Not A Dog,Cocker Spaniel,Golden retriever,Golden retriever,Irish Wolfhound,Yorkshire Terrier,Bloodhound,Cocker Spaniel,Saluki,Boston Bull,Saluki,Cocker Spaniel,Irish Wolfhound,Golden retriever,Yorkshire Terrier,Saluki,Cocker Spaniel,Boston Bull,Not A Dog,Yorkshire Terrier,Boston Bull,Golden retriever,Bloodhound,Golden retriever,Bloodhound,Saluki,Boston Bull,Shih Tzu,Bloodhound,Boston Bull,Irish Wolfhound,Shih Tzu,Irish Wolfhound,Bloodhound," A14IPCXU8FDVBR",754899325
2017-10-28 05:33:03,2017-10-28 05:40:09,IP Address,157.50.22.174,100,426,True,2017-10-28 05:40:10,R_31tGbNSIBg8D4Wn,,,,,13.083297729492,80.283294677734,anonymous,EN,a lot less than half,2,3,1,4,Yes,41+,Yes,13.077,308.707,310.139,197,Saluki,Shih Tzu,Cocker Spaniel,Irish Wolfhound,Bloodhound,Yorkshire Terrier,Golden retriever,Cocker Spaniel,Golden retriever,Shih Tzu,Shih Tzu,Golden retriever,Irish Wolfhound,Saluki,Shih Tzu,Yorkshire Terrier,Not A Dog,Saluki,Bloodhound,Boston Bull,Cocker Spaniel,Cocker Spaniel,Yorkshire Terrier,Irish Wolfhound,Bloodhound,Boston Bull,Boston Bull,Shih Tzu,Cocker Spaniel,Yorkshire Terrier,Not A Dog,Yorkshire Terrier,Saluki,Boston Bull,Not A Dog,Shih Tzu,Boston Bull,Yorkshire Terrier,Bloodhound,Saluki,Boston Bull,Cocker Spaniel,Boston Bull,Shih Tzu,Bloodhound,Boston Bull,Bloodhound,Saluki,Cocker Spaniel,Bloodhound,A3HV5TBJ6RCFLH,369074941
2017-10-28 05:36:32,2017-10-28 05:40:43,IP Address,103.58.116.138,100,250,True,2017-10-28 05:40:43,R_3oH2hYmBPA8rljH,,,,,11.233306884766,78.166687011719,anonymous,EN,a lot less than half,3,1,2,4,Yes,0 - 10,Yes,2.054,171.978,173.952,51,Cocker Spaniel,Bloodhound,Irish Wolfhound,Shih Tzu,Yorkshire Terrier,Saluki,Golden retriever,Boston Bull,Cocker Spaniel,Yorkshire Terrier,Yorkshire Terrier,Irish Wolfhound,Yorkshire Terrier,Cocker Spaniel,Cocker Spaniel,Yorkshire Terrier,Not A Dog,Golden retriever,Cocker Spaniel,Cocker Spaniel,Saluki,Yorkshire Terrier,Saluki,Saluki,Cocker Spaniel,Yorkshire Terrier,Yorkshire Terrier,Golden retriever,Yorkshire Terrier,Cocker Spaniel,Bloodhound,Cocker Spaniel,Cocker Spaniel,Irish Wolfhound,Not A Dog,Saluki,Yorkshire Terrier,Cocker Spaniel,Cocker Spaniel,Yorkshire Terrier,Cocker Spaniel,Cocker Spaniel,Golden retriever,Bloodhound,Saluki,Irish Wolfhound,Irish Wolfhound,Saluki,Saluki,Cocker Spaniel,A11X5M6KPGSTTC,798217791
2017-10-28 05:37:26,2017-10-28 05:44:31,IP Address,117.206.110.241,100,425,True,2017-10-28 05:44:32,R_3st46XkbLmEiw6S,,,,,11.350006103516,77.733306884766,anonymous,EN,around half,3,4,2,1,Maybe,11 - 20,Yes,7.788,161.422,165.817,50,Not A Dog,Not A Dog,Boston Bull,Cocker Spaniel,Bloodhound,Golden retriever,Cocker Spaniel,Irish Wolfhound,Saluki,Cocker Spaniel,Boston Bull,Boston Bull,Golden retriever,Boston Bull,Boston Bull,Golden retriever,Bloodhound,Irish Wolfhound,Cocker Spaniel,Golden retriever,Bloodhound,Golden retriever,Not A Dog,Saluki,Cocker Spaniel,Golden retriever,Bloodhound,Shih Tzu,Shih Tzu,Bloodhound,Boston Bull,Boston Bull,Yorkshire Terrier,Golden retriever,Bloodhound,Golden retriever,Saluki,Irish Wolfhound,Bloodhound,Not A Dog,Golden retriever,Irish Wolfhound,Golden retriever,Cocker Spaniel,Saluki,Boston Bull,Cocker Spaniel,Cocker Spaniel,Boston Bull,Golden retriever,A6GS1C9J3ARSB,204842273
2017-10-28 05:46:06,2017-10-28 05:51:07,IP Address,122.164.216.190,100,300,True,2017-10-28 05:51:08,R_2zuXCTYPj843jtO,,,,,13.083297729492,80.283294677734,anonymous,EN,around half,3,1,2,4,Yes,11 - 20,No,11.83,177.552,179.386,44,Yorkshire Terrier,Yorkshire Terrier,Boston Bull,Cocker Spaniel,Golden retriever,Irish Wolfhound,Saluki,Cocker Spaniel,Irish Wolfhound,Shih Tzu,Shih Tzu,Golden retriever,Yorkshire Terrier,Irish Wolfhound,Yorkshire Terrier,Shih Tzu,Not A Dog,Boston Bull,Golden retriever,Golden retriever,Yorkshire Terrier,Yorkshire Terrier,Saluki,Saluki,Golden retriever,Boston Bull,Boston Bull,Shih Tzu,Yorkshire Terrier,Yorkshire Terrier,Shih Tzu,Cocker Spaniel,Cocker Spaniel,Golden retriever,Not A Dog,Irish Wolfhound,Saluki,Boston Bull,Saluki,Saluki,Yorkshire Terrier,Cocker Spaniel,Shih Tzu,Shih Tzu,Boston Bull,Bloodhound,Saluki,Irish Wolfhound,Bloodhound,Bloodhound,AYR7LHHVFNL8D,607680290
2017-10-28 05:47:09,2017-10-28 05:52:12,IP Address,108.66.214.58,100,303,True,2017-10-28 05:52:13,R_31hl2MXVmowGwaT,,,,,35.67610168457,-78.81600189209,anonymous,EN,a lot less than half,3,1,2,4,Yes,41+,Yes,12.563,233.484,234.958,50,Boston Bull,Shih Tzu,Shih Tzu,Cocker Spaniel,Irish Wolfhound,Golden retriever,Cocker Spaniel,Shih Tzu,Bloodhound,Yorkshire Terrier,Yorkshire Terrier,Bloodhound,Yorkshire Terrier,Irish Wolfhound,Shih Tzu,Yorkshire Terrier,Not A Dog,Cocker Spaniel,Golden retriever,Golden retriever,Irish Wolfhound,Yorkshire Terrier,Bloodhound,Golden retriever,Saluki,Boston Bull,Irish Wolfhound,Cocker Spaniel,Irish Wolfhound,Golden retriever,Yorkshire Terrier,Irish Wolfhound,Cocker Spaniel,Boston Bull,Not A Dog,Yorkshire Terrier,Boston Bull,Golden retriever,Bloodhound,Cocker Spaniel,Bloodhound,Irish Wolfhound,Boston Bull,Yorkshire Terrier,Bloodhound,Boston Bull,Irish Wolfhound,Yorkshire Terrier,Irish Wolfhound,Bloodhound,ADVCIFLB5A9B,533802835
2017-10-28 05:49:58,2017-10-28 05:54:01,IP Address,110.227.230.131,100,243,True,2017-10-28 05:54:02,R_1dgzyFFTMP4fyVO,,,,,13.083297729492,80.283294677734,anonymous,EN,around half,1,3,2,4,Yes,11 - 20,Yes,1.489,188.312,190.102,55,Golden retriever,Yorkshire Terrier,Yorkshire Terrier,Yorkshire Terrier,Shih Tzu,Boston Bull,Yorkshire Terrier,Yorkshire Terrier,Cocker Spaniel,Yorkshire Terrier,Boston Bull,Boston Bull,Yorkshire Terrier,Boston Bull,Yorkshire Terrier,Irish Wolfhound,Boston Bull,Yorkshire Terrier,Yorkshire Terrier,Golden retriever,Irish Wolfhound,Irish Wolfhound,Irish Wolfhound,Cocker Spaniel,Boston Bull,Boston Bull,Boston Bull,Bloodhound,Cocker Spaniel,Golden retriever,Cocker Spaniel,Bloodhound,Shih Tzu,Shih Tzu,Shih Tzu,Yorkshire Terrier,Shih Tzu,Boston Bull,Shih Tzu,Bloodhound,Shih Tzu,Golden retriever,Yorkshire Terrier,Shih Tzu,Shih Tzu,Shih Tzu,Shih Tzu,Shih Tzu,Boston Bull,Cocker Spaniel,A2X3QCJK0H18T8,192308640
2017-10-28 05:52:15,2017-10-28 05:54:25,IP Address,137.97.14.150,100,130,True,2017-10-28 05:54:26,R_12rGBzEhfHkHPUY,,,,,9.9667053222656,76.233306884766,anonymous,EN,around half,3,2,1,4,Maybe,11 - 20,No,4.883,81.377,82.872,51,Boston Bull,Boston Bull,Golden retriever,Bloodhound,Golden retriever,Saluki,Golden retriever,Cocker Spaniel,Bloodhound,Cocker Spaniel,Yorkshire Terrier,Boston Bull,Shih Tzu,Bloodhound,Golden retriever,Bloodhound,Boston Bull,Boston Bull,Saluki,Golden retriever,Saluki,Saluki,Golden retriever,Boston Bull,Cocker Spaniel,Cocker Spaniel,Saluki,Cocker Spaniel,Cocker Spaniel,Yorkshire Terrier,Cocker Spaniel,Golden retriever,Irish Wolfhound,Bloodhound,Not A Dog,Cocker Spaniel,Cocker Spaniel,Boston Bull,Cocker Spaniel,Cocker Spaniel,Golden retriever,Boston Bull,Shih Tzu,Yorkshire Terrier,Cocker Spaniel,Cocker Spaniel,Cocker Spaniel,Boston Bull,Golden retriever,Bloodhound,A1IPW3ERKG1H5V,447309263
2017-10-28 05:49:02,2017-10-28 05:58:00,IP Address,24.59.91.113,100,538,True,2017-10-28 05:58:01,R_1H5lKauP72nWF9n,,,,,43.074798583984,-76.145301818848,anonymous,EN,a lot less than half,3,1,2,4,No,0 - 10,No,13.119,474.271,475.725,54,Boston Bull,Shih Tzu,Shih Tzu,Yorkshire Terrier,Irish Wolfhound,Golden retriever,Cocker Spaniel,Yorkshire Terrier,Saluki,Yorkshire Terrier,Yorkshire Terrier,Bloodhound,Yorkshire Terrier,Irish Wolfhound,Saluki,Yorkshire Terrier,Not A Dog,Cocker Spaniel,Golden retriever,Golden retriever,Irish Wolfhound,Yorkshire Terrier,Bloodhound,Cocker Spaniel,Saluki,Boston Bull,Saluki,Cocker Spaniel,Irish Wolfhound,Golden retriever,Yorkshire Terrier,Saluki,Cocker Spaniel,Boston Bull,Not A Dog,Yorkshire Terrier,Boston Bull,Golden retriever,Saluki,Yorkshire Terrier,Bloodhound,Saluki,Boston Bull,Shih Tzu,Bloodhound,Boston Bull,Irish Wolfhound,Shih Tzu,Irish Wolfhound,Bloodhound,A2CI211U7YLBID,365693364
2017-10-28 05:56:42,2017-10-28 06:03:48,IP Address,86.178.230.71,100,426,True,2017-10-28 06:03:48,R_2b2Z184ZbrwBD6R,,,,,53.966705322266,-1.0832977294922,anonymous,EN,a lot more than half,3,1,2,4,Yes,11 - 20,No,11.941,347.814,348.886,166,Boston Bull,Shih Tzu,Shih Tzu,Cocker Spaniel,Irish Wolfhound,Golden retriever,Cocker Spaniel,Yorkshire Terrier,Saluki,Shih Tzu,Yorkshire Terrier,Bloodhound,Shih Tzu,Irish Wolfhound,Saluki,Yorkshire Terrier,Not A Dog,Cocker Spaniel,Golden retriever,Golden retriever,Irish Wolfhound,Yorkshire Terrier,Bloodhound,Cocker Spaniel,Saluki,Boston Bull,Saluki,Cocker Spaniel,Irish Wolfhound,Golden retriever,Yorkshire Terrier,Saluki,Cocker Spaniel,Boston Bull,Not A Dog,Yorkshire Terrier,Boston Bull,Golden retriever,Bloodhound,Golden retriever,Bloodhound,Saluki,Boston Bull,Shih Tzu,Bloodhound,Boston Bull,Irish Wolfhound,Shih Tzu,Irish Wolfhound,Bloodhound,A1VG8WTPJFZJAI,568072651
2017-10-28 05:57:22,2017-10-28 06:05:05,IP Address,103.25.44.2,100,463,True,2017-10-28 06:05:06,R_ctZfDzROQlLAKXv,,,,,11.233306884766,78.166687011719,anonymous,EN,a lot more than half,3,1,2,4,Yes,0 - 10,Yes,21.771,394.427,396.004,63,Boston Bull,Shih Tzu,Yorkshire Terrier,Cocker Spaniel,Irish Wolfhound,Golden retriever,Cocker Spaniel,Saluki,Saluki,Boston Bull,Yorkshire Terrier,Shih Tzu,Yorkshire Terrier,Yorkshire Terrier,Saluki,Yorkshire Terrier,Not A Dog,Cocker Spaniel,Cocker Spaniel,Cocker Spaniel,Irish Wolfhound,Yorkshire Terrier,Shih Tzu,Yorkshire Terrier,Saluki,Boston Bull,Saluki,Yorkshire Terrier,Yorkshire Terrier,Golden retriever,Not A Dog,Saluki,Bloodhound,Bloodhound,Not A Dog,Yorkshire Terrier,Boston Bull,Golden retriever,Saluki,Bloodhound,Cocker Spaniel,Saluki,Saluki,Yorkshire Terrier,Cocker Spaniel,Yorkshire Terrier,Yorkshire Terrier,Shih Tzu,Irish Wolfhound,Bloodhound,A1GKUAKO01ONT7,508336720
2017-10-28 05:47:59,2017-10-28 06:06:39,IP Address,106.66.135.52,100,1120,True,2017-10-28 06:06:40,R_2dumRK56gkGbw3Z,,,,,12.983306884766,77.583312988281,anonymous,EN,a lot less than half,3,1,2,4,Yes,21 - 30,Yes,12.566,489.399,490.774,120,Yorkshire Terrier,Saluki,Golden retriever,Shih Tzu,Saluki,Cocker Spaniel,Golden retriever,Golden retriever,Irish Wolfhound,Shih Tzu,Shih Tzu,Golden retriever,Boston Bull,Yorkshire Terrier,Cocker Spaniel,Saluki,Not A Dog,Shih Tzu,Golden retriever,Golden retriever,Yorkshire Terrier,Golden retriever,Golden retriever,Golden retriever,Cocker Spaniel,Shih Tzu,Yorkshire Terrier,Shih Tzu,Not A Dog,Golden retriever,Saluki,Cocker Spaniel,Yorkshire Terrier,Shih Tzu,Not A Dog,Golden retriever,Shih Tzu,Golden retriever,Cocker Spaniel,Golden retriever,Golden retriever,Cocker Spaniel,Shih Tzu,Golden retriever,Golden retriever,Shih Tzu,Yorkshire Terrier,Shih Tzu,Yorkshire Terrier,Golden retriever,A748ETX7W2MBZ,802046893
2017-10-28 06:07:39,2017-10-28 06:11:09,IP Address,103.25.44.2,100,210,True,2017-10-28 06:11:10,R_2vkuKiAKQntc1bO,,,,,11.233306884766,78.166687011719,anonymous,EN,a lot more than half,3,1,2,4,Yes,0 - 10,Yes,2.657,183.203,184.768,64,Boston Bull,Shih Tzu,Yorkshire Terrier,Yorkshire Terrier,Irish Wolfhound,Yorkshire Terrier,Boston Bull,Irish Wolfhound,Shih Tzu,Cocker Spaniel,Golden retriever,Boston Bull,Irish Wolfhound,Not A Dog,Saluki,Boston Bull,Saluki,Golden retriever,Golden retriever,Irish Wolfhound,Irish Wolfhound,Boston Bull,Bloodhound,Cocker Spaniel,Irish Wolfhound,Yorkshire Terrier,Yorkshire Terrier,Boston Bull,Shih Tzu,Shih Tzu,Not A Dog,Bloodhound,Boston Bull,Boston Bull,Not A Dog,Golden retriever,Boston Bull,Yorkshire Terrier,Saluki,Boston Bull,Shih Tzu,Cocker Spaniel,Shih Tzu,Cocker Spaniel,Golden retriever,Saluki,Bloodhound,Yorkshire Terrier,Shih Tzu,Golden retriever,A2H9COVN7HMNLL,996019712
2017-10-28 06:01:01,2017-10-28 06:11:12,IP Address,223.237.56.254,100,611,True,2017-10-28 06:11:13,R_REvMOr6DMlHTHEt,,,,,17.375305175781,78.474395751953,anonymous,EN,a lot less than half,3,1,2,4,Yes,41+,Yes,7.346,379.048,379.904,306,Boston Bull,Shih Tzu,Yorkshire Terrier,Shih Tzu,Cocker Spaniel,Golden retriever,Saluki,Shih Tzu,Irish Wolfhound,Shih Tzu,Shih Tzu,Bloodhound,Shih Tzu,Saluki,Saluki,Shih Tzu,Not A Dog,Shih Tzu,Golden retriever,Golden retriever,Saluki,Yorkshire Terrier,Bloodhound,Yorkshire Terrier,Irish Wolfhound,Boston Bull,Cocker Spaniel,Saluki,Saluki,Golden retriever,Yorkshire Terrier,Irish Wolfhound,Cocker Spaniel,Boston Bull,Not A Dog,Shih Tzu,Boston Bull,Golden retriever,Irish Wolfhound,Yorkshire Terrier,Golden retriever,Irish Wolfhound,Boston Bull,Yorkshire Terrier,Bloodhound,Boston Bull,Saluki,Yorkshire Terrier,Irish Wolfhound,Bloodhound,A1GRRCH4K8JYBO,259383722
2017-10-28 06:08:24,2017-10-28 06:14:07,IP Address,98.24.105.68,100,342,True,2017-10-28 06:14:08,R_z0FlFJ0TXgLpQFH,,,,,35.229797363281,-81.242797851562,anonymous,EN,a lot more than half,2,1,3,4,Yes,41+,No,14.623,288.974,290.424,64,Boston Bull,Shih Tzu,Shih Tzu,Cocker Spaniel,Irish Wolfhound,Golden retriever,Golden retriever,Shih Tzu,Saluki,Yorkshire Terrier,Yorkshire Terrier,Bloodhound,Yorkshire Terrier,Irish Wolfhound,Saluki,Yorkshire Terrier,Not A Dog,Cocker Spaniel,Golden retriever,Golden retriever,Irish Wolfhound,Yorkshire Terrier,Bloodhound,Cocker Spaniel,Saluki,Boston Bull,Saluki,Cocker Spaniel,Irish Wolfhound,Golden retriever,Yorkshire Terrier,Cocker Spaniel,Cocker Spaniel,Boston Bull,Not A Dog,Yorkshire Terrier,Boston Bull,Golden retriever,Bloodhound,Golden retriever,Bloodhound,Cocker Spaniel,Boston Bull,Shih Tzu,Bloodhound,Boston Bull,Irish Wolfhound,Shih Tzu,Irish Wolfhound,Bloodhound,A34LRS5WXFCCIY,552381517
2017-10-28 06:10:26,2017-10-28 06:23:03,IP Address,67.197.152.187,100,756,True,2017-10-28 06:23:04,R_AFmJzV6j5jNvbDX,,,,,35.012100219727,-80.882102966309,anonymous,EN,around half,3,1,2,4,Yes,11 - 20,Yes,7.725,635.109,635.502,792,Boston Bull,Shih Tzu,Yorkshire Terrier,Cocker Spaniel,Irish Wolfhound,Golden retriever,Golden retriever,Yorkshire Terrier,Saluki,Shih Tzu,Yorkshire Terrier,Bloodhound,Shih Tzu,Irish Wolfhound,Saluki,Yorkshire Terrier,Not A Dog,Cocker Spaniel,Golden retriever,Golden retriever,Irish Wolfhound,Yorkshire Terrier,Bloodhound,Cocker Spaniel,Saluki,Boston Bull,Cocker Spaniel,Cocker Spaniel,Irish Wolfhound,Golden retriever,Yorkshire Terrier,Golden retriever,Cocker Spaniel,Boston Bull,Not A Dog,Shih Tzu,Boston Bull,Golden retriever,Saluki,Shih Tzu,Bloodhound,Saluki,Boston Bull,Shih Tzu,Bloodhound,Boston Bull,Irish Wolfhound,Shih Tzu,Irish Wolfhound,Bloodhound,A161XKHTHC50S8,704061892
2017-10-28 06:19:28,2017-10-28 06:23:18,IP Address,103.61.113.250,100,230,True,2017-10-28 06:23:19,R_2tA4Tofu2yc3bRQ,,,,,26.286697387695,73.029998779297,anonymous,EN,a lot more than half,2,1,3,4,Yes,21 - 30,Yes,0.887,183.972,185.069,66,Golden retriever,Saluki,Cocker Spaniel,Golden retriever,Saluki,Golden retriever,Boston Bull,Shih Tzu,Cocker Spaniel,Irish Wolfhound,Cocker Spaniel,Shih Tzu,Irish Wolfhound,Boston Bull,Bloodhound,Saluki,Bloodhound,Saluki,Cocker Spaniel,Shih Tzu,Yorkshire Terrier,Golden retriever,Irish Wolfhound,Boston Bull,Shih Tzu,Yorkshire Terrier,Boston Bull,Yorkshire Terrier,Bloodhound,Yorkshire Terrier,Cocker Spaniel,Irish Wolfhound,Yorkshire Terrier,Shih Tzu,Yorkshire Terrier,Golden retriever,Cocker Spaniel,Yorkshire Terrier,Shih Tzu,Golden retriever,Shih Tzu,Yorkshire Terrier,Boston Bull,Cocker Spaniel,Golden retriever,Irish Wolfhound,Boston Bull,Cocker Spaniel,Shih Tzu,Saluki,ARTLO1JR51DT,245777683
2017-10-28 06:21:25,2017-10-28 06:26:20,IP Address,173.49.130.6,100,294,True,2017-10-28 06:26:20,R_33yb4PuBh7TRwzg,,,,,40.372100830078,-75.292701721191,anonymous,EN,a lot more than half,4,1,2,3,Yes,41+,No,7.956,257.74,260.458,53,Boston Bull,Shih Tzu,Shih Tzu,Cocker Spaniel,Irish Wolfhound,Golden retriever,Cocker Spaniel,Yorkshire Terrier,Irish Wolfhound,Shih Tzu,Yorkshire Terrier,Bloodhound,Shih Tzu,Saluki,Irish Wolfhound,Yorkshire Terrier,Not A Dog,Cocker Spaniel,Golden retriever,Golden retriever,Saluki,Yorkshire Terrier,Bloodhound,Cocker Spaniel,Irish Wolfhound,Boston Bull,Irish Wolfhound,Cocker Spaniel,Saluki,Golden retriever,Yorkshire Terrier,Irish Wolfhound,Cocker Spaniel,Boston Bull,Not A Dog,Saluki,Boston Bull,Golden retriever,Irish Wolfhound,Golden retriever,Bloodhound,Irish Wolfhound,Boston Bull,Shih Tzu,Bloodhound,Boston Bull,Saluki,Shih Tzu,Saluki,Bloodhound,A19BEDJTKWEDDM,208233622
2017-10-28 06:25:54,2017-10-28 06:30:55,IP Address,99.111.158.20,100,300,True,2017-10-28 06:30:55,R_2AT3gP6Nh3mLpst,,,,,35.805892944336,-78.799697875977,anonymous,EN,a lot more than half,3,1,2,4,Yes,41+,No,1.365,195.645,197.089,210,Boston Bull,Shih Tzu,Shih Tzu,Cocker Spaniel,Irish Wolfhound,Golden retriever,Cocker Spaniel,Yorkshire Terrier,Saluki,Shih Tzu,Yorkshire Terrier,Bloodhound,Shih Tzu,Irish Wolfhound,Saluki,Yorkshire Terrier,Not A Dog,Cocker Spaniel,Golden retriever,Golden retriever,Irish Wolfhound,Yorkshire Terrier,Bloodhound,Cocker Spaniel,Saluki,Boston Bull,Saluki,Cocker Spaniel,Irish Wolfhound,Golden retriever,Yorkshire Terrier,Golden retriever,Cocker Spaniel,Boston Bull,Not A Dog,Saluki,Boston Bull,Golden retriever,Bloodhound,Saluki,Bloodhound,Saluki,Boston Bull,Shih Tzu,Bloodhound,Boston Bull,Irish Wolfhound,Shih Tzu,Irish Wolfhound,Bloodhound,A2KEGX3820EQZE,349736319
2017-10-28 06:31:49,2017-10-28 06:38:18,IP Address,72.82.240.47,100,389,True,2017-10-28 06:38:19,R_RtBcttanrj2nUBP,,,,,40.029403686523,-74.58740234375,anonymous,EN,around half,1,3,2,4,Yes,41+,No,28.045,315.931,317.343,221,Boston Bull,Shih Tzu,Yorkshire Terrier,Cocker Spaniel,Irish Wolfhound,Golden retriever,Cocker Spaniel,Yorkshire Terrier,Saluki,Shih Tzu,Yorkshire Terrier,Bloodhound,Shih Tzu,Irish Wolfhound,Saluki,Yorkshire Terrier,Not A Dog,Cocker Spaniel,Golden retriever,Golden retriever,Irish Wolfhound,Shih Tzu,Bloodhound,Golden retriever,Saluki,Boston Bull,Saluki,Cocker Spaniel,Irish Wolfhound,Golden retriever,Yorkshire Terrier,Saluki,Cocker Spaniel,Boston Bull,Not A Dog,Shih Tzu,Cocker Spaniel,Golden retriever,Saluki,Cocker Spaniel,Bloodhound,Saluki,Boston Bull,Shih Tzu,Bloodhound,Boston Bull,Irish Wolfhound,Shih Tzu,Irish Wolfhound,Irish Wolfhound,A19V3A2N7GWL77,618595220
2017-10-28 06:35:45,2017-10-28 06:40:44,IP Address,196.146.13.73,100,298,True,2017-10-28 06:40:44,R_UucmoIv0dG5k0Yp,,,,,30.035507202148,31.223007202148,anonymous,EN,a lot more than half,3,1,2,4,Yes,41+,No,17.417,242.796,244.557,52,Boston Bull,Shih Tzu,Yorkshire Terrier,Cocker Spaniel,Irish Wolfhound,Golden retriever,Golden retriever,Yorkshire Terrier,Saluki,Yorkshire Terrier,Yorkshire Terrier,Bloodhound,Yorkshire Terrier,Irish Wolfhound,Irish Wolfhound,Yorkshire Terrier,Not A Dog,Cocker Spaniel,Golden retriever,Golden retriever,Irish Wolfhound,Yorkshire Terrier,Bloodhound,Cocker Spaniel,Saluki,Boston Bull,Cocker Spaniel,Cocker Spaniel,Irish Wolfhound,Golden retriever,Shih Tzu,Golden retriever,Cocker Spaniel,Boston Bull,Not A Dog,Yorkshire Terrier,Boston Bull,Golden retriever,Saluki,Golden retriever,Golden retriever,Saluki,Boston Bull,Shih Tzu,Irish Wolfhound,Boston Bull,Irish Wolfhound,Yorkshire Terrier,Irish Wolfhound,Irish Wolfhound,A3LSXZR843QSGC,331752381
2017-10-28 06:39:04,2017-10-28 06:42:38,IP Address,99.194.122.68,100,213,True,2017-10-28 06:42:38,R_1LcAgB0g0mMCLNW,,,,,31.854598999023,-81.273803710938,anonymous,EN,a lot more than half,3,1,2,4,Yes,41+,No,9.474,170.175,170.951,289,Boston Bull,Yorkshire Terrier,Yorkshire Terrier,Cocker Spaniel,Yorkshire Terrier,Golden retriever,Golden retriever,Cocker Spaniel,Bloodhound,Yorkshire Terrier,Yorkshire Terrier,Bloodhound,Yorkshire Terrier,Irish Wolfhound,Bloodhound,Yorkshire Terrier,Not A Dog,Shih Tzu,Golden retriever,Golden retriever,Irish Wolfhound,Shih Tzu,Bloodhound,Golden retriever,Saluki,Boston Bull,Irish Wolfhound,Bloodhound,Irish Wolfhound,Golden retriever,Shih Tzu,Golden retriever,Cocker Spaniel,Boston Bull,Not A Dog,Shih Tzu,Boston Bull,Golden retriever,Bloodhound,Golden retriever,Bloodhound,Saluki,Boston Bull,Yorkshire Terrier,Bloodhound,Boston Bull,Bloodhound,Yorkshire Terrier,Cocker Spaniel,Bloodhound,A23QPHQND6CS8Y,277357922
2017-10-28 06:36:37,2017-10-28 06:43:29,IP Address,37.6.3.99,100,412,True,2017-10-28 06:43:30,R_2wAbDs44EK8cLyF,,,,,37.983306884766,23.733306884766,anonymous,EN,a lot less than half,3,2,1,4,No,41+,Yes,39.931,286.107,288.281,70,Bloodhound,Yorkshire Terrier,Shih Tzu,Cocker Spaniel,Cocker Spaniel,Golden retriever,Irish Wolfhound,Yorkshire Terrier,Cocker Spaniel,Shih Tzu,Yorkshire Terrier,Golden retriever,Saluki,Bloodhound,Bloodhound,Yorkshire Terrier,Not A Dog,Saluki,Bloodhound,Cocker Spaniel,Boston Bull,Shih Tzu,Golden retriever,Cocker Spaniel,Bloodhound,Saluki,Cocker Spaniel,Irish Wolfhound,Irish Wolfhound,Golden retriever,Shih Tzu,Bloodhound,Boston Bull,Boston Bull,Not A Dog,Yorkshire Terrier,Boston Bull,Cocker Spaniel,Bloodhound,Cocker Spaniel,Golden retriever,Bloodhound,Shih Tzu,Shih Tzu,Yorkshire Terrier,Boston Bull,Irish Wolfhound,Shih Tzu,Irish Wolfhound,Yorkshire Terrier,ABVZFMC26LXO6,750451944
2017-10-28 06:36:56,2017-10-28 06:43:50,IP Address,74.71.235.171,100,413,True,2017-10-28 06:43:51,R_3E9GRXtKXhzuKVr,,,,,40.800598144531,-73.965301513672,anonymous,EN,around half,3,1,2,4,Yes,21 - 30,No,10.151,363.864,366.428,54,Boston Bull,Yorkshire Terrier,Yorkshire Terrier,Cocker Spaniel,Irish Wolfhound,Golden retriever,Yorkshire Terrier,Saluki,Saluki,Shih Tzu,Yorkshire Terrier,Bloodhound,Shih Tzu,Irish Wolfhound,Saluki,Shih Tzu,Not A Dog,Yorkshire Terrier,Golden retriever,Golden retriever,Irish Wolfhound,Yorkshire Terrier,Bloodhound,Golden retriever,Saluki,Boston Bull,Cocker Spaniel,Cocker Spaniel,Irish Wolfhound,Golden retriever,Shih Tzu,Golden retriever,Cocker Spaniel,Boston Bull,Not A Dog,Yorkshire Terrier,Boston Bull,Golden retriever,Irish Wolfhound,Golden retriever,Bloodhound,Saluki,Boston Bull,Yorkshire Terrier,Cocker Spaniel,Boston Bull,Irish Wolfhound,Shih Tzu,Irish Wolfhound,Bloodhound,A3KUGXG2Y6X7BD,985466607
2017-10-28 06:34:38,2017-10-28 06:44:18,IP Address,122.174.172.95,100,579,True,2017-10-28 06:44:18,R_3D0VOjO2FN9l7hT,,,,,13.083297729492,80.283294677734,anonymous,EN,a lot less than half,3,2,1,4,No,11 - 20,No,10.331,492.254,495.976,65,Boston Bull,Shih Tzu,Shih Tzu,Yorkshire Terrier,Saluki,Cocker Spaniel,Golden retriever,Yorkshire Terrier,Saluki,Shih Tzu,Yorkshire Terrier,Bloodhound,Shih Tzu,Irish Wolfhound,Saluki,Shih Tzu,Not A Dog,Yorkshire Terrier,Cocker Spaniel,Cocker Spaniel,Yorkshire Terrier,Shih Tzu,Bloodhound,Yorkshire Terrier,Saluki,Boston Bull,Saluki,Cocker Spaniel,Irish Wolfhound,Golden retriever,Shih Tzu,Golden retriever,Cocker Spaniel,Boston Bull,Not A Dog,Shih Tzu,Boston Bull,Cocker Spaniel,Bloodhound,Yorkshire Terrier,Bloodhound,Saluki,Boston Bull,Shih Tzu,Bloodhound,Boston Bull,Irish Wolfhound,Yorkshire Terrier,Irish Wolfhound,Bloodhound,A3R3JXBJVLMNIF,66832277
2017-10-28 06:47:58,2017-10-28 06:51:13,IP Address,70.126.230.252,100,194,True,2017-10-28 06:51:13,R_w4ynqiUXGFumFj3,,,,,28.008697509766,-82.745399475098,anonymous,EN,around half,2,3,1,4,Yes,11 - 20,Yes,5.171,169.251,169.74,55,Boston Bull,Shih Tzu,Yorkshire Terrier,Shih Tzu,Cocker Spaniel,Golden retriever,Cocker Spaniel,Saluki,Bloodhound,Shih Tzu,Yorkshire Terrier,Bloodhound,Shih Tzu,Irish Wolfhound,Irish Wolfhound,Yorkshire Terrier,Not A Dog,Cocker Spaniel,Golden retriever,Golden retriever,Irish Wolfhound,Yorkshire Terrier,Bloodhound,Golden retriever,Irish Wolfhound,Boston Bull,Irish Wolfhound,Yorkshire Terrier,Irish Wolfhound,Golden retriever,Yorkshire Terrier,Irish Wolfhound,Cocker Spaniel,Boston Bull,Not A Dog,Yorkshire Terrier,Boston Bull,Golden retriever,Irish Wolfhound,Cocker Spaniel,Golden retriever,Irish Wolfhound,Boston Bull,Shih Tzu,Bloodhound,Boston Bull,Irish Wolfhound,Shih Tzu,Irish Wolfhound,Golden retriever,A27KF4TT4FWEHI,347109889
2017-10-28 06:48:33,2017-10-28 06:54:42,IP Address,76.188.59.169,100,368,True,2017-10-28 06:54:43,R_2DRFFZE5ndV1UT6,,,,,41.852798461914,-80.790496826172,anonymous,EN,a lot more than half,3,1,2,4,Yes,41+,No,8.721,295.593,300.026,54,Boston Bull,Yorkshire Terrier,Yorkshire Terrier,Cocker Spaniel,Irish Wolfhound,Golden retriever,Golden retriever,Shih Tzu,Irish Wolfhound,Cocker Spaniel,Yorkshire Terrier,Irish Wolfhound,Saluki,Irish Wolfhound,Irish Wolfhound,Yorkshire Terrier,Not A Dog,Cocker Spaniel,Golden retriever,Golden retriever,Irish Wolfhound,Saluki,Bloodhound,Golden retriever,Irish Wolfhound,Boston Bull,Irish Wolfhound,Cocker Spaniel,Saluki,Golden retriever,Yorkshire Terrier,Irish Wolfhound,Cocker Spaniel,Boston Bull,Not A Dog,Saluki,Boston Bull,Golden retriever,Bloodhound,Golden retriever,Irish Wolfhound,Irish Wolfhound,Boston Bull,Saluki,Bloodhound,Boston Bull,Irish Wolfhound,Saluki,Irish Wolfhound,Bloodhound,A2OSXVGQUR6IL6,267855293
2017-10-28 06:50:29,2017-10-28 06:56:20,IP Address,96.37.9.198,100,351,True,2017-10-28 06:56:21,R_2zMzyjbnbxcnG77,,,,,36.020004272461,-75.669898986816,anonymous,EN,a lot more than half,2,3,1,4,Yes,41+,Yes,0.388,288.054,291.562,79,Boston Bull,Shih Tzu,Yorkshire Terrier,Cocker Spaniel,Irish Wolfhound,Golden retriever,Cocker Spaniel,Yorkshire Terrier,Bloodhound,Shih Tzu,Yorkshire Terrier,Bloodhound,Shih Tzu,Irish Wolfhound,Saluki,Yorkshire Terrier,Not A Dog,Cocker Spaniel,Golden retriever,Golden retriever,Irish Wolfhound,Yorkshire Terrier,Bloodhound,Cocker Spaniel,Saluki,Boston Bull,Saluki,Cocker Spaniel,Irish Wolfhound,Golden retriever,Yorkshire Terrier,Saluki,Cocker Spaniel,Boston Bull,Not A Dog,Yorkshire Terrier,Boston Bull,Golden retriever,Bloodhound,Golden retriever,Bloodhound,Saluki,Boston Bull,Shih Tzu,Bloodhound,Boston Bull,Irish Wolfhound,Shih Tzu,Irish Wolfhound,Bloodhound,A2AO8E3DIJRP8E,316666865
2017-10-28 06:46:08,2017-10-28 06:56:29,IP Address,192.197.82.203,100,620,True,2017-10-28 06:56:30,R_ZvK70XZXbpLCz3H,,,,,45.416702270508,-75.699996948242,anonymous,EN,around half,4,2,1,3,Yes,11 - 20,No,13.068,547.305,547.741,62,Boston Bull,Yorkshire Terrier,Shih Tzu,Cocker Spaniel,Saluki,Golden retriever,Cocker Spaniel,Yorkshire Terrier,Saluki,Yorkshire Terrier,Yorkshire Terrier,Bloodhound,Shih Tzu,Irish Wolfhound,Saluki,Yorkshire Terrier,Not A Dog,Cocker Spaniel,Golden retriever,Golden retriever,Irish Wolfhound,Yorkshire Terrier,Bloodhound,Golden retriever,Saluki,Boston Bull,Saluki,Cocker Spaniel,Irish Wolfhound,Golden retriever,Yorkshire Terrier,Saluki,Cocker Spaniel,Boston Bull,Not A Dog,Shih Tzu,Boston Bull,Golden retriever,Irish Wolfhound,Golden retriever,Bloodhound,Saluki,Boston Bull,Shih Tzu,Bloodhound,Boston Bull,Irish Wolfhound,Shih Tzu,Irish Wolfhound,Bloodhound,A2OW0GGDTHSVPC,358243096
2017-10-28 06:48:07,2017-10-28 06:58:26,IP Address,73.172.132.66,100,618,True,2017-10-28 06:58:27,R_1doD1ANBdvfuBhF,,,,,39.456207275391,-77.963897705078,anonymous,EN,a lot more than half,2,3,1,4,Yes,31 - 40,No,9.901,514.908,520.761,52,Boston Bull,Shih Tzu,Yorkshire Terrier,Cocker Spaniel,Irish Wolfhound,Golden retriever,Golden retriever,Yorkshire Terrier,Saluki,Shih Tzu,Yorkshire Terrier,Bloodhound,Shih Tzu,Irish Wolfhound,Saluki,Yorkshire Terrier,Not A Dog,Cocker Spaniel,Golden retriever,Golden retriever,Irish Wolfhound,Yorkshire Terrier,Bloodhound,Golden retriever,Saluki,Boston Bull,Saluki,Cocker Spaniel,Irish Wolfhound,Golden retriever,Yorkshire Terrier,Golden retriever,Cocker Spaniel,Boston Bull,Not A Dog,Yorkshire Terrier,Boston Bull,Golden retriever,Bloodhound,Golden retriever,Bloodhound,Saluki,Boston Bull,Shih Tzu,Bloodhound,Boston Bull,Irish Wolfhound,Shih Tzu,Irish Wolfhound,Bloodhound,A1POSVC6FSYWLW,78643613
2017-10-28 06:52:17,2017-10-28 06:59:05,IP Address,174.59.9.102,100,408,True,2017-10-28 06:59:05,R_2AXWJGpaIAcxRCf,,,,,40.567092895508,-76.904296875,anonymous,EN,a lot more than half,3,1,2,4,Yes,41+,No,1.283,357.904,359.381,278,Boston Bull,Shih Tzu,Yorkshire Terrier,Cocker Spaniel,Shih Tzu,Golden retriever,Cocker Spaniel,Shih Tzu,Irish Wolfhound,Yorkshire Terrier,Yorkshire Terrier,Bloodhound,Yorkshire Terrier,Saluki,Saluki,Shih Tzu,Not A Dog,Cocker Spaniel,Golden retriever,Golden retriever,Saluki,Yorkshire Terrier,Bloodhound,Cocker Spaniel,Saluki,Boston Bull,Saluki,Cocker Spaniel,Yorkshire Terrier,Golden retriever,Shih Tzu,Irish Wolfhound,Cocker Spaniel,Boston Bull,Not A Dog,Yorkshire Terrier,Boston Bull,Golden retriever,Irish Wolfhound,Golden retriever,Bloodhound,Saluki,Boston Bull,Shih Tzu,Irish Wolfhound,Boston Bull,Saluki,Yorkshire Terrier,Saluki,Bloodhound,A3UN9YYKM944VX,79302337
2017-10-28 06:54:00,2017-10-28 06:59:19,IP Address,99.125.178.4,100,319,True,2017-10-28 06:59:20,R_3080QwunjIjnAoP,,,,,25.522506713867,-80.385200500488,anonymous,EN,around half,2,1,4,3,Yes,41+,No,12.229,274.653,275.447,117,Boston Bull,Shih Tzu,Yorkshire Terrier,Yorkshire Terrier,Cocker Spaniel,Golden retriever,Cocker Spaniel,Yorkshire Terrier,Bloodhound,Shih Tzu,Yorkshire Terrier,Bloodhound,Shih Tzu,Saluki,Saluki,Yorkshire Terrier,Not A Dog,Cocker Spaniel,Golden retriever,Golden retriever,Saluki,Yorkshire Terrier,Bloodhound,Golden retriever,Irish Wolfhound,Boston Bull,Cocker Spaniel,Cocker Spaniel,Irish Wolfhound,Golden retriever,Yorkshire Terrier,Golden retriever,Cocker Spaniel,Boston Bull,Not A Dog,Yorkshire Terrier,Boston Bull,Golden retriever,Bloodhound,Golden retriever,Saluki,Saluki,Boston Bull,Shih Tzu,Bloodhound,Boston Bull,Cocker Spaniel,Shih Tzu,Saluki,Irish Wolfhound,A1ANSFI5L7SUUH,976627881
2017-10-28 06:55:36,2017-10-28 06:59:46,IP Address,83.76.176.146,100,250,True,2017-10-28 06:59:47,R_2pQQ8g7eFgQl5tI,,,,,47.418899536133,8.435302734375,anonymous,EN,around half,2,3,1,4,Maybe,41+,No,0.838,134.389,135.653,45,Yorkshire Terrier,Cocker Spaniel,Yorkshire Terrier,Boston Bull,Saluki,Golden retriever,Golden retriever,Shih Tzu,Bloodhound,Yorkshire Terrier,Yorkshire Terrier,Bloodhound,Yorkshire Terrier,Saluki,Saluki,Shih Tzu,Not A Dog,Yorkshire Terrier,Saluki,Golden retriever,Bloodhound,Yorkshire Terrier,Bloodhound,Golden retriever,Saluki,Boston Bull,Saluki,Yorkshire Terrier,Bloodhound,Golden retriever,Cocker Spaniel,Saluki,Cocker Spaniel,Boston Bull,Not A Dog,Yorkshire Terrier,Boston Bull,Golden retriever,Saluki,Saluki,Bloodhound,Saluki,Boston Bull,Yorkshire Terrier,Bloodhound,Boston Bull,Saluki,Shih Tzu,Bloodhound,Bloodhound,A1U2DXPXFTDKPU,717232993
2017-10-28 06:55:31,2017-10-28 07:01:19,IP Address,186.24.1.242,100,347,True,2017-10-28 07:01:19,R_2QmT1e32TukApj0,,,,,10.199996948242,-64.699996948242,anonymous,EN,around half,3,2,1,4,Yes,41+,Yes,16.832,233.34,235.866,51,Boston Bull,Shih Tzu,Yorkshire Terrier,Cocker Spaniel,Irish Wolfhound,Golden retriever,Boston Bull,Yorkshire Terrier,Saluki,Shih Tzu,Yorkshire Terrier,Bloodhound,Shih Tzu,Irish Wolfhound,Saluki,Yorkshire Terrier,Not A Dog,Cocker Spaniel,Golden retriever,Golden retriever,Irish Wolfhound,Bloodhound,Bloodhound,Cocker Spaniel,Saluki,Boston Bull,Saluki,Cocker Spaniel,Irish Wolfhound,Golden retriever,Yorkshire Terrier,Saluki,Cocker Spaniel,Boston Bull,Not A Dog,Cocker Spaniel,Boston Bull,Golden retriever,Saluki,Golden retriever,Bloodhound,Saluki,Boston Bull,Shih Tzu,Bloodhound,Boston Bull,Irish Wolfhound,Shih Tzu,Irish Wolfhound,Irish Wolfhound,A2MLNBQS8RZ8PG,717399172
2017-10-28 06:57:21,2017-10-28 07:05:32,IP Address,107.137.79.251,100,490,True,2017-10-28 07:05:32,R_4MTTqv7SKDogEkV,,,,,39.785095214844,-86.166496276855,anonymous,EN,a lot more than half,2,1,3,4,Yes,41+,Yes,14.299,430.182,432.012,53,Boston Bull,Yorkshire Terrier,Yorkshire Terrier,Cocker Spaniel,Irish Wolfhound,Golden retriever,Cocker Spaniel,Shih Tzu,Saluki,Shih Tzu,Yorkshire Terrier,Bloodhound,Yorkshire Terrier,Irish Wolfhound,Saluki,Yorkshire Terrier,Not A Dog,Cocker Spaniel,Golden retriever,Golden retriever,Irish Wolfhound,Yorkshire Terrier,Bloodhound,Cocker Spaniel,Saluki,Boston Bull,Golden retriever,Cocker Spaniel,Irish Wolfhound,Golden retriever,Yorkshire Terrier,Saluki,Cocker Spaniel,Boston Bull,Not A Dog,Yorkshire Terrier,Boston Bull,Golden retriever,Bloodhound,Golden retriever,Bloodhound,Saluki,Boston Bull,Shih Tzu,Bloodhound,Boston Bull,Irish Wolfhound,Shih Tzu,Irish Wolfhound,Bloodhound,A15YR0KPRSH9T4,115171061
2017-10-28 06:53:55,2017-10-28 07:06:19,IP Address,73.224.180.186,100,743,True,2017-10-28 07:06:19,R_1N2oEZ4QkSi9u3u,,,,,30.287796020508,-81.426399230957,anonymous,EN,a lot more than half,3,1,2,4,Yes,21 - 30,No,9.861,659.479,660.804,1538,Boston Bull,Shih Tzu,Shih Tzu,Cocker Spaniel,Irish Wolfhound,Golden retriever,Cocker Spaniel,Yorkshire Terrier,Irish Wolfhound,Shih Tzu,Yorkshire Terrier,Bloodhound,Shih Tzu,Irish Wolfhound,Irish Wolfhound,Yorkshire Terrier,Not A Dog,Cocker Spaniel,Golden retriever,Golden retriever,Irish Wolfhound,Yorkshire Terrier,Bloodhound,Golden retriever,Irish Wolfhound,Boston Bull,Cocker Spaniel,Cocker Spaniel,Irish Wolfhound,Golden retriever,Yorkshire Terrier,Golden retriever,Cocker Spaniel,Boston Bull,Not A Dog,Yorkshire Terrier,Boston Bull,Golden retriever,Irish Wolfhound,Golden retriever,Bloodhound,Irish Wolfhound,Boston Bull,Shih Tzu,Bloodhound,Boston Bull,Irish Wolfhound,Shih Tzu,Irish Wolfhound,Bloodhound,A36XTKYLP4IRDN,206076377
2017-10-28 07:09:20,2017-10-28 07:17:10,IP Address,198.22.162.104,100,470,True,2017-10-28 07:17:11,R_p6J2m4p50CIHaRH,,,,,37.751007080078,-97.821998596191,anonymous,EN,around half,2,3,1,4,Yes,0 - 10,Yes,12.488,292.542,296.629,60,Golden retriever,Cocker Spaniel,Golden retriever,Saluki,Boston Bull,Yorkshire Terrier,Golden retriever,Boston Bull,Yorkshire Terrier,Yorkshire Terrier,Shih Tzu,Golden retriever,Cocker Spaniel,Shih Tzu,Shih Tzu,Yorkshire Terrier,Not A Dog,Yorkshire Terrier,Yorkshire Terrier,Bloodhound,Cocker Spaniel,Irish Wolfhound,Golden retriever,Irish Wolfhound,Yorkshire Terrier,Shih Tzu,Bloodhound,Golden retriever,Golden retriever,Golden retriever,Golden retriever,Cocker Spaniel,Cocker Spaniel,Cocker Spaniel,Not A Dog,Cocker Spaniel,Bloodhound,Boston Bull,Cocker Spaniel,Golden retriever,Boston Bull,Shih Tzu,Boston Bull,Golden retriever,Boston Bull,Cocker Spaniel,Yorkshire Terrier,Shih Tzu,Bloodhound,Irish Wolfhound,A3OCHRI3EXIVEG,476921271
2017-10-28 07:21:38,2017-10-28 07:29:11,IP Address,192.146.131.24,100,452,True,2017-10-28 07:29:12,R_2AKixmE5X2mNE9B,,,,,26.272003173828,-80.258003234863,anonymous,EN,around half,3,1,2,4,Yes,41+,No,13.557,375.745,377.005,111,Boston Bull,Shih Tzu,Shih Tzu,Cocker Spaniel,Irish Wolfhound,Golden retriever,Cocker Spaniel,Yorkshire Terrier,Saluki,Shih Tzu,Yorkshire Terrier,Bloodhound,Shih Tzu,Irish Wolfhound,Saluki,Yorkshire Terrier,Not A Dog,Cocker Spaniel,Golden retriever,Golden retriever,Irish Wolfhound,Yorkshire Terrier,Bloodhound,Cocker Spaniel,Saluki,Boston Bull,Saluki,Cocker Spaniel,Irish Wolfhound,Golden retriever,Yorkshire Terrier,Saluki,Cocker Spaniel,Boston Bull,Not A Dog,Shih Tzu,Boston Bull,Golden retriever,Saluki,Golden retriever,Bloodhound,Cocker Spaniel,Boston Bull,Shih Tzu,Bloodhound,Boston Bull,Irish Wolfhound,Shih Tzu,Irish Wolfhound,Bloodhound,A252PMEYW7EUQC,624247069
2017-10-28 07:22:58,2017-10-28 07:29:21,IP Address,70.126.28.222,100,382,True,2017-10-28 07:29:21,R_3QYiSANFxg13kLM,,,,,28.483703613281,-82.549598693848,anonymous,EN,a lot more than half,3,1,2,4,Yes,41+,Yes,7.006,323.872,328.745,54,Boston Bull,Shih Tzu,Yorkshire Terrier,Cocker Spaniel,Irish Wolfhound,Golden retriever,Cocker Spaniel,Yorkshire Terrier,Saluki,Shih Tzu,Yorkshire Terrier,Bloodhound,Shih Tzu,Irish Wolfhound,Saluki,Yorkshire Terrier,Not A Dog,Cocker Spaniel,Golden retriever,Golden retriever,Irish Wolfhound,Yorkshire Terrier,Bloodhound,Golden retriever,Saluki,Boston Bull,Saluki,Cocker Spaniel,Irish Wolfhound,Golden retriever,Yorkshire Terrier,Saluki,Cocker Spaniel,Boston Bull,Not A Dog,Shih Tzu,Boston Bull,Golden retriever,Bloodhound,Golden retriever,Golden retriever,Saluki,Boston Bull,Yorkshire Terrier,Bloodhound,Boston Bull,Irish Wolfhound,Shih Tzu,Irish Wolfhound,Bloodhound,A37VBAMFEQKJO4,551810064
2017-10-28 07:23:08,2017-10-28 07:35:23,IP Address,66.187.171.199,100,735,True,2017-10-28 07:35:23,R_1oHJnDhC6sIFxm8,,,,,35.882598876953,-80.896697998047,anonymous,EN,a lot more than half,3,1,2,4,Yes,41+,Yes,18.062,649.859,655.472,54,Boston Bull,Shih Tzu,Yorkshire Terrier,Saluki,Irish Wolfhound,Golden retriever,Cocker Spaniel,Shih Tzu,Saluki,Yorkshire Terrier,Yorkshire Terrier,Bloodhound,Shih Tzu,Irish Wolfhound,Saluki,Yorkshire Terrier,Not A Dog,Cocker Spaniel,Irish Wolfhound,Golden retriever,Irish Wolfhound,Yorkshire Terrier,Bloodhound,Cocker Spaniel,Saluki,Boston Bull,Saluki,Cocker Spaniel,Irish Wolfhound,Golden retriever,Yorkshire Terrier,Saluki,Cocker Spaniel,Boston Bull,Not A Dog,Yorkshire Terrier,Boston Bull,Golden retriever,Saluki,Golden retriever,Irish Wolfhound,Saluki,Boston Bull,Yorkshire Terrier,Irish Wolfhound,Boston Bull,Irish Wolfhound,Shih Tzu,Irish Wolfhound,Golden retriever,A1Q2LJQG0TWBWC,439838726
2017-10-28 07:36:03,2017-10-28 07:41:42,IP Address,184.157.218.152,100,338,True,2017-10-28 07:41:43,R_3n6hZrnBmibfvdx,,,,,44.276092529297,-90.796203613281,anonymous,EN,a lot more than half,1,3,2,4,Yes,41+,No,9.984,282.159,285.518,51,Boston Bull,Shih Tzu,Shih Tzu,Cocker Spaniel,Irish Wolfhound,Golden retriever,Cocker Spaniel,Yorkshire Terrier,Saluki,Shih Tzu,Yorkshire Terrier,Bloodhound,Shih Tzu,Irish Wolfhound,Saluki,Yorkshire Terrier,Not A Dog,Cocker Spaniel,Golden retriever,Golden retriever,Irish Wolfhound,Yorkshire Terrier,Bloodhound,Cocker Spaniel,Saluki,Boston Bull,Saluki,Cocker Spaniel,Irish Wolfhound,Golden retriever,Yorkshire Terrier,Saluki,Cocker Spaniel,Boston Bull,Not A Dog,Shih Tzu,Boston Bull,Golden retriever,Bloodhound,Golden retriever,Bloodhound,Saluki,Boston Bull,Shih Tzu,Bloodhound,Boston Bull,Irish Wolfhound,Shih Tzu,Irish Wolfhound,Bloodhound,A23VM3SZWYATBO,911898430
