StartDate,EndDate,Status,IPAddress,Progress,Duration (in seconds),Finished,RecordedDate,ResponseId,RecipientLastName,RecipientFirstName,RecipientEmail,ExternalReference,LocationLatitude,LocationLongitude,DistributionChannel,UserLanguage,CQ1,CQ2_1,CQ2_2,CQ2_3,CQ2_4,CQ3,CQ4,CQ5,Timer1_First Click,Timer1_Last Click,Timer1_Page Submit,Timer1_Click Count,TQ1,TQ2,TQ3,TQ4,TQ5,TQ6,TQ7,TQ8,TQ9,TQ10,TQ11,TQ12,TQ13,TQ14,TQ15,TQ16,SQ1,TQ17,TQ18,TQ19,TQ20,TQ21,TQ22,TQ23,TQ24,TQ25,TQ26,TQ27,TQ28,TQ29,TQ30,TQ31,TQ32,TQ33,SQ2,TQ34,TQ35,TQ36,TQ37,TQ38,TQ39,TQ40,TQ41,TQ42,TQ43,TQ44,TQ45,TQ46,TQ47,TQ48,worker_id,mTurkCode
Start Date,End Date,Response Type,IP Address,Progress,Duration (in seconds),Finished,Recorded Date,Response ID,Recipient Last Name,Recipient First Name,Recipient Email,External Data Reference,Location Latitude,Location Longitude,Distribution Channel,User Language,What portion of your friends own pets?,Please rank your preferences to work with the following media: - Audio,Please rank your preferences to work with the following media: - Text,Please rank your preferences to work with the following media: - Images,Please rank your preferences to work with the following media: - Other,"Have your ever lived with any dogs in your household? If not, have you ever planned to own a dog?","On average, how many tasks on Amazon Mechanical Turk do you complete every week?",Do you use Linkedin? (no need to provide any links),Timing - First Click,Timing - Last Click,Timing - Page Submit,Timing - Click Count,Please identify the breed.,Please identify the breed.,Please identify the breed.,Please identify the breed.,Please identify the breed.,Please identify the breed.,Please identify the breed.,Please identify the breed.,Please identify the breed.,Please identify the breed.,Please identify the breed.,Please identify the breed.,Please identify the breed.,Please identify the breed.,Please identify the breed.,Please identify the breed.,Please identify the breed.,Please identify the breed.,Please identify the breed.,Please identify the breed.,Please identify the breed.,Please identify the breed.,Please identify the breed.,Please identify the breed.,Please identify the breed.,Please identify the breed.,Please identify the breed.,Please identify the breed.,Please identify the breed.,Please identify the breed.,Please identify the breed.,Please identify the breed.,Please identify the breed.,Please identify the breed.,Please identify the breed.,Please identify the breed.,Please identify the breed.,Please identify the breed.,Please identify the breed.,Please identify the breed.,Please identify the breed.,Please identify the breed.,Please identify the breed.,Please identify the breed.,Please identify the breed.,Please identify the breed.,Please identify the breed.,Please identify the breed.,Please identify the breed.,Please identify the breed.,Please provide us your Amazon Mechanical Turk (AMT) Worker ID for payment:,mTurkCode
"{""ImportId"":""startDate"",""timeZone"":""America/Denver""}","{""ImportId"":""endDate"",""timeZone"":""America/Denver""}","{""ImportId"":""status""}","{""ImportId"":""ipAddress""}","{""ImportId"":""progress""}","{""ImportId"":""duration""}","{""ImportId"":""finished""}","{""ImportId"":""recordedDate"",""timeZone"":""America/Denver""}","{""ImportId"":""_recordId""}","{""ImportId"":""recipientLastName""}","{""ImportId"":""recipientFirstName""}","{""ImportId"":""recipientEmail""}","{""ImportId"":""externalDataReference""}","{""ImportId"":""locationLatitude""}","{""ImportId"":""locationLongitude""}","{""ImportId"":""distributionChannel""}","{""ImportId"":""userLanguage""}","{""ImportId"":""QID154""}","{""ImportId"":""QID155_1""}","{""ImportId"":""QID155_2""}","{""ImportId"":""QID155_3""}","{""ImportId"":""QID155_4""}","{""ImportId"":""QID156""}","{""ImportId"":""QID157""}","{""ImportId"":""QID158""}","{""ImportId"":""QID47_FIRST_CLICK""}","{""ImportId"":""QID47_LAST_CLICK""}","{""ImportId"":""QID47_PAGE_SUBMIT""}","{""ImportId"":""QID47_CLICK_COUNT""}","{""ImportId"":""QID45""}","{""ImportId"":""QID160""}","{""ImportId"":""QID159""}","{""ImportId"":""QID161""}","{""ImportId"":""QID162""}","{""ImportId"":""QID163""}","{""ImportId"":""QID164""}","{""ImportId"":""QID165""}","{""ImportId"":""QID166""}","{""ImportId"":""QID167""}","{""ImportId"":""QID168""}","{""ImportId"":""QID169""}","{""ImportId"":""QID170""}","{""ImportId"":""QID171""}","{""ImportId"":""QID172""}","{""ImportId"":""QID173""}","{""ImportId"":""QID174""}","{""ImportId"":""QID175""}","{""ImportId"":""QID176""}","{""ImportId"":""QID177""}","{""ImportId"":""QID178""}","{""ImportId"":""QID179""}","{""ImportId"":""QID180""}","{""ImportId"":""QID181""}","{""ImportId"":""QID182""}","{""ImportId"":""QID183""}","{""ImportId"":""QID184""}","{""ImportId"":""QID185""}","{""ImportId"":""QID186""}","{""ImportId"":""QID187""}","{""ImportId"":""QID188""}","{""ImportId"":""QID189""}","{""ImportId"":""QID190""}","{""ImportId"":""QID191""}","{""ImportId"":""QID192""}","{""ImportId"":""QID193""}","{""ImportId"":""QID194""}","{""ImportId"":""QID195""}","{""ImportId"":""QID196""}","{""ImportId"":""QID197""}","{""ImportId"":""QID198""}","{""ImportId"":""QID199""}","{""ImportId"":""QID200""}","{""ImportId"":""QID201""}","{""ImportId"":""QID202""}","{""ImportId"":""QID203""}","{""ImportId"":""QID204""}","{""ImportId"":""QID205""}","{""ImportId"":""QID206""}","{""ImportId"":""QID207""}","{""ImportId"":""QID208_TEXT""}","{""ImportId"":""mTurkCode""}"
10/28/2017 5:18,10/28/2017 5:23,IP Address,122.174.87.26,100,299,TRUE,10/28/2017 5:23,R_1YpCIp0nk76hzON,,,,,13.08329773,80.28329468,anonymous,EN,around half,1,2,3,4,Yes,21 - 30,Yes,2.676,162.544,165.543,50,Cocker Spaniel,Bloodhound,Shih Tzu,Cocker Spaniel,Cocker Spaniel,Bloodhound,Cocker Spaniel,Golden retriever,Golden retriever,Yorkshire Terrier,Bloodhound,Golden retriever,Bloodhound,Saluki,Cocker Spaniel,Golden retriever,Yorkshire Terrier,Golden retriever,Golden retriever,Cocker Spaniel,Bloodhound,Irish Wolfhound,Golden retriever,Cocker Spaniel,Yorkshire Terrier,Golden retriever,Golden retriever,Saluki,Boston Bull,Boston Bull,Boston Bull,Shih Tzu,Bloodhound,Golden retriever,Yorkshire Terrier,Golden retriever,Cocker Spaniel,Boston Bull,Golden retriever,Yorkshire Terrier,Boston Bull,Yorkshire Terrier,Shih Tzu,Cocker Spaniel,Cocker Spaniel,Irish Wolfhound,Saluki,Golden retriever,Yorkshire Terrier,Yorkshire Terrier,A3F0IB24N4G54T,933232067
10/28/2017 5:18,10/28/2017 5:24,IP Address,122.174.152.50,100,398,TRUE,10/28/2017 5:24,R_3OrDDZbTpTDCuBc,,,,,13.08329773,80.28329468,anonymous,EN,around half,3,1,2,4,Yes,21 - 30,No,60.907,291.858,294.008,54,Yorkshire Terrier,Shih Tzu,Cocker Spaniel,Saluki,Irish Wolfhound,Golden retriever,Bloodhound,Cocker Spaniel,Cocker Spaniel,Shih Tzu,Boston Bull,Yorkshire Terrier,Saluki,Shih Tzu,Cocker Spaniel,Saluki,Bloodhound,Cocker Spaniel,Bloodhound,Bloodhound,Boston Bull,Saluki,Cocker Spaniel,Yorkshire Terrier,Boston Bull,Bloodhound,Cocker Spaniel,Golden retriever,Bloodhound,Yorkshire Terrier,Shih Tzu,Cocker Spaniel,Boston Bull,Yorkshire Terrier,Not A Dog,Boston Bull,Cocker Spaniel,Boston Bull,Golden retriever,Shih Tzu,Saluki,Golden retriever,Boston Bull,Shih Tzu,Bloodhound,Boston Bull,Saluki,Shih Tzu,Saluki,Golden retriever,A18EWG6CNKAO2J,88155998
10/28/2017 5:17,10/28/2017 5:25,IP Address,42.109.189.89,100,441,TRUE,10/28/2017 5:25,R_ZJqJFwtHKnfJ82d,,,,,12.98330688,77.58331299,anonymous,EN,around half,3,2,1,4,Yes,41+,Yes,10.308,370.919,372.498,52,Boston Bull,Shih Tzu,Saluki,Bloodhound,Irish Wolfhound,Golden retriever,Cocker Spaniel,Shih Tzu,Yorkshire Terrier,Saluki,Saluki,Yorkshire Terrier,Shih Tzu,Irish Wolfhound,Cocker Spaniel,Cocker Spaniel,Not A Dog,Yorkshire Terrier,Golden retriever,Golden retriever,Cocker Spaniel,Yorkshire Terrier,Saluki,Golden retriever,Irish Wolfhound,Boston Bull,Shih Tzu,Saluki,Yorkshire Terrier,Golden retriever,Cocker Spaniel,Saluki,Irish Wolfhound,Boston Bull,Not A Dog,Cocker Spaniel,Shih Tzu,Golden retriever,Bloodhound,Saluki,Golden retriever,Saluki,Boston Bull,Shih Tzu,Irish Wolfhound,Bloodhound,Irish Wolfhound,Shih Tzu,Yorkshire Terrier,Irish Wolfhound,AF2GUPXX9MYSS,478896842
10/28/2017 5:18,10/28/2017 5:25,IP Address,223.196.63.66,100,421,TRUE,10/28/2017 5:25,R_2cp7Pt0nvkGCnJE,,,,,9.166702271,77.86669922,anonymous,EN,a lot more than half,1,2,3,4,Yes,0 - 10,Yes,2.017,126.767,127.92,58,Cocker Spaniel,Saluki,Yorkshire Terrier,Boston Bull,Cocker Spaniel,Yorkshire Terrier,Cocker Spaniel,Saluki,Yorkshire Terrier,Irish Wolfhound,Irish Wolfhound,Yorkshire Terrier,Golden retriever,Boston Bull,Irish Wolfhound,Boston Bull,Not A Dog,Yorkshire Terrier,Golden retriever,Golden retriever,Bloodhound,Cocker Spaniel,Irish Wolfhound,Saluki,Cocker Spaniel,Irish Wolfhound,Cocker Spaniel,Shih Tzu,Yorkshire Terrier,Yorkshire Terrier,Boston Bull,Boston Bull,Cocker Spaniel,Shih Tzu,Not A Dog,Cocker Spaniel,Boston Bull,Bloodhound,Golden retriever,Golden retriever,Boston Bull,Golden retriever,Bloodhound,Golden retriever,Yorkshire Terrier,Boston Bull,Shih Tzu,Cocker Spaniel,Bloodhound,Irish Wolfhound,A1BANTV8HONS2C,653915096
10/28/2017 5:18,10/28/2017 5:25,IP Address,122.164.54.87,100,420,TRUE,10/28/2017 5:25,R_1hzfHU51PRZafij,,,,,13.08329773,80.28329468,anonymous,EN,around half,1,3,2,4,Yes,20-Nov,Yes,6.334,297.334,298.292,77,Boston Bull,Shih Tzu,Cocker Spaniel,Cocker Spaniel,Saluki,Golden retriever,Bloodhound,Yorkshire Terrier,Saluki,Shih Tzu,Irish Wolfhound,Boston Bull,Shih Tzu,Cocker Spaniel,Yorkshire Terrier,Boston Bull,Saluki,Cocker Spaniel,Irish Wolfhound,Saluki,Golden retriever,Cocker Spaniel,Boston Bull,Yorkshire Terrier,Boston Bull,Yorkshire Terrier,Boston Bull,Yorkshire Terrier,Boston Bull,Bloodhound,Saluki,Bloodhound,Bloodhound,Cocker Spaniel,Bloodhound,Cocker Spaniel,Saluki,Saluki,Cocker Spaniel,Bloodhound,Cocker Spaniel,Cocker Spaniel,Cocker Spaniel,Yorkshire Terrier,Cocker Spaniel,Shih Tzu,Cocker Spaniel,Yorkshire Terrier,Cocker Spaniel,Bloodhound, A31UVMRUFGGJ12,983349507
10/28/2017 5:20,10/28/2017 5:25,IP Address,103.215.236.221,100,333,TRUE,10/28/2017 5:25,R_3xw6MU0lIAmLKff,,,,,9.933303833,78.11669922,anonymous,EN,a lot less than half,3,2,1,4,Yes,41+,Yes,45.074,229.718,231.742,51,Boston Bull,Yorkshire Terrier,Yorkshire Terrier,Boston Bull,Boston Bull,Bloodhound,Shih Tzu,Yorkshire Terrier,Yorkshire Terrier,Yorkshire Terrier,Shih Tzu,Boston Bull,Yorkshire Terrier,Yorkshire Terrier,Yorkshire Terrier,Yorkshire Terrier,Not A Dog,Yorkshire Terrier,Yorkshire Terrier,Yorkshire Terrier,Boston Bull,Yorkshire Terrier,Boston Bull,Yorkshire Terrier,Yorkshire Terrier,Shih Tzu,Yorkshire Terrier,Cocker Spaniel,Yorkshire Terrier,Boston Bull,Yorkshire Terrier,Yorkshire Terrier,Boston Bull,Cocker Spaniel,Not A Dog,Yorkshire Terrier,Yorkshire Terrier,Boston Bull,Yorkshire Terrier,Yorkshire Terrier,Boston Bull,Yorkshire Terrier,Boston Bull,Yorkshire Terrier,Boston Bull,Yorkshire Terrier,Yorkshire Terrier,Yorkshire Terrier,Yorkshire Terrier,Boston Bull,A1VOFYYXKZWG7W,126921487
10/28/2017 5:21,10/28/2017 5:26,IP Address,64.120.56.10,100,285,TRUE,10/28/2017 5:26,R_3Hwe0lbEfyDfaqh,,,,,33.67480469,-111.9518967,anonymous,EN,around half,1,3,2,4,Yes,41+,No,11.444,234.423,236.198,51,Boston Bull,Shih Tzu,Shih Tzu,Cocker Spaniel,Irish Wolfhound,Golden retriever,Cocker Spaniel,Yorkshire Terrier,Saluki,Shih Tzu,Yorkshire Terrier,Bloodhound,Shih Tzu,Irish Wolfhound,Saluki,Shih Tzu,Not A Dog,Cocker Spaniel,Golden retriever,Golden retriever,Irish Wolfhound,Yorkshire Terrier,Bloodhound,Cocker Spaniel,Irish Wolfhound,Boston Bull,Saluki,Cocker Spaniel,Irish Wolfhound,Golden retriever,Irish Wolfhound,Golden retriever,Cocker Spaniel,Boston Bull,Not A Dog,Yorkshire Terrier,Boston Bull,Golden retriever,Bloodhound,Golden retriever,Bloodhound,Saluki,Boston Bull,Shih Tzu,Bloodhound,Boston Bull,Irish Wolfhound,Shih Tzu,Irish Wolfhound,Bloodhound,A1ZTSCPETU3UJW,995861449
10/28/2017 5:21,10/28/2017 5:27,IP Address,157.50.23.144,100,352,TRUE,10/28/2017 5:27,R_2D1i7RxGDdq4lzI,,,,,13.08329773,80.28329468,anonymous,EN,around half,3,2,4,1,Yes,20-Nov,Yes,1.563,258.528,259.663,112,Shih Tzu,Cocker Spaniel,Golden retriever,Yorkshire Terrier,Boston Bull,Bloodhound,Saluki,Irish Wolfhound,Cocker Spaniel,Boston Bull,Boston Bull,Boston Bull,Bloodhound,Irish Wolfhound,Irish Wolfhound,Boston Bull,Boston Bull,Shih Tzu,Boston Bull,Yorkshire Terrier,Yorkshire Terrier,Yorkshire Terrier,Yorkshire Terrier,Boston Bull,Yorkshire Terrier,Yorkshire Terrier,Golden retriever,Irish Wolfhound,Yorkshire Terrier,Boston Bull,Boston Bull,Yorkshire Terrier,Yorkshire Terrier,Boston Bull,Shih Tzu,Yorkshire Terrier,Yorkshire Terrier,Shih Tzu,Yorkshire Terrier,Yorkshire Terrier,Yorkshire Terrier,Yorkshire Terrier,Yorkshire Terrier,Shih Tzu,Boston Bull,Boston Bull,Yorkshire Terrier,Golden retriever,Bloodhound,Irish Wolfhound, A3N5TCHRPQF6P,181237507
10/28/2017 5:23,10/28/2017 5:27,IP Address,144.48.48.188,100,222,TRUE,10/28/2017 5:27,R_2ccsXBhyP4XjDFa,,,,,9.933303833,78.11669922,anonymous,EN,around half,1,2,3,4,Maybe,21 - 30,No,1.188,109.435,111.807,59,Golden retriever,Boston Bull,Yorkshire Terrier,Shih Tzu,Cocker Spaniel,Bloodhound,Irish Wolfhound,Irish Wolfhound,Boston Bull,Shih Tzu,Golden retriever,Irish Wolfhound,Boston Bull,Yorkshire Terrier,Cocker Spaniel,Boston Bull,Yorkshire Terrier,Saluki,Bloodhound,Boston Bull,Shih Tzu,Irish Wolfhound,Shih Tzu,Saluki,Boston Bull,Boston Bull,Yorkshire Terrier,Golden retriever,Boston Bull,Saluki,Cocker Spaniel,Shih Tzu,Yorkshire Terrier,Bloodhound,Saluki,Saluki,Cocker Spaniel,Cocker Spaniel,Bloodhound,Yorkshire Terrier,Bloodhound,Saluki,Yorkshire Terrier,Irish Wolfhound,Irish Wolfhound,Cocker Spaniel,Cocker Spaniel,Yorkshire Terrier,Shih Tzu,Golden retriever,A2BACJE00ZUDXS,821691601
10/28/2017 5:18,10/28/2017 5:31,IP Address,117.222.160.185,100,780,TRUE,10/28/2017 5:31,R_0D1Q5wFYpheUw2l,,,,,12.98330688,77.58331299,anonymous,EN,a lot less than half,3,2,1,4,No,31 - 40,Yes,15.815,669.678,671.894,54,Boston Bull,Shih Tzu,Yorkshire Terrier,Cocker Spaniel,Cocker Spaniel,Golden retriever,Golden retriever,Yorkshire Terrier,Saluki,Yorkshire Terrier,Yorkshire Terrier,Bloodhound,Yorkshire Terrier,Irish Wolfhound,Saluki,Yorkshire Terrier,Not A Dog,Shih Tzu,Saluki,Golden retriever,Irish Wolfhound,Yorkshire Terrier,Bloodhound,Saluki,Saluki,Boston Bull,Cocker Spaniel,Cocker Spaniel,Irish Wolfhound,Golden retriever,Yorkshire Terrier,Saluki,Cocker Spaniel,Boston Bull,Not A Dog,Yorkshire Terrier,Boston Bull,Golden retriever,Bloodhound,Cocker Spaniel,Cocker Spaniel,Saluki,Boston Bull,Yorkshire Terrier,Bloodhound,Boston Bull,Irish Wolfhound,Yorkshire Terrier,Irish Wolfhound,Bloodhound,A2XTDTDT3QSCB,532864587
10/28/2017 5:27,10/28/2017 5:31,IP Address,202.38.183.77,100,257,TRUE,10/28/2017 5:31,R_8icieL6vTyq0uC5,,,,,12.98330688,77.58331299,anonymous,EN,a lot less than half,2,1,4,3,No,41+,Yes,18.073,190.213,200.416,55,Bloodhound,Shih Tzu,Yorkshire Terrier,Saluki,Cocker Spaniel,Irish Wolfhound,Cocker Spaniel,Golden retriever,Yorkshire Terrier,Shih Tzu,Boston Bull,Irish Wolfhound,Shih Tzu,Saluki,Yorkshire Terrier,Shih Tzu,Not A Dog,Irish Wolfhound,Boston Bull,Golden retriever,Boston Bull,Cocker Spaniel,Yorkshire Terrier,Cocker Spaniel,Bloodhound,Saluki,Irish Wolfhound,Shih Tzu,Bloodhound,Yorkshire Terrier,Cocker Spaniel,Cocker Spaniel,Golden retriever,Boston Bull,Not A Dog,Shih Tzu,Golden retriever,Yorkshire Terrier,Yorkshire Terrier,Cocker Spaniel,Irish Wolfhound,Cocker Spaniel,Yorkshire Terrier,Shih Tzu,Yorkshire Terrier,Golden retriever,Irish Wolfhound,Shih Tzu,Saluki,Yorkshire Terrier,A1XWYM32PN3RTY,827352863
10/28/2017 5:23,10/28/2017 5:32,IP Address,103.66.79.82,100,535,TRUE,10/28/2017 5:32,R_2qsb6RNwNnX6bso,,,,,10.99249268,76.96139526,anonymous,EN,a lot less than half,1,2,3,4,Yes,20-Nov,Yes,12.833,502.144,502.551,55,Cocker Spaniel,Boston Bull,Boston Bull,Yorkshire Terrier,Boston Bull,Golden retriever,Golden retriever,Boston Bull,Irish Wolfhound,Cocker Spaniel,Boston Bull,Saluki,Yorkshire Terrier,Irish Wolfhound,Saluki,Yorkshire Terrier,Not A Dog,Shih Tzu,Golden retriever,Cocker Spaniel,Irish Wolfhound,Yorkshire Terrier,Bloodhound,Cocker Spaniel,Saluki,Boston Bull,Golden retriever,Cocker Spaniel,Irish Wolfhound,Golden retriever,Shih Tzu,Saluki,Cocker Spaniel,Boston Bull,Not A Dog,Shih Tzu,Boston Bull,Golden retriever,Bloodhound,Golden retriever,Golden retriever,Saluki,Boston Bull,Shih Tzu,Bloodhound,Boston Bull,Irish Wolfhound,Shih Tzu,Irish Wolfhound,Cocker Spaniel,A5DSYVNGYLCA5,750186438
10/28/2017 5:30,10/28/2017 5:33,IP Address,199.244.50.116,100,182,TRUE,10/28/2017 5:33,R_3qfLnKowNTMJxXT,,,,,40.71429443,-74.0059967,anonymous,EN,around half,2,1,3,4,Yes,41+,Yes,2.847,127.966,129.248,56,Cocker Spaniel,Cocker Spaniel,Cocker Spaniel,Not A Dog,Yorkshire Terrier,Cocker Spaniel,Cocker Spaniel,Cocker Spaniel,Boston Bull,Boston Bull,Irish Wolfhound,Golden retriever,Irish Wolfhound,Shih Tzu,Cocker Spaniel,Saluki,Golden retriever,Yorkshire Terrier,Boston Bull,Saluki,Golden retriever,Cocker Spaniel,Saluki,Not A Dog,Saluki,Golden retriever,Saluki,Cocker Spaniel,Golden retriever,Saluki,Golden retriever,Cocker Spaniel,Saluki,Yorkshire Terrier,Cocker Spaniel,Bloodhound,Boston Bull,Bloodhound,Not A Dog,Shih Tzu,Yorkshire Terrier,Boston Bull,Golden retriever,Cocker Spaniel,Golden retriever,Yorkshire Terrier,Bloodhound,Bloodhound,Saluki,Golden retriever,A305KD2HBUUCMQ,695354202
10/28/2017 5:20,10/28/2017 5:33,IP Address,5.170.99.249,100,791,TRUE,10/28/2017 5:33,R_2DTQ0TP1U8gFjaK,,,,,40.89920044,14.27659607,anonymous,EN,a lot less than half,3,1,2,4,Maybe,21 - 30,Yes,10.213,685.134,687.429,67,Boston Bull,Shih Tzu,Yorkshire Terrier,Cocker Spaniel,Irish Wolfhound,Bloodhound,Cocker Spaniel,Yorkshire Terrier,Saluki,Shih Tzu,Yorkshire Terrier,Bloodhound,Shih Tzu,Irish Wolfhound,Saluki,Yorkshire Terrier,Not A Dog,Cocker Spaniel,Golden retriever,Golden retriever,Irish Wolfhound,Yorkshire Terrier,Bloodhound,Cocker Spaniel,Saluki,Boston Bull,Saluki,Cocker Spaniel,Irish Wolfhound,Golden retriever,Yorkshire Terrier,Saluki,Cocker Spaniel,Boston Bull,Not A Dog,Yorkshire Terrier,Boston Bull,Golden retriever,Bloodhound,Golden retriever,Bloodhound,Saluki,Boston Bull,Shih Tzu,Bloodhound,Boston Bull,Irish Wolfhound,Shih Tzu,Irish Wolfhound,Bloodhound, A14IPCXU8FDVBR,754899325
10/28/2017 5:33,10/28/2017 5:40,IP Address,157.50.22.174,100,426,TRUE,10/28/2017 5:40,R_31tGbNSIBg8D4Wn,,,,,13.08329773,80.28329468,anonymous,EN,a lot less than half,2,3,1,4,Yes,41+,Yes,13.077,308.707,310.139,197,Saluki,Shih Tzu,Cocker Spaniel,Irish Wolfhound,Bloodhound,Yorkshire Terrier,Golden retriever,Cocker Spaniel,Golden retriever,Shih Tzu,Shih Tzu,Golden retriever,Irish Wolfhound,Saluki,Shih Tzu,Yorkshire Terrier,Not A Dog,Saluki,Bloodhound,Boston Bull,Cocker Spaniel,Cocker Spaniel,Yorkshire Terrier,Irish Wolfhound,Bloodhound,Boston Bull,Boston Bull,Shih Tzu,Cocker Spaniel,Yorkshire Terrier,Not A Dog,Yorkshire Terrier,Saluki,Boston Bull,Not A Dog,Shih Tzu,Boston Bull,Yorkshire Terrier,Bloodhound,Saluki,Boston Bull,Cocker Spaniel,Boston Bull,Shih Tzu,Bloodhound,Boston Bull,Bloodhound,Saluki,Cocker Spaniel,Bloodhound,A3HV5TBJ6RCFLH,369074941
10/28/2017 5:36,10/28/2017 5:40,IP Address,103.58.116.138,100,250,TRUE,10/28/2017 5:40,R_3oH2hYmBPA8rljH,,,,,11.23330688,78.16668701,anonymous,EN,a lot less than half,3,1,2,4,Yes,0 - 10,Yes,2.054,171.978,173.952,51,Cocker Spaniel,Bloodhound,Irish Wolfhound,Shih Tzu,Yorkshire Terrier,Saluki,Golden retriever,Boston Bull,Cocker Spaniel,Yorkshire Terrier,Yorkshire Terrier,Irish Wolfhound,Yorkshire Terrier,Cocker Spaniel,Cocker Spaniel,Yorkshire Terrier,Not A Dog,Golden retriever,Cocker Spaniel,Cocker Spaniel,Saluki,Yorkshire Terrier,Saluki,Saluki,Cocker Spaniel,Yorkshire Terrier,Yorkshire Terrier,Golden retriever,Yorkshire Terrier,Cocker Spaniel,Bloodhound,Cocker Spaniel,Cocker Spaniel,Irish Wolfhound,Not A Dog,Saluki,Yorkshire Terrier,Cocker Spaniel,Cocker Spaniel,Yorkshire Terrier,Cocker Spaniel,Cocker Spaniel,Golden retriever,Bloodhound,Saluki,Irish Wolfhound,Irish Wolfhound,Saluki,Saluki,Cocker Spaniel,A11X5M6KPGSTTC,798217791
10/28/2017 5:37,10/28/2017 5:44,IP Address,117.206.110.241,100,425,TRUE,10/28/2017 5:44,R_3st46XkbLmEiw6S,,,,,11.3500061,77.73330688,anonymous,EN,around half,3,4,2,1,Maybe,20-Nov,Yes,7.788,161.422,165.817,50,Not A Dog,Not A Dog,Boston Bull,Cocker Spaniel,Bloodhound,Golden retriever,Cocker Spaniel,Irish Wolfhound,Saluki,Cocker Spaniel,Boston Bull,Boston Bull,Golden retriever,Boston Bull,Boston Bull,Golden retriever,Bloodhound,Irish Wolfhound,Cocker Spaniel,Golden retriever,Bloodhound,Golden retriever,Not A Dog,Saluki,Cocker Spaniel,Golden retriever,Bloodhound,Shih Tzu,Shih Tzu,Bloodhound,Boston Bull,Boston Bull,Yorkshire Terrier,Golden retriever,Bloodhound,Golden retriever,Saluki,Irish Wolfhound,Bloodhound,Not A Dog,Golden retriever,Irish Wolfhound,Golden retriever,Cocker Spaniel,Saluki,Boston Bull,Cocker Spaniel,Cocker Spaniel,Boston Bull,Golden retriever,A6GS1C9J3ARSB,204842273
10/28/2017 5:46,10/28/2017 5:51,IP Address,122.164.216.190,100,300,TRUE,10/28/2017 5:51,R_2zuXCTYPj843jtO,,,,,13.08329773,80.28329468,anonymous,EN,around half,3,1,2,4,Yes,20-Nov,No,11.83,177.552,179.386,44,Yorkshire Terrier,Yorkshire Terrier,Boston Bull,Cocker Spaniel,Golden retriever,Irish Wolfhound,Saluki,Cocker Spaniel,Irish Wolfhound,Shih Tzu,Shih Tzu,Golden retriever,Yorkshire Terrier,Irish Wolfhound,Yorkshire Terrier,Shih Tzu,Not A Dog,Boston Bull,Golden retriever,Golden retriever,Yorkshire Terrier,Yorkshire Terrier,Saluki,Saluki,Golden retriever,Boston Bull,Boston Bull,Shih Tzu,Yorkshire Terrier,Yorkshire Terrier,Shih Tzu,Cocker Spaniel,Cocker Spaniel,Golden retriever,Not A Dog,Irish Wolfhound,Saluki,Boston Bull,Saluki,Saluki,Yorkshire Terrier,Cocker Spaniel,Shih Tzu,Shih Tzu,Boston Bull,Bloodhound,Saluki,Irish Wolfhound,Bloodhound,Bloodhound,AYR7LHHVFNL8D,607680290
10/28/2017 5:47,10/28/2017 5:52,IP Address,108.66.214.58,100,303,TRUE,10/28/2017 5:52,R_31hl2MXVmowGwaT,,,,,35.67610168,-78.81600189,anonymous,EN,a lot less than half,3,1,2,4,Yes,41+,Yes,12.563,233.484,234.958,50,Boston Bull,Shih Tzu,Shih Tzu,Cocker Spaniel,Irish Wolfhound,Golden retriever,Cocker Spaniel,Shih Tzu,Bloodhound,Yorkshire Terrier,Yorkshire Terrier,Bloodhound,Yorkshire Terrier,Irish Wolfhound,Shih Tzu,Yorkshire Terrier,Not A Dog,Cocker Spaniel,Golden retriever,Golden retriever,Irish Wolfhound,Yorkshire Terrier,Bloodhound,Golden retriever,Saluki,Boston Bull,Irish Wolfhound,Cocker Spaniel,Irish Wolfhound,Golden retriever,Yorkshire Terrier,Irish Wolfhound,Cocker Spaniel,Boston Bull,Not A Dog,Yorkshire Terrier,Boston Bull,Golden retriever,Bloodhound,Cocker Spaniel,Bloodhound,Irish Wolfhound,Boston Bull,Yorkshire Terrier,Bloodhound,Boston Bull,Irish Wolfhound,Yorkshire Terrier,Irish Wolfhound,Bloodhound,ADVCIFLB5A9B,533802835
10/28/2017 5:49,10/28/2017 5:54,IP Address,110.227.230.131,100,243,TRUE,10/28/2017 5:54,R_1dgzyFFTMP4fyVO,,,,,13.08329773,80.28329468,anonymous,EN,around half,1,3,2,4,Yes,20-Nov,Yes,1.489,188.312,190.102,55,Golden retriever,Yorkshire Terrier,Yorkshire Terrier,Yorkshire Terrier,Shih Tzu,Boston Bull,Yorkshire Terrier,Yorkshire Terrier,Cocker Spaniel,Yorkshire Terrier,Boston Bull,Boston Bull,Yorkshire Terrier,Boston Bull,Yorkshire Terrier,Irish Wolfhound,Boston Bull,Yorkshire Terrier,Yorkshire Terrier,Golden retriever,Irish Wolfhound,Irish Wolfhound,Irish Wolfhound,Cocker Spaniel,Boston Bull,Boston Bull,Boston Bull,Bloodhound,Cocker Spaniel,Golden retriever,Cocker Spaniel,Bloodhound,Shih Tzu,Shih Tzu,Shih Tzu,Yorkshire Terrier,Shih Tzu,Boston Bull,Shih Tzu,Bloodhound,Shih Tzu,Golden retriever,Yorkshire Terrier,Shih Tzu,Shih Tzu,Shih Tzu,Shih Tzu,Shih Tzu,Boston Bull,Cocker Spaniel,A2X3QCJK0H18T8,192308640
10/28/2017 5:52,10/28/2017 5:54,IP Address,137.97.14.150,100,130,TRUE,10/28/2017 5:54,R_12rGBzEhfHkHPUY,,,,,9.966705322,76.23330688,anonymous,EN,around half,3,2,1,4,Maybe,20-Nov,No,4.883,81.377,82.872,51,Boston Bull,Boston Bull,Golden retriever,Bloodhound,Golden retriever,Saluki,Golden retriever,Cocker Spaniel,Bloodhound,Cocker Spaniel,Yorkshire Terrier,Boston Bull,Shih Tzu,Bloodhound,Golden retriever,Bloodhound,Boston Bull,Boston Bull,Saluki,Golden retriever,Saluki,Saluki,Golden retriever,Boston Bull,Cocker Spaniel,Cocker Spaniel,Saluki,Cocker Spaniel,Cocker Spaniel,Yorkshire Terrier,Cocker Spaniel,Golden retriever,Irish Wolfhound,Bloodhound,Not A Dog,Cocker Spaniel,Cocker Spaniel,Boston Bull,Cocker Spaniel,Cocker Spaniel,Golden retriever,Boston Bull,Shih Tzu,Yorkshire Terrier,Cocker Spaniel,Cocker Spaniel,Cocker Spaniel,Boston Bull,Golden retriever,Bloodhound,A1IPW3ERKG1H5V,447309263
10/28/2017 5:49,10/28/2017 5:58,IP Address,24.59.91.113,100,538,TRUE,10/28/2017 5:58,R_1H5lKauP72nWF9n,,,,,43.07479858,-76.14530182,anonymous,EN,a lot less than half,3,1,2,4,No,0 - 10,No,13.119,474.271,475.725,54,Boston Bull,Shih Tzu,Shih Tzu,Yorkshire Terrier,Irish Wolfhound,Golden retriever,Cocker Spaniel,Yorkshire Terrier,Saluki,Yorkshire Terrier,Yorkshire Terrier,Bloodhound,Yorkshire Terrier,Irish Wolfhound,Saluki,Yorkshire Terrier,Not A Dog,Cocker Spaniel,Golden retriever,Golden retriever,Irish Wolfhound,Yorkshire Terrier,Bloodhound,Cocker Spaniel,Saluki,Boston Bull,Saluki,Cocker Spaniel,Irish Wolfhound,Golden retriever,Yorkshire Terrier,Saluki,Cocker Spaniel,Boston Bull,Not A Dog,Yorkshire Terrier,Boston Bull,Golden retriever,Saluki,Yorkshire Terrier,Bloodhound,Saluki,Boston Bull,Shih Tzu,Bloodhound,Boston Bull,Irish Wolfhound,Shih Tzu,Irish Wolfhound,Bloodhound,A2CI211U7YLBID,365693364
10/28/2017 5:56,10/28/2017 6:03,IP Address,86.178.230.71,100,426,TRUE,10/28/2017 6:03,R_2b2Z184ZbrwBD6R,,,,,53.96670532,-1.083297729,anonymous,EN,a lot more than half,3,1,2,4,Yes,20-Nov,No,11.941,347.814,348.886,166,Boston Bull,Shih Tzu,Shih Tzu,Cocker Spaniel,Irish Wolfhound,Golden retriever,Cocker Spaniel,Yorkshire Terrier,Saluki,Shih Tzu,Yorkshire Terrier,Bloodhound,Shih Tzu,Irish Wolfhound,Saluki,Yorkshire Terrier,Not A Dog,Cocker Spaniel,Golden retriever,Golden retriever,Irish Wolfhound,Yorkshire Terrier,Bloodhound,Cocker Spaniel,Saluki,Boston Bull,Saluki,Cocker Spaniel,Irish Wolfhound,Golden retriever,Yorkshire Terrier,Saluki,Cocker Spaniel,Boston Bull,Not A Dog,Yorkshire Terrier,Boston Bull,Golden retriever,Bloodhound,Golden retriever,Bloodhound,Saluki,Boston Bull,Shih Tzu,Bloodhound,Boston Bull,Irish Wolfhound,Shih Tzu,Irish Wolfhound,Bloodhound,A1VG8WTPJFZJAI,568072651
10/28/2017 5:57,10/28/2017 6:05,IP Address,103.25.44.2,100,463,TRUE,10/28/2017 6:05,R_ctZfDzROQlLAKXv,,,,,11.23330688,78.16668701,anonymous,EN,a lot more than half,3,1,2,4,Yes,0 - 10,Yes,21.771,394.427,396.004,63,Boston Bull,Shih Tzu,Yorkshire Terrier,Cocker Spaniel,Irish Wolfhound,Golden retriever,Cocker Spaniel,Saluki,Saluki,Boston Bull,Yorkshire Terrier,Shih Tzu,Yorkshire Terrier,Yorkshire Terrier,Saluki,Yorkshire Terrier,Not A Dog,Cocker Spaniel,Cocker Spaniel,Cocker Spaniel,Irish Wolfhound,Yorkshire Terrier,Shih Tzu,Yorkshire Terrier,Saluki,Boston Bull,Saluki,Yorkshire Terrier,Yorkshire Terrier,Golden retriever,Not A Dog,Saluki,Bloodhound,Bloodhound,Not A Dog,Yorkshire Terrier,Boston Bull,Golden retriever,Saluki,Bloodhound,Cocker Spaniel,Saluki,Saluki,Yorkshire Terrier,Cocker Spaniel,Yorkshire Terrier,Yorkshire Terrier,Shih Tzu,Irish Wolfhound,Bloodhound,A1GKUAKO01ONT7,508336720
10/28/2017 5:47,10/28/2017 6:06,IP Address,106.66.135.52,100,1120,TRUE,10/28/2017 6:06,R_2dumRK56gkGbw3Z,,,,,12.98330688,77.58331299,anonymous,EN,a lot less than half,3,1,2,4,Yes,21 - 30,Yes,12.566,489.399,490.774,120,Yorkshire Terrier,Saluki,Golden retriever,Shih Tzu,Saluki,Cocker Spaniel,Golden retriever,Golden retriever,Irish Wolfhound,Shih Tzu,Shih Tzu,Golden retriever,Boston Bull,Yorkshire Terrier,Cocker Spaniel,Saluki,Not A Dog,Shih Tzu,Golden retriever,Golden retriever,Yorkshire Terrier,Golden retriever,Golden retriever,Golden retriever,Cocker Spaniel,Shih Tzu,Yorkshire Terrier,Shih Tzu,Not A Dog,Golden retriever,Saluki,Cocker Spaniel,Yorkshire Terrier,Shih Tzu,Not A Dog,Golden retriever,Shih Tzu,Golden retriever,Cocker Spaniel,Golden retriever,Golden retriever,Cocker Spaniel,Shih Tzu,Golden retriever,Golden retriever,Shih Tzu,Yorkshire Terrier,Shih Tzu,Yorkshire Terrier,Golden retriever,A748ETX7W2MBZ,802046893
10/28/2017 6:07,10/28/2017 6:11,IP Address,103.25.44.2,100,210,TRUE,10/28/2017 6:11,R_2vkuKiAKQntc1bO,,,,,11.23330688,78.16668701,anonymous,EN,a lot more than half,3,1,2,4,Yes,0 - 10,Yes,2.657,183.203,184.768,64,Boston Bull,Shih Tzu,Yorkshire Terrier,Yorkshire Terrier,Irish Wolfhound,Yorkshire Terrier,Boston Bull,Irish Wolfhound,Shih Tzu,Cocker Spaniel,Golden retriever,Boston Bull,Irish Wolfhound,Not A Dog,Saluki,Boston Bull,Saluki,Golden retriever,Golden retriever,Irish Wolfhound,Irish Wolfhound,Boston Bull,Bloodhound,Cocker Spaniel,Irish Wolfhound,Yorkshire Terrier,Yorkshire Terrier,Boston Bull,Shih Tzu,Shih Tzu,Not A Dog,Bloodhound,Boston Bull,Boston Bull,Not A Dog,Golden retriever,Boston Bull,Yorkshire Terrier,Saluki,Boston Bull,Shih Tzu,Cocker Spaniel,Shih Tzu,Cocker Spaniel,Golden retriever,Saluki,Bloodhound,Yorkshire Terrier,Shih Tzu,Golden retriever,A2H9COVN7HMNLL,996019712
10/28/2017 6:01,10/28/2017 6:11,IP Address,223.237.56.254,100,611,TRUE,10/28/2017 6:11,R_REvMOr6DMlHTHEt,,,,,17.37530518,78.47439575,anonymous,EN,a lot less than half,3,1,2,4,Yes,41+,Yes,7.346,379.048,379.904,306,Boston Bull,Shih Tzu,Yorkshire Terrier,Shih Tzu,Cocker Spaniel,Golden retriever,Saluki,Shih Tzu,Irish Wolfhound,Shih Tzu,Shih Tzu,Bloodhound,Shih Tzu,Saluki,Saluki,Shih Tzu,Not A Dog,Shih Tzu,Golden retriever,Golden retriever,Saluki,Yorkshire Terrier,Bloodhound,Yorkshire Terrier,Irish Wolfhound,Boston Bull,Cocker Spaniel,Saluki,Saluki,Golden retriever,Yorkshire Terrier,Irish Wolfhound,Cocker Spaniel,Boston Bull,Not A Dog,Shih Tzu,Boston Bull,Golden retriever,Irish Wolfhound,Yorkshire Terrier,Golden retriever,Irish Wolfhound,Boston Bull,Yorkshire Terrier,Bloodhound,Boston Bull,Saluki,Yorkshire Terrier,Irish Wolfhound,Bloodhound,A1GRRCH4K8JYBO,259383722
10/28/2017 6:08,10/28/2017 6:14,IP Address,98.24.105.68,100,342,TRUE,10/28/2017 6:14,R_z0FlFJ0TXgLpQFH,,,,,35.22979736,-81.24279785,anonymous,EN,a lot more than half,2,1,3,4,Yes,41+,No,14.623,288.974,290.424,64,Boston Bull,Shih Tzu,Shih Tzu,Cocker Spaniel,Irish Wolfhound,Golden retriever,Golden retriever,Shih Tzu,Saluki,Yorkshire Terrier,Yorkshire Terrier,Bloodhound,Yorkshire Terrier,Irish Wolfhound,Saluki,Yorkshire Terrier,Not A Dog,Cocker Spaniel,Golden retriever,Golden retriever,Irish Wolfhound,Yorkshire Terrier,Bloodhound,Cocker Spaniel,Saluki,Boston Bull,Saluki,Cocker Spaniel,Irish Wolfhound,Golden retriever,Yorkshire Terrier,Cocker Spaniel,Cocker Spaniel,Boston Bull,Not A Dog,Yorkshire Terrier,Boston Bull,Golden retriever,Bloodhound,Golden retriever,Bloodhound,Cocker Spaniel,Boston Bull,Shih Tzu,Bloodhound,Boston Bull,Irish Wolfhound,Shih Tzu,Irish Wolfhound,Bloodhound,A34LRS5WXFCCIY,552381517
10/28/2017 6:10,10/28/2017 6:23,IP Address,67.197.152.187,100,756,TRUE,10/28/2017 6:23,R_AFmJzV6j5jNvbDX,,,,,35.01210022,-80.88210297,anonymous,EN,around half,3,1,2,4,Yes,20-Nov,Yes,7.725,635.109,635.502,792,Boston Bull,Shih Tzu,Yorkshire Terrier,Cocker Spaniel,Irish Wolfhound,Golden retriever,Golden retriever,Yorkshire Terrier,Saluki,Shih Tzu,Yorkshire Terrier,Bloodhound,Shih Tzu,Irish Wolfhound,Saluki,Yorkshire Terrier,Not A Dog,Cocker Spaniel,Golden retriever,Golden retriever,Irish Wolfhound,Yorkshire Terrier,Bloodhound,Cocker Spaniel,Saluki,Boston Bull,Cocker Spaniel,Cocker Spaniel,Irish Wolfhound,Golden retriever,Yorkshire Terrier,Golden retriever,Cocker Spaniel,Boston Bull,Not A Dog,Shih Tzu,Boston Bull,Golden retriever,Saluki,Shih Tzu,Bloodhound,Saluki,Boston Bull,Shih Tzu,Bloodhound,Boston Bull,Irish Wolfhound,Shih Tzu,Irish Wolfhound,Bloodhound,A161XKHTHC50S8,704061892
10/28/2017 6:19,10/28/2017 6:23,IP Address,103.61.113.250,100,230,TRUE,10/28/2017 6:23,R_2tA4Tofu2yc3bRQ,,,,,26.28669739,73.02999878,anonymous,EN,a lot more than half,2,1,3,4,Yes,21 - 30,Yes,0.887,183.972,185.069,66,Golden retriever,Saluki,Cocker Spaniel,Golden retriever,Saluki,Golden retriever,Boston Bull,Shih Tzu,Cocker Spaniel,Irish Wolfhound,Cocker Spaniel,Shih Tzu,Irish Wolfhound,Boston Bull,Bloodhound,Saluki,Bloodhound,Saluki,Cocker Spaniel,Shih Tzu,Yorkshire Terrier,Golden retriever,Irish Wolfhound,Boston Bull,Shih Tzu,Yorkshire Terrier,Boston Bull,Yorkshire Terrier,Bloodhound,Yorkshire Terrier,Cocker Spaniel,Irish Wolfhound,Yorkshire Terrier,Shih Tzu,Yorkshire Terrier,Golden retriever,Cocker Spaniel,Yorkshire Terrier,Shih Tzu,Golden retriever,Shih Tzu,Yorkshire Terrier,Boston Bull,Cocker Spaniel,Golden retriever,Irish Wolfhound,Boston Bull,Cocker Spaniel,Shih Tzu,Saluki,ARTLO1JR51DT,245777683
10/28/2017 6:21,10/28/2017 6:26,IP Address,173.49.130.6,100,294,TRUE,10/28/2017 6:26,R_33yb4PuBh7TRwzg,,,,,40.37210083,-75.29270172,anonymous,EN,a lot more than half,4,1,2,3,Yes,41+,No,7.956,257.74,260.458,53,Boston Bull,Shih Tzu,Shih Tzu,Cocker Spaniel,Irish Wolfhound,Golden retriever,Cocker Spaniel,Yorkshire Terrier,Irish Wolfhound,Shih Tzu,Yorkshire Terrier,Bloodhound,Shih Tzu,Saluki,Irish Wolfhound,Yorkshire Terrier,Not A Dog,Cocker Spaniel,Golden retriever,Golden retriever,Saluki,Yorkshire Terrier,Bloodhound,Cocker Spaniel,Irish Wolfhound,Boston Bull,Irish Wolfhound,Cocker Spaniel,Saluki,Golden retriever,Yorkshire Terrier,Irish Wolfhound,Cocker Spaniel,Boston Bull,Not A Dog,Saluki,Boston Bull,Golden retriever,Irish Wolfhound,Golden retriever,Bloodhound,Irish Wolfhound,Boston Bull,Shih Tzu,Bloodhound,Boston Bull,Saluki,Shih Tzu,Saluki,Bloodhound,A19BEDJTKWEDDM,208233622
10/28/2017 6:25,10/28/2017 6:30,IP Address,99.111.158.20,100,300,TRUE,10/28/2017 6:30,R_2AT3gP6Nh3mLpst,,,,,35.80589294,-78.79969788,anonymous,EN,a lot more than half,3,1,2,4,Yes,41+,No,1.365,195.645,197.089,210,Boston Bull,Shih Tzu,Shih Tzu,Cocker Spaniel,Irish Wolfhound,Golden retriever,Cocker Spaniel,Yorkshire Terrier,Saluki,Shih Tzu,Yorkshire Terrier,Bloodhound,Shih Tzu,Irish Wolfhound,Saluki,Yorkshire Terrier,Not A Dog,Cocker Spaniel,Golden retriever,Golden retriever,Irish Wolfhound,Yorkshire Terrier,Bloodhound,Cocker Spaniel,Saluki,Boston Bull,Saluki,Cocker Spaniel,Irish Wolfhound,Golden retriever,Yorkshire Terrier,Golden retriever,Cocker Spaniel,Boston Bull,Not A Dog,Saluki,Boston Bull,Golden retriever,Bloodhound,Saluki,Bloodhound,Saluki,Boston Bull,Shih Tzu,Bloodhound,Boston Bull,Irish Wolfhound,Shih Tzu,Irish Wolfhound,Bloodhound,A2KEGX3820EQZE,349736319
10/28/2017 6:31,10/28/2017 6:38,IP Address,72.82.240.47,100,389,TRUE,10/28/2017 6:38,R_RtBcttanrj2nUBP,,,,,40.02940369,-74.58740234,anonymous,EN,around half,1,3,2,4,Yes,41+,No,28.045,315.931,317.343,221,Boston Bull,Shih Tzu,Yorkshire Terrier,Cocker Spaniel,Irish Wolfhound,Golden retriever,Cocker Spaniel,Yorkshire Terrier,Saluki,Shih Tzu,Yorkshire Terrier,Bloodhound,Shih Tzu,Irish Wolfhound,Saluki,Yorkshire Terrier,Not A Dog,Cocker Spaniel,Golden retriever,Golden retriever,Irish Wolfhound,Shih Tzu,Bloodhound,Golden retriever,Saluki,Boston Bull,Saluki,Cocker Spaniel,Irish Wolfhound,Golden retriever,Yorkshire Terrier,Saluki,Cocker Spaniel,Boston Bull,Not A Dog,Shih Tzu,Cocker Spaniel,Golden retriever,Saluki,Cocker Spaniel,Bloodhound,Saluki,Boston Bull,Shih Tzu,Bloodhound,Boston Bull,Irish Wolfhound,Shih Tzu,Irish Wolfhound,Irish Wolfhound,A19V3A2N7GWL77,618595220
10/28/2017 6:35,10/28/2017 6:40,IP Address,196.146.13.73,100,298,TRUE,10/28/2017 6:40,R_UucmoIv0dG5k0Yp,,,,,30.0355072,31.2230072,anonymous,EN,a lot more than half,3,1,2,4,Yes,41+,No,17.417,242.796,244.557,52,Boston Bull,Shih Tzu,Yorkshire Terrier,Cocker Spaniel,Irish Wolfhound,Golden retriever,Golden retriever,Yorkshire Terrier,Saluki,Yorkshire Terrier,Yorkshire Terrier,Bloodhound,Yorkshire Terrier,Irish Wolfhound,Irish Wolfhound,Yorkshire Terrier,Not A Dog,Cocker Spaniel,Golden retriever,Golden retriever,Irish Wolfhound,Yorkshire Terrier,Bloodhound,Cocker Spaniel,Saluki,Boston Bull,Cocker Spaniel,Cocker Spaniel,Irish Wolfhound,Golden retriever,Shih Tzu,Golden retriever,Cocker Spaniel,Boston Bull,Not A Dog,Yorkshire Terrier,Boston Bull,Golden retriever,Saluki,Golden retriever,Golden retriever,Saluki,Boston Bull,Shih Tzu,Irish Wolfhound,Boston Bull,Irish Wolfhound,Yorkshire Terrier,Irish Wolfhound,Irish Wolfhound,A3LSXZR843QSGC,331752381
10/28/2017 6:39,10/28/2017 6:42,IP Address,99.194.122.68,100,213,TRUE,10/28/2017 6:42,R_1LcAgB0g0mMCLNW,,,,,31.854599,-81.27380371,anonymous,EN,a lot more than half,3,1,2,4,Yes,41+,No,9.474,170.175,170.951,289,Boston Bull,Yorkshire Terrier,Yorkshire Terrier,Cocker Spaniel,Yorkshire Terrier,Golden retriever,Golden retriever,Cocker Spaniel,Bloodhound,Yorkshire Terrier,Yorkshire Terrier,Bloodhound,Yorkshire Terrier,Irish Wolfhound,Bloodhound,Yorkshire Terrier,Not A Dog,Shih Tzu,Golden retriever,Golden retriever,Irish Wolfhound,Shih Tzu,Bloodhound,Golden retriever,Saluki,Boston Bull,Irish Wolfhound,Bloodhound,Irish Wolfhound,Golden retriever,Shih Tzu,Golden retriever,Cocker Spaniel,Boston Bull,Not A Dog,Shih Tzu,Boston Bull,Golden retriever,Bloodhound,Golden retriever,Bloodhound,Saluki,Boston Bull,Yorkshire Terrier,Bloodhound,Boston Bull,Bloodhound,Yorkshire Terrier,Cocker Spaniel,Bloodhound,A23QPHQND6CS8Y,277357922
10/28/2017 6:36,10/28/2017 6:43,IP Address,37.6.3.99,100,412,TRUE,10/28/2017 6:43,R_2wAbDs44EK8cLyF,,,,,37.98330688,23.73330688,anonymous,EN,a lot less than half,3,2,1,4,No,41+,Yes,39.931,286.107,288.281,70,Bloodhound,Yorkshire Terrier,Shih Tzu,Cocker Spaniel,Cocker Spaniel,Golden retriever,Irish Wolfhound,Yorkshire Terrier,Cocker Spaniel,Shih Tzu,Yorkshire Terrier,Golden retriever,Saluki,Bloodhound,Bloodhound,Yorkshire Terrier,Not A Dog,Saluki,Bloodhound,Cocker Spaniel,Boston Bull,Shih Tzu,Golden retriever,Cocker Spaniel,Bloodhound,Saluki,Cocker Spaniel,Irish Wolfhound,Irish Wolfhound,Golden retriever,Shih Tzu,Bloodhound,Boston Bull,Boston Bull,Not A Dog,Yorkshire Terrier,Boston Bull,Cocker Spaniel,Bloodhound,Cocker Spaniel,Golden retriever,Bloodhound,Shih Tzu,Shih Tzu,Yorkshire Terrier,Boston Bull,Irish Wolfhound,Shih Tzu,Irish Wolfhound,Yorkshire Terrier,ABVZFMC26LXO6,750451944
10/28/2017 6:36,10/28/2017 6:43,IP Address,74.71.235.171,100,413,TRUE,10/28/2017 6:43,R_3E9GRXtKXhzuKVr,,,,,40.80059814,-73.96530151,anonymous,EN,around half,3,1,2,4,Yes,21 - 30,No,10.151,363.864,366.428,54,Boston Bull,Yorkshire Terrier,Yorkshire Terrier,Cocker Spaniel,Irish Wolfhound,Golden retriever,Yorkshire Terrier,Saluki,Saluki,Shih Tzu,Yorkshire Terrier,Bloodhound,Shih Tzu,Irish Wolfhound,Saluki,Shih Tzu,Not A Dog,Yorkshire Terrier,Golden retriever,Golden retriever,Irish Wolfhound,Yorkshire Terrier,Bloodhound,Golden retriever,Saluki,Boston Bull,Cocker Spaniel,Cocker Spaniel,Irish Wolfhound,Golden retriever,Shih Tzu,Golden retriever,Cocker Spaniel,Boston Bull,Not A Dog,Yorkshire Terrier,Boston Bull,Golden retriever,Irish Wolfhound,Golden retriever,Bloodhound,Saluki,Boston Bull,Yorkshire Terrier,Cocker Spaniel,Boston Bull,Irish Wolfhound,Shih Tzu,Irish Wolfhound,Bloodhound,A3KUGXG2Y6X7BD,985466607
10/28/2017 6:34,10/28/2017 6:44,IP Address,122.174.172.95,100,579,TRUE,10/28/2017 6:44,R_3D0VOjO2FN9l7hT,,,,,13.08329773,80.28329468,anonymous,EN,a lot less than half,3,2,1,4,No,20-Nov,No,10.331,492.254,495.976,65,Boston Bull,Shih Tzu,Shih Tzu,Yorkshire Terrier,Saluki,Cocker Spaniel,Golden retriever,Yorkshire Terrier,Saluki,Shih Tzu,Yorkshire Terrier,Bloodhound,Shih Tzu,Irish Wolfhound,Saluki,Shih Tzu,Not A Dog,Yorkshire Terrier,Cocker Spaniel,Cocker Spaniel,Yorkshire Terrier,Shih Tzu,Bloodhound,Yorkshire Terrier,Saluki,Boston Bull,Saluki,Cocker Spaniel,Irish Wolfhound,Golden retriever,Shih Tzu,Golden retriever,Cocker Spaniel,Boston Bull,Not A Dog,Shih Tzu,Boston Bull,Cocker Spaniel,Bloodhound,Yorkshire Terrier,Bloodhound,Saluki,Boston Bull,Shih Tzu,Bloodhound,Boston Bull,Irish Wolfhound,Yorkshire Terrier,Irish Wolfhound,Bloodhound,A3R3JXBJVLMNIF,66832277
10/28/2017 6:47,10/28/2017 6:51,IP Address,70.126.230.252,100,194,TRUE,10/28/2017 6:51,R_w4ynqiUXGFumFj3,,,,,28.00869751,-82.74539948,anonymous,EN,around half,2,3,1,4,Yes,20-Nov,Yes,5.171,169.251,169.74,55,Boston Bull,Shih Tzu,Yorkshire Terrier,Shih Tzu,Cocker Spaniel,Golden retriever,Cocker Spaniel,Saluki,Bloodhound,Shih Tzu,Yorkshire Terrier,Bloodhound,Shih Tzu,Irish Wolfhound,Irish Wolfhound,Yorkshire Terrier,Not A Dog,Cocker Spaniel,Golden retriever,Golden retriever,Irish Wolfhound,Yorkshire Terrier,Bloodhound,Golden retriever,Irish Wolfhound,Boston Bull,Irish Wolfhound,Yorkshire Terrier,Irish Wolfhound,Golden retriever,Yorkshire Terrier,Irish Wolfhound,Cocker Spaniel,Boston Bull,Not A Dog,Yorkshire Terrier,Boston Bull,Golden retriever,Irish Wolfhound,Cocker Spaniel,Golden retriever,Irish Wolfhound,Boston Bull,Shih Tzu,Bloodhound,Boston Bull,Irish Wolfhound,Shih Tzu,Irish Wolfhound,Golden retriever,A27KF4TT4FWEHI,347109889
10/28/2017 6:48,10/28/2017 6:54,IP Address,76.188.59.169,100,368,TRUE,10/28/2017 6:54,R_2DRFFZE5ndV1UT6,,,,,41.85279846,-80.79049683,anonymous,EN,a lot more than half,3,1,2,4,Yes,41+,No,8.721,295.593,300.026,54,Boston Bull,Yorkshire Terrier,Yorkshire Terrier,Cocker Spaniel,Irish Wolfhound,Golden retriever,Golden retriever,Shih Tzu,Irish Wolfhound,Cocker Spaniel,Yorkshire Terrier,Irish Wolfhound,Saluki,Irish Wolfhound,Irish Wolfhound,Yorkshire Terrier,Not A Dog,Cocker Spaniel,Golden retriever,Golden retriever,Irish Wolfhound,Saluki,Bloodhound,Golden retriever,Irish Wolfhound,Boston Bull,Irish Wolfhound,Cocker Spaniel,Saluki,Golden retriever,Yorkshire Terrier,Irish Wolfhound,Cocker Spaniel,Boston Bull,Not A Dog,Saluki,Boston Bull,Golden retriever,Bloodhound,Golden retriever,Irish Wolfhound,Irish Wolfhound,Boston Bull,Saluki,Bloodhound,Boston Bull,Irish Wolfhound,Saluki,Irish Wolfhound,Bloodhound,A2OSXVGQUR6IL6,267855293
10/28/2017 6:50,10/28/2017 6:56,IP Address,96.37.9.198,100,351,TRUE,10/28/2017 6:56,R_2zMzyjbnbxcnG77,,,,,36.02000427,-75.66989899,anonymous,EN,a lot more than half,2,3,1,4,Yes,41+,Yes,0.388,288.054,291.562,79,Boston Bull,Shih Tzu,Yorkshire Terrier,Cocker Spaniel,Irish Wolfhound,Golden retriever,Cocker Spaniel,Yorkshire Terrier,Bloodhound,Shih Tzu,Yorkshire Terrier,Bloodhound,Shih Tzu,Irish Wolfhound,Saluki,Yorkshire Terrier,Not A Dog,Cocker Spaniel,Golden retriever,Golden retriever,Irish Wolfhound,Yorkshire Terrier,Bloodhound,Cocker Spaniel,Saluki,Boston Bull,Saluki,Cocker Spaniel,Irish Wolfhound,Golden retriever,Yorkshire Terrier,Saluki,Cocker Spaniel,Boston Bull,Not A Dog,Yorkshire Terrier,Boston Bull,Golden retriever,Bloodhound,Golden retriever,Bloodhound,Saluki,Boston Bull,Shih Tzu,Bloodhound,Boston Bull,Irish Wolfhound,Shih Tzu,Irish Wolfhound,Bloodhound,A2AO8E3DIJRP8E,316666865
10/28/2017 6:46,10/28/2017 6:56,IP Address,192.197.82.203,100,620,TRUE,10/28/2017 6:56,R_ZvK70XZXbpLCz3H,,,,,45.41670227,-75.69999695,anonymous,EN,around half,4,2,1,3,Yes,20-Nov,No,13.068,547.305,547.741,62,Boston Bull,Yorkshire Terrier,Shih Tzu,Cocker Spaniel,Saluki,Golden retriever,Cocker Spaniel,Yorkshire Terrier,Saluki,Yorkshire Terrier,Yorkshire Terrier,Bloodhound,Shih Tzu,Irish Wolfhound,Saluki,Yorkshire Terrier,Not A Dog,Cocker Spaniel,Golden retriever,Golden retriever,Irish Wolfhound,Yorkshire Terrier,Bloodhound,Golden retriever,Saluki,Boston Bull,Saluki,Cocker Spaniel,Irish Wolfhound,Golden retriever,Yorkshire Terrier,Saluki,Cocker Spaniel,Boston Bull,Not A Dog,Shih Tzu,Boston Bull,Golden retriever,Irish Wolfhound,Golden retriever,Bloodhound,Saluki,Boston Bull,Shih Tzu,Bloodhound,Boston Bull,Irish Wolfhound,Shih Tzu,Irish Wolfhound,Bloodhound,A2OW0GGDTHSVPC,358243096
10/28/2017 6:48,10/28/2017 6:58,IP Address,73.172.132.66,100,618,TRUE,10/28/2017 6:58,R_1doD1ANBdvfuBhF,,,,,39.45620728,-77.96389771,anonymous,EN,a lot more than half,2,3,1,4,Yes,31 - 40,No,9.901,514.908,520.761,52,Boston Bull,Shih Tzu,Yorkshire Terrier,Cocker Spaniel,Irish Wolfhound,Golden retriever,Golden retriever,Yorkshire Terrier,Saluki,Shih Tzu,Yorkshire Terrier,Bloodhound,Shih Tzu,Irish Wolfhound,Saluki,Yorkshire Terrier,Not A Dog,Cocker Spaniel,Golden retriever,Golden retriever,Irish Wolfhound,Yorkshire Terrier,Bloodhound,Golden retriever,Saluki,Boston Bull,Saluki,Cocker Spaniel,Irish Wolfhound,Golden retriever,Yorkshire Terrier,Golden retriever,Cocker Spaniel,Boston Bull,Not A Dog,Yorkshire Terrier,Boston Bull,Golden retriever,Bloodhound,Golden retriever,Bloodhound,Saluki,Boston Bull,Shih Tzu,Bloodhound,Boston Bull,Irish Wolfhound,Shih Tzu,Irish Wolfhound,Bloodhound,A1POSVC6FSYWLW,78643613
10/28/2017 6:52,10/28/2017 6:59,IP Address,174.59.9.102,100,408,TRUE,10/28/2017 6:59,R_2AXWJGpaIAcxRCf,,,,,40.5670929,-76.90429688,anonymous,EN,a lot more than half,3,1,2,4,Yes,41+,No,1.283,357.904,359.381,278,Boston Bull,Shih Tzu,Yorkshire Terrier,Cocker Spaniel,Shih Tzu,Golden retriever,Cocker Spaniel,Shih Tzu,Irish Wolfhound,Yorkshire Terrier,Yorkshire Terrier,Bloodhound,Yorkshire Terrier,Saluki,Saluki,Shih Tzu,Not A Dog,Cocker Spaniel,Golden retriever,Golden retriever,Saluki,Yorkshire Terrier,Bloodhound,Cocker Spaniel,Saluki,Boston Bull,Saluki,Cocker Spaniel,Yorkshire Terrier,Golden retriever,Shih Tzu,Irish Wolfhound,Cocker Spaniel,Boston Bull,Not A Dog,Yorkshire Terrier,Boston Bull,Golden retriever,Irish Wolfhound,Golden retriever,Bloodhound,Saluki,Boston Bull,Shih Tzu,Irish Wolfhound,Boston Bull,Saluki,Yorkshire Terrier,Saluki,Bloodhound,A3UN9YYKM944VX,79302337
10/28/2017 6:54,10/28/2017 6:59,IP Address,99.125.178.4,100,319,TRUE,10/28/2017 6:59,R_3080QwunjIjnAoP,,,,,25.52250671,-80.3852005,anonymous,EN,around half,2,1,4,3,Yes,41+,No,12.229,274.653,275.447,117,Boston Bull,Shih Tzu,Yorkshire Terrier,Yorkshire Terrier,Cocker Spaniel,Golden retriever,Cocker Spaniel,Yorkshire Terrier,Bloodhound,Shih Tzu,Yorkshire Terrier,Bloodhound,Shih Tzu,Saluki,Saluki,Yorkshire Terrier,Not A Dog,Cocker Spaniel,Golden retriever,Golden retriever,Saluki,Yorkshire Terrier,Bloodhound,Golden retriever,Irish Wolfhound,Boston Bull,Cocker Spaniel,Cocker Spaniel,Irish Wolfhound,Golden retriever,Yorkshire Terrier,Golden retriever,Cocker Spaniel,Boston Bull,Not A Dog,Yorkshire Terrier,Boston Bull,Golden retriever,Bloodhound,Golden retriever,Saluki,Saluki,Boston Bull,Shih Tzu,Bloodhound,Boston Bull,Cocker Spaniel,Shih Tzu,Saluki,Irish Wolfhound,A1ANSFI5L7SUUH,976627881
10/28/2017 6:55,10/28/2017 6:59,IP Address,83.76.176.146,100,250,TRUE,10/28/2017 6:59,R_2pQQ8g7eFgQl5tI,,,,,47.41889954,8.435302734,anonymous,EN,around half,2,3,1,4,Maybe,41+,No,0.838,134.389,135.653,45,Yorkshire Terrier,Cocker Spaniel,Yorkshire Terrier,Boston Bull,Saluki,Golden retriever,Golden retriever,Shih Tzu,Bloodhound,Yorkshire Terrier,Yorkshire Terrier,Bloodhound,Yorkshire Terrier,Saluki,Saluki,Shih Tzu,Not A Dog,Yorkshire Terrier,Saluki,Golden retriever,Bloodhound,Yorkshire Terrier,Bloodhound,Golden retriever,Saluki,Boston Bull,Saluki,Yorkshire Terrier,Bloodhound,Golden retriever,Cocker Spaniel,Saluki,Cocker Spaniel,Boston Bull,Not A Dog,Yorkshire Terrier,Boston Bull,Golden retriever,Saluki,Saluki,Bloodhound,Saluki,Boston Bull,Yorkshire Terrier,Bloodhound,Boston Bull,Saluki,Shih Tzu,Bloodhound,Bloodhound,A1U2DXPXFTDKPU,717232993
10/28/2017 6:55,10/28/2017 7:01,IP Address,186.24.1.242,100,347,TRUE,10/28/2017 7:01,R_2QmT1e32TukApj0,,,,,10.19999695,-64.69999695,anonymous,EN,around half,3,2,1,4,Yes,41+,Yes,16.832,233.34,235.866,51,Boston Bull,Shih Tzu,Yorkshire Terrier,Cocker Spaniel,Irish Wolfhound,Golden retriever,Boston Bull,Yorkshire Terrier,Saluki,Shih Tzu,Yorkshire Terrier,Bloodhound,Shih Tzu,Irish Wolfhound,Saluki,Yorkshire Terrier,Not A Dog,Cocker Spaniel,Golden retriever,Golden retriever,Irish Wolfhound,Bloodhound,Bloodhound,Cocker Spaniel,Saluki,Boston Bull,Saluki,Cocker Spaniel,Irish Wolfhound,Golden retriever,Yorkshire Terrier,Saluki,Cocker Spaniel,Boston Bull,Not A Dog,Cocker Spaniel,Boston Bull,Golden retriever,Saluki,Golden retriever,Bloodhound,Saluki,Boston Bull,Shih Tzu,Bloodhound,Boston Bull,Irish Wolfhound,Shih Tzu,Irish Wolfhound,Irish Wolfhound,A2MLNBQS8RZ8PG,717399172
10/28/2017 6:57,10/28/2017 7:05,IP Address,107.137.79.251,100,490,TRUE,10/28/2017 7:05,R_4MTTqv7SKDogEkV,,,,,39.78509521,-86.16649628,anonymous,EN,a lot more than half,2,1,3,4,Yes,41+,Yes,14.299,430.182,432.012,53,Boston Bull,Yorkshire Terrier,Yorkshire Terrier,Cocker Spaniel,Irish Wolfhound,Golden retriever,Cocker Spaniel,Shih Tzu,Saluki,Shih Tzu,Yorkshire Terrier,Bloodhound,Yorkshire Terrier,Irish Wolfhound,Saluki,Yorkshire Terrier,Not A Dog,Cocker Spaniel,Golden retriever,Golden retriever,Irish Wolfhound,Yorkshire Terrier,Bloodhound,Cocker Spaniel,Saluki,Boston Bull,Golden retriever,Cocker Spaniel,Irish Wolfhound,Golden retriever,Yorkshire Terrier,Saluki,Cocker Spaniel,Boston Bull,Not A Dog,Yorkshire Terrier,Boston Bull,Golden retriever,Bloodhound,Golden retriever,Bloodhound,Saluki,Boston Bull,Shih Tzu,Bloodhound,Boston Bull,Irish Wolfhound,Shih Tzu,Irish Wolfhound,Bloodhound,A15YR0KPRSH9T4,115171061
10/28/2017 6:53,10/28/2017 7:06,IP Address,73.224.180.186,100,743,TRUE,10/28/2017 7:06,R_1N2oEZ4QkSi9u3u,,,,,30.28779602,-81.42639923,anonymous,EN,a lot more than half,3,1,2,4,Yes,21 - 30,No,9.861,659.479,660.804,1538,Boston Bull,Shih Tzu,Shih Tzu,Cocker Spaniel,Irish Wolfhound,Golden retriever,Cocker Spaniel,Yorkshire Terrier,Irish Wolfhound,Shih Tzu,Yorkshire Terrier,Bloodhound,Shih Tzu,Irish Wolfhound,Irish Wolfhound,Yorkshire Terrier,Not A Dog,Cocker Spaniel,Golden retriever,Golden retriever,Irish Wolfhound,Yorkshire Terrier,Bloodhound,Golden retriever,Irish Wolfhound,Boston Bull,Cocker Spaniel,Cocker Spaniel,Irish Wolfhound,Golden retriever,Yorkshire Terrier,Golden retriever,Cocker Spaniel,Boston Bull,Not A Dog,Yorkshire Terrier,Boston Bull,Golden retriever,Irish Wolfhound,Golden retriever,Bloodhound,Irish Wolfhound,Boston Bull,Shih Tzu,Bloodhound,Boston Bull,Irish Wolfhound,Shih Tzu,Irish Wolfhound,Bloodhound,A36XTKYLP4IRDN,206076377
10/28/2017 7:09,10/28/2017 7:17,IP Address,198.22.162.104,100,470,TRUE,10/28/2017 7:17,R_p6J2m4p50CIHaRH,,,,,37.75100708,-97.8219986,anonymous,EN,around half,2,3,1,4,Yes,0 - 10,Yes,12.488,292.542,296.629,60,Golden retriever,Cocker Spaniel,Golden retriever,Saluki,Boston Bull,Yorkshire Terrier,Golden retriever,Boston Bull,Yorkshire Terrier,Yorkshire Terrier,Shih Tzu,Golden retriever,Cocker Spaniel,Shih Tzu,Shih Tzu,Yorkshire Terrier,Not A Dog,Yorkshire Terrier,Yorkshire Terrier,Bloodhound,Cocker Spaniel,Irish Wolfhound,Golden retriever,Irish Wolfhound,Yorkshire Terrier,Shih Tzu,Bloodhound,Golden retriever,Golden retriever,Golden retriever,Golden retriever,Cocker Spaniel,Cocker Spaniel,Cocker Spaniel,Not A Dog,Cocker Spaniel,Bloodhound,Boston Bull,Cocker Spaniel,Golden retriever,Boston Bull,Shih Tzu,Boston Bull,Golden retriever,Boston Bull,Cocker Spaniel,Yorkshire Terrier,Shih Tzu,Bloodhound,Irish Wolfhound,A3OCHRI3EXIVEG,476921271
10/28/2017 7:21,10/28/2017 7:29,IP Address,192.146.131.24,100,452,TRUE,10/28/2017 7:29,R_2AKixmE5X2mNE9B,,,,,26.27200317,-80.25800323,anonymous,EN,around half,3,1,2,4,Yes,41+,No,13.557,375.745,377.005,111,Boston Bull,Shih Tzu,Shih Tzu,Cocker Spaniel,Irish Wolfhound,Golden retriever,Cocker Spaniel,Yorkshire Terrier,Saluki,Shih Tzu,Yorkshire Terrier,Bloodhound,Shih Tzu,Irish Wolfhound,Saluki,Yorkshire Terrier,Not A Dog,Cocker Spaniel,Golden retriever,Golden retriever,Irish Wolfhound,Yorkshire Terrier,Bloodhound,Cocker Spaniel,Saluki,Boston Bull,Saluki,Cocker Spaniel,Irish Wolfhound,Golden retriever,Yorkshire Terrier,Saluki,Cocker Spaniel,Boston Bull,Not A Dog,Shih Tzu,Boston Bull,Golden retriever,Saluki,Golden retriever,Bloodhound,Cocker Spaniel,Boston Bull,Shih Tzu,Bloodhound,Boston Bull,Irish Wolfhound,Shih Tzu,Irish Wolfhound,Bloodhound,A252PMEYW7EUQC,624247069
10/28/2017 7:22,10/28/2017 7:29,IP Address,70.126.28.222,100,382,TRUE,10/28/2017 7:29,R_3QYiSANFxg13kLM,,,,,28.48370361,-82.54959869,anonymous,EN,a lot more than half,3,1,2,4,Yes,41+,Yes,7.006,323.872,328.745,54,Boston Bull,Shih Tzu,Yorkshire Terrier,Cocker Spaniel,Irish Wolfhound,Golden retriever,Cocker Spaniel,Yorkshire Terrier,Saluki,Shih Tzu,Yorkshire Terrier,Bloodhound,Shih Tzu,Irish Wolfhound,Saluki,Yorkshire Terrier,Not A Dog,Cocker Spaniel,Golden retriever,Golden retriever,Irish Wolfhound,Yorkshire Terrier,Bloodhound,Golden retriever,Saluki,Boston Bull,Saluki,Cocker Spaniel,Irish Wolfhound,Golden retriever,Yorkshire Terrier,Saluki,Cocker Spaniel,Boston Bull,Not A Dog,Shih Tzu,Boston Bull,Golden retriever,Bloodhound,Golden retriever,Golden retriever,Saluki,Boston Bull,Yorkshire Terrier,Bloodhound,Boston Bull,Irish Wolfhound,Shih Tzu,Irish Wolfhound,Bloodhound,A37VBAMFEQKJO4,551810064
10/28/2017 7:23,10/28/2017 7:35,IP Address,66.187.171.199,100,735,TRUE,10/28/2017 7:35,R_1oHJnDhC6sIFxm8,,,,,35.88259888,-80.896698,anonymous,EN,a lot more than half,3,1,2,4,Yes,41+,Yes,18.062,649.859,655.472,54,Boston Bull,Shih Tzu,Yorkshire Terrier,Saluki,Irish Wolfhound,Golden retriever,Cocker Spaniel,Shih Tzu,Saluki,Yorkshire Terrier,Yorkshire Terrier,Bloodhound,Shih Tzu,Irish Wolfhound,Saluki,Yorkshire Terrier,Not A Dog,Cocker Spaniel,Irish Wolfhound,Golden retriever,Irish Wolfhound,Yorkshire Terrier,Bloodhound,Cocker Spaniel,Saluki,Boston Bull,Saluki,Cocker Spaniel,Irish Wolfhound,Golden retriever,Yorkshire Terrier,Saluki,Cocker Spaniel,Boston Bull,Not A Dog,Yorkshire Terrier,Boston Bull,Golden retriever,Saluki,Golden retriever,Irish Wolfhound,Saluki,Boston Bull,Yorkshire Terrier,Irish Wolfhound,Boston Bull,Irish Wolfhound,Shih Tzu,Irish Wolfhound,Golden retriever,A1Q2LJQG0TWBWC,439838726
10/28/2017 7:36,10/28/2017 7:41,IP Address,184.157.218.152,100,338,TRUE,10/28/2017 7:41,R_3n6hZrnBmibfvdx,,,,,44.27609253,-90.79620361,anonymous,EN,a lot more than half,1,3,2,4,Yes,41+,No,9.984,282.159,285.518,51,Boston Bull,Shih Tzu,Shih Tzu,Cocker Spaniel,Irish Wolfhound,Golden retriever,Cocker Spaniel,Yorkshire Terrier,Saluki,Shih Tzu,Yorkshire Terrier,Bloodhound,Shih Tzu,Irish Wolfhound,Saluki,Yorkshire Terrier,Not A Dog,Cocker Spaniel,Golden retriever,Golden retriever,Irish Wolfhound,Yorkshire Terrier,Bloodhound,Cocker Spaniel,Saluki,Boston Bull,Saluki,Cocker Spaniel,Irish Wolfhound,Golden retriever,Yorkshire Terrier,Saluki,Cocker Spaniel,Boston Bull,Not A Dog,Shih Tzu,Boston Bull,Golden retriever,Bloodhound,Golden retriever,Bloodhound,Saluki,Boston Bull,Shih Tzu,Bloodhound,Boston Bull,Irish Wolfhound,Shih Tzu,Irish Wolfhound,Bloodhound,A23VM3SZWYATBO,911898430
