"","worker_id","accuracy","screener","complete_task","payment_accuracy_threshold","worker_id_found_on_MTurk","task_name","task_date","treatment_payrate","pay_or_not"
"1",NA,NA,NA,NA,NA,NA,NA,NA,NA,NA
"2","A3F0IB24N4G54T",0.1,0,1,0.25,1,"pilot","10/28/2017",0.1,0
"3","A18EWG6CNKAO2J",0.2,0,1,0.25,1,"pilot","10/28/2017",0.1,0
"4","AF2GUPXX9MYSS",0.4,1,1,0.25,1,"pilot","10/28/2017",0.1,1
"5","A1BANTV8HONS2C",0.18,1,1,0.25,1,"pilot","10/28/2017",0.1,0
"6","A31UVMRUFGGJ12",0.2,0,1,0.25,1,"pilot","10/28/2017",0.1,0
"7","A1VOFYYXKZWG7W",0.2,1,1,0.25,1,"pilot","10/28/2017",0.1,0
"8","A1ZTSCPETU3UJW",0.8,1,1,0.25,1,"pilot","10/28/2017",0.1,1
"9","A3N5TCHRPQF6P",0.1,0,1,0.25,1,"pilot","10/28/2017",0.1,0
"10","A2BACJE00ZUDXS",0.1,0,1,0.25,1,"pilot","10/28/2017",0.1,0
"11","A2XTDTDT3QSCB",0.64,1,1,0.25,1,"pilot","10/28/2017",0.1,1
"12","A1XWYM32PN3RTY",0.22,1,1,0.25,1,"pilot","10/28/2017",0.1,0
"13","A5DSYVNGYLCA5",0.52,1,1,0.25,1,"pilot","10/28/2017",0.1,1
"14","A305KD2HBUUCMQ",0.1,0,1,0.25,1,"pilot","10/28/2017",0.1,0
"15","A14IPCXU8FDVBR",0.84,1,1,0.25,1,"pilot","10/28/2017",0.1,1
"16","A3HV5TBJ6RCFLH",0.28,1,1,0.25,1,"pilot","10/28/2017",0.1,1
"17","A11X5M6KPGSTTC",0.12,1,1,0.25,1,"pilot","10/28/2017",0.1,0
"18","A6GS1C9J3ARSB",0.14,0,1,0.25,1,"pilot","10/28/2017",0.1,0
"19","AYR7LHHVFNL8D",0.22,1,1,0.25,1,"pilot","10/28/2017",0.1,0
"20","ADVCIFLB5A9B",0.64,1,1,0.25,1,"pilot","10/28/2017",0.1,1
"21","A2X3QCJK0H18T8",0.16,0,1,0.25,1,"pilot","10/28/2017",0.1,0
"22","A1IPW3ERKG1H5V",0.16,0,1,0.25,1,"pilot","10/28/2017",0.1,0
"23","A2CI211U7YLBID",0.78,1,1,0.25,1,"pilot","10/28/2017",0.1,1
"24","A1VG8WTPJFZJAI",0.88,1,1,0.25,1,"pilot","10/28/2017",0.1,1
"25","A1GKUAKO01ONT7",0.48,1,1,0.25,1,"pilot","10/28/2017",0.1,1
"26","A748ETX7W2MBZ",0.18,1,1,0.25,1,"pilot","10/28/2017",0.1,0
"27","A2H9COVN7HMNLL",0.18,0,1,0.25,1,"pilot","10/28/2017",0.1,0
"28","A1GRRCH4K8JYBO",0.48,1,1,0.25,1,"pilot","10/28/2017",0.1,1
"29","A34LRS5WXFCCIY",0.76,1,1,0.25,1,"pilot","10/28/2017",0.1,1
"30","A161XKHTHC50S8",0.74,1,1,0.25,0,"pilot","10/28/2017",0.1,0
"31","ARTLO1JR51DT",0.06,0,1,0.25,1,"pilot","10/28/2017",0.1,0
"32","A19BEDJTKWEDDM",0.72,1,1,0.25,1,"pilot","10/28/2017",0.1,1
"33","A2KEGX3820EQZE",0.82,1,1,0.25,0,"pilot","10/28/2017",0.1,0
"34","A19V3A2N7GWL77",0.72,1,1,0.25,1,"pilot","10/28/2017",0.1,1
"35","A3LSXZR843QSGC",0.62,1,1,0.25,1,"pilot","10/28/2017",0.1,1
"36","A23QPHQND6CS8Y",0.52,1,1,0.25,1,"pilot","10/28/2017",0.1,1
"37","ABVZFMC26LXO6",0.36,1,1,0.25,1,"pilot","10/28/2017",0.1,1
"38","A3KUGXG2Y6X7BD",0.62,1,1,0.25,1,"pilot","10/28/2017",0.1,1
"39","A3R3JXBJVLMNIF",0.58,1,1,0.25,1,"pilot","10/28/2017",0.1,1
"40","A27KF4TT4FWEHI",0.58,1,1,0.25,0,"pilot","10/28/2017",0.1,0
"41","A2OSXVGQUR6IL6",0.5,1,1,0.25,1,"pilot","10/28/2017",0.1,1
"42","A2AO8E3DIJRP8E",0.84,1,1,0.25,1,"pilot","10/28/2017",0.1,1
"43","A2OW0GGDTHSVPC",0.78,1,1,0.25,1,"pilot","10/28/2017",0.1,1
"44","A1POSVC6FSYWLW",0.8,1,1,0.25,0,"pilot","10/28/2017",0.1,0
"45","A3UN9YYKM944VX",0.66,1,1,0.25,1,"pilot","10/28/2017",0.1,1
"46","A1ANSFI5L7SUUH",0.7,1,1,0.25,1,"pilot","10/28/2017",0.1,1
"47","A1U2DXPXFTDKPU",0.52,1,1,0.25,1,"pilot","10/28/2017",0.1,1
"48","A2MLNBQS8RZ8PG",0.76,1,1,0.25,1,"pilot","10/28/2017",0.1,1
"49","A15YR0KPRSH9T4",0.78,1,1,0.25,1,"pilot","10/28/2017",0.1,1
"50","A36XTKYLP4IRDN",0.72,1,1,0.25,0,"pilot","10/28/2017",0.1,0
"51","A3OCHRI3EXIVEG",0.16,1,1,0.25,1,"pilot","10/28/2017",0.1,0
"52","A252PMEYW7EUQC",0.82,1,1,0.25,1,"pilot","10/28/2017",0.1,1
"53","A37VBAMFEQKJO4",0.78,1,1,0.25,1,"pilot","10/28/2017",0.1,1
"54","A1Q2LJQG0TWBWC",0.68,1,1,0.25,1,"pilot","10/28/2017",0.1,1
"55","A23VM3SZWYATBO",0.86,1,1,0.25,1,"pilot","10/28/2017",0.1,1
"56","A243X2Y9HP7630",0.22,1,1,0.25,1,"pilot","10/29/2017",0.25,0
"57","A25T92H4YKP4RN",0.74,1,1,0.25,1,"pilot","10/29/2017",0.25,1
"58","A1PAMVTKGCXSWQ",0.54,1,1,0.25,1,"pilot","10/29/2017",0.25,1
"59","A1THDEF2SOOYC1",0.54,1,1,0.25,1,"pilot","10/29/2017",0.25,1
"60","A3UVW94KB9UBAJ",0.3,0,1,0.25,1,"pilot","10/29/2017",0.25,0
"61","A3CBOZUTFR0NR7",0.2,0,1,0.25,1,"pilot","10/29/2017",0.25,0
"62","A247PDSKLZU86P",0.22,0,1,0.25,1,"pilot","10/29/2017",0.25,0
"63","AV15YFBYL71S6",0.72,1,1,0.25,1,"pilot","10/29/2017",0.25,1
"64","ARIIUMV385A2T",0.76,1,1,0.25,1,"pilot","10/29/2017",0.25,1
"65","A9J48W1C9IZAI",0.78,1,1,0.25,1,"pilot","10/29/2017",0.25,1
"66","A2KDAMD5LF5QIB",0.8,1,1,0.25,1,"pilot","10/29/2017",0.25,1
"67","AUBB8KU9XV2R8",0.2,1,1,0.25,1,"pilot","10/29/2017",0.25,0
"68","A15QGLWS8CNJFU",0.06,0,1,0.25,1,"pilot","10/29/2017",0.25,0
"69","A2COCSUGZV28X",0.18,0,1,0.25,1,"pilot","10/29/2017",0.25,0
"70","AZHAEAUN4XD7J",0.64,1,1,0.25,1,"pilot","10/29/2017",0.25,1
"71","A73YPB27KPQO6",0.82,1,1,0.25,1,"pilot","10/29/2017",0.25,1
"72","A35RZ2HKE9VWJ5",0.64,1,1,0.25,1,"pilot","10/29/2017",0.25,1
"73","APWBUB0PDRLS5",0.36,1,1,0.25,1,"pilot","10/29/2017",0.25,1
"74","A356EVHB3TU90R",0.42,1,1,0.25,1,"pilot","10/29/2017",0.25,1
"75","A36JTIZPOO2HO5",0.56,1,1,0.25,1,"pilot","10/29/2017",0.25,1
"76","A1QYRXQWOPKHKS",0.8,1,1,0.25,1,"pilot","10/29/2017",0.25,1
"77","A24Q1UMV25TBV2",0.82,1,1,0.25,1,"pilot","10/29/2017",0.25,1
"78","A18LFH7XW61JO9",0.56,1,1,0.25,1,"pilot","10/29/2017",0.25,1
"79","AKZUP3VY594E8",0.76,1,1,0.25,1,"pilot","10/29/2017",0.25,1
"80","AKHO08K69B4Y4",0.74,1,1,0.25,1,"pilot","10/29/2017",0.25,1
"81","AW06DHUMM00YZ",0.72,1,1,0.25,1,"pilot","10/29/2017",0.25,1
"82","AY0758IITCGOZ",0.62,1,1,0.25,1,"pilot","10/29/2017",0.25,1
"83","A2122A7BZNUWXO",0.1,0,1,0.25,1,"pilot","10/29/2017",0.25,0
"84","A18E19QXO73YM4",0.64,1,1,0.25,1,"pilot","10/29/2017",0.25,1
"85","A7AC4LOPB67ZQ",0.74,1,1,0.25,1,"pilot","10/29/2017",0.25,1
"86","A15F2JTVAJXITI",0.74,1,1,0.25,1,"pilot","10/29/2017",0.25,1
"87","A340UGIDGIF4W6",0.8,1,1,0.25,1,"pilot","10/29/2017",0.25,1
"88","A2CI2ZTPP3XYK0",0.32,1,1,0.25,0,"pilot","10/29/2017",0.25,0
"89","A1IZH46P2BIQCI",0.36,0,1,0.25,0,"pilot","10/29/2017",0.25,0
"90","A3LR025532MVYE",0.7,1,1,0.25,0,"pilot","10/29/2017",0.25,0
"91","A2I9PUZT19ZBO8",0.44,1,1,0.25,1,"pilot","10/29/2017",0.25,1
"92","A2EOCXRCAYGUK5",0.7,1,1,0.25,1,"pilot","10/29/2017",0.25,1
"93","A3F9XJD1D8QHPA",0.52,1,1,0.25,1,"pilot","10/29/2017",0.25,1
"94","A2OY9A85LR5AAQ",0.66,1,1,0.25,1,"pilot","10/29/2017",0.25,1
"95","A27CB6JIC5MZFR",0.7,1,1,0.25,1,"pilot","10/29/2017",0.25,1
"96","A3F9IQB0297J9D",0.52,1,1,0.25,1,"pilot","10/29/2017",0.25,1
"97","A3KHOW5FW32RUL",0.56,1,1,0.25,1,"pilot","10/29/2017",0.25,1
"98","A2L73JKDFWI0KJ",0.84,1,1,0.25,1,"pilot","10/29/2017",0.25,1
"99","ACI1OFQTEMUV0",0.5,1,1,0.25,1,"pilot","10/29/2017",0.25,1
"100","A2AUMGW4F3G1OF",0.72,1,1,0.25,0,"pilot","10/29/2017",0.25,0
"101","A1QYORNO0GY308",0.6,1,1,0.25,1,"pilot","10/29/2017",0.25,1
"102","A88D0XRD2AUB8",0.62,1,1,0.25,1,"pilot","10/29/2017",0.25,1
"103","AZIAQJWXTSFUX",0.7,1,1,0.25,1,"pilot","10/29/2017",0.25,1
"104","AMQ6U0KTUPZGG",0.76,1,1,0.25,1,"pilot","10/29/2017",0.25,1
"105","A151IWEMV5XRTA",0.7,1,1,0.25,1,"pilot","10/29/2017",0.25,1
"106","A3AS4FEB057TRG",0.78,1,1,0.25,1,"pilot","10/29/2017",0.25,1
"107","A12723JDRPT207",0.74,1,1,0.25,1,"pilot","10/29/2017",0.25,1
"108","A1SM0IKQ4OTSCI",0.74,1,1,0.25,1,"pilot","10/29/2017",0.25,1
"109","A20WI3VW3CBOWN",0.72,1,1,0.25,1,"pilot","10/29/2017",0.25,1
"110","A1F8ZAE0P2RA8O",0.06,0,1,0.25,1,"order1","11/11/2017",0.1,0
"111","A3H4BXI9FLYL7T",0.1,1,1,0.25,1,"order1","11/11/2017",0.1,0
"112","A3QX9ABC1DVMQG",0.2,0,1,0.25,1,"order1","11/11/2017",0.1,0
"113","ASKV5KO5CV616",0.16,0,1,0.25,1,"order1","11/11/2017",0.1,0
"114","AHRUMV5C1O0TD",0.1,0,1,0.25,1,"order1","11/11/2017",0.1,0
"115","A2IYMT4S5WT96I",0.22,0,1,0.25,1,"order1","11/11/2017",0.1,0
"116","A2OD4LJKPZDL2J",0.18,0,1,0.25,1,"order1","11/11/2017",0.1,0
"117","A3HT6A9N2R5540",0.2,1,1,0.25,1,"order1","11/11/2017",0.1,0
"118","A2UVS1PDM9QM4Z",0.06,0,1,0.25,1,"order1","11/11/2017",0.1,0
"119","A2HNND8B9GMR3J",0.22,1,1,0.25,1,"order1","11/11/2017",0.1,0
"120","A19BNROHVICIT3",0.12,0,1,0.25,0,"order1","11/11/2017",0.1,0
"121","A3FOSM7GD8KNE7",0.12,1,1,0.25,1,"order1","11/11/2017",0.1,0
"122","link:	https://berkeley.qualtrics.com/jfe/form/SV_0c74D4KW5HOi4W9",0.18,1,1,0.25,0,"order1","11/11/2017",0.1,0
"123","A2V8LLZRTOP79S",0.16,0,1,0.25,1,"order1","11/11/2017",0.1,0
"124","A8H704SBGR2EM",0.12,0,1,0.25,1,"order1","11/11/2017",0.1,0
"125","A1IM8G6UNAGQ7S",0.1,0,1,0.25,1,"order1","11/11/2017",0.1,0
"126","A3PT15XRN1X8VE",0.1,0,1,0.25,1,"order1","11/11/2017",0.1,0
"127","A1IPRH4LUEY12N",0.08,0,1,0.25,1,"order1","11/11/2017",0.1,0
"128","A2GTY8GLAYN9BU",0.24,1,1,0.25,1,"order1","11/11/2017",0.1,0
"129","A2FAKTUX48XA8L",0.18,1,1,0.25,1,"order1","11/11/2017",0.1,0
"130","A26TV9G5913CEI",0.96,1,1,0.25,1,"order1","11/11/2017",0.1,1
"131","A21LQSF1TA83QU",0.12,1,1,0.25,1,"order1","11/11/2017",0.1,0
"132","AGTKQI9PCODC5",0.94,1,1,0.25,1,"order1","11/11/2017",0.1,1
"133","A8HADRH59XIB4",0.08,1,1,0.25,1,"order1","11/11/2017",0.1,0
"134","A2YBW31YWAJAOK",0.08,1,1,0.25,1,"order1","11/11/2017",0.1,0
"135","A3pqugiqqbpr98",0.2,1,1,0.25,0,"order1","11/11/2017",0.1,0
"136","A31AB2277ZZP38",0.18,0,1,0.25,1,"order1","11/11/2017",0.1,0
"137","A20SMUCY0FQA7Z",0.08,0,1,0.25,1,"order1","11/11/2017",0.1,0
"138","A1TQ7UQSSQP7BD",0.18,0,1,0.25,1,"order1","11/11/2017",0.1,0
"139","A6NN7XDLH3RON",0.12,0,1,0.25,1,"order1","11/11/2017",0.1,0
"140","A264EBGUV70XK9",0.14,0,1,0.25,1,"order1","11/11/2017",0.1,0
"141","A32Y9JC775LYLV",0.12,0,1,0.25,1,"order1","11/11/2017",0.1,0
"142","A3O8NBM8GZ0QHW",0.06,0,1,0.25,1,"order1","11/11/2017",0.1,0
"143","A2M5YIOR0MJUSA",0.14,0,1,0.25,1,"order1","11/11/2017",0.1,0
"144","A3HKZTDORNEZ",0.1,0,1,0.25,0,"order1","11/11/2017",0.1,0
"145","A2ZB24AEN6N7Y3",0.2,1,1,0.25,1,"order1","11/11/2017",0.1,0
"146","A17Y9UW18EFVTU",0.08,1,1,0.25,1,"order1","11/11/2017",0.1,0
"147","A153IWW5M88F18",0.06,1,1,0.25,1,"order1","11/11/2017",0.1,0
"148","A1XE81PDQ4YPE",0.18,1,1,0.25,1,"order1","11/11/2017",0.1,0
"149","AYLAJHJXMPIBM",0.14,0,1,0.25,1,"order1","11/11/2017",0.1,0
"150","A3N0PDSJKA189T",0.18,1,1,0.25,1,"order1","11/11/2017",0.1,0
"151","A2L7S6RZOZ6NM9",0.16,0,1,0.25,1,"order1","11/11/2017",0.1,0
"152","APJJ1HHD2GGFS",0.2,1,1,0.25,1,"order1","11/11/2017",0.1,0
"153","AUBC0HIVKBOTF",0.06,1,1,0.25,1,"order1","11/11/2017",0.1,0
"154","A3VOMP0WOJTB4I",0.1,0,1,0.25,1,"order1","11/11/2017",0.1,0
"155","AQ4PB1PVI9U7V",0.08,0,1,0.25,1,"order1","11/11/2017",0.1,0
"156","A19HCBT1EH8484",0.08,0,1,0.25,1,"order1","11/11/2017",0.1,0
"157","A2CP6716BCS8UI",0.18,1,1,0.25,1,"order1","11/11/2017",0.1,0
"158","A4KSSWL5Z1V2L",0.1,1,1,0.25,1,"order1","11/11/2017",0.1,0
"159","A457TMXH02V1O",0.1,1,1,0.25,1,"order1","11/11/2017",0.1,0
"160","A3B203SOMXJ20F",0.14,1,1,0.25,0,"order1","11/11/2017",0.1,0
"161","A2S70B3BPRGCU0",0.2,1,1,0.25,1,"order1","11/11/2017",0.1,0
"162","AD368A1RHHRC3",0.66,1,1,0.25,1,"order1","11/11/2017",0.1,1
"163","A30V1UH00MWJU5",0.08,1,1,0.25,1,"order1","11/11/2017",0.1,0
"164","A35P8YSNTQ7OTP",0.72,1,1,0.25,1,"order1","11/11/2017",0.1,1
"165","A2SPFKH9FQ589W",0.08,1,1,0.25,1,"order1","11/11/2017",0.1,0
"166","A3HBWCNYRAL8DZ",0.08,1,1,0.25,1,"order1","11/11/2017",0.1,0
"167","A2XUGLS5WG70B6",0.18,1,1,0.25,0,"order1","11/11/2017",0.1,0
"168","A19PN52BDA462L",0.14,0,1,0.25,1,"order1","11/11/2017",0.1,0
"169","A2GXKPQB64DZC1",0.06,0,1,0.25,1,"order1","11/11/2017",0.1,0
"170","A39KVTVXJ5FU61",0.2,0,1,0.25,1,"order1","11/11/2017",0.1,0
"171","AMC42JMQA8A5U",0.1,1,1,0.25,1,"order1","11/11/2017",0.1,0
"172","A34IWSTZZZ4O1F",0.74,1,1,0.25,1,"order1","11/11/2017",0.1,1
"173","A1Y2N49VMVJ7C6",0.14,0,1,0.25,1,"order1","11/11/2017",0.1,0
"174","A8TSAF0F6JCI9",0.18,1,1,0.25,1,"order1","11/11/2017",0.1,0
"175","A2Q4ILF5IEPAE3",0.2,0,1,0.25,1,"order1","11/11/2017",0.1,0
"176","A34I1GV81BC9HE",0.08,1,1,0.25,1,"order1","11/11/2017",0.1,0
"177","A366MTQY0JG0EM",0.08,1,1,0.25,1,"order1","11/11/2017",0.1,0
"178","A3I2YX844MIRHH",0.08,1,1,0.25,1,"order1","11/11/2017",0.1,0
"179","A3F2L0C3JD7HVJ",0.1,0,1,0.25,1,"order1","11/11/2017",0.1,0
"180","A24CZN2VAI0US0",0.28,1,1,0.25,1,"order1","11/11/2017",0.1,1
"181","A1H5NN7PBN3979",0.08,1,1,0.25,1,"order1","11/11/2017",0.1,0
"182","A2E746SZEOVYXS",0.86,1,1,0.25,1,"order1","11/11/2017",0.1,1
"183","A1I6HDYRYDLWHA",0.2,1,1,0.25,1,"order1","11/11/2017",0.1,0
"184","A2482SLAY120J2",0.68,1,1,0.25,1,"order1","11/11/2017",0.1,1
"185","A3CLD4WJ1KWRPI",0.84,1,1,0.25,1,"order1","11/11/2017",0.1,1
"186","A2STXZFG083AAB",0.96,1,1,0.25,1,"order1","11/11/2017",0.1,1
"187","A3SUJYKV0JT0HA",0.94,1,1,0.25,1,"order1","11/11/2017",0.1,1
"188","A1PTC5FHUYMWYL",0.18,1,1,0.25,1,"order1","11/11/2017",0.1,0
"189","A31AGR8JS1MZI5",0.76,1,1,0.25,1,"order1","11/11/2017",0.1,1
"190","A23A1WMFNPETYQ",0.96,1,1,0.25,1,"order1","11/11/2017",0.1,1
"191","A33QI63NVR8CUO",0.68,1,1,0.25,1,"order1","11/11/2017",0.1,1
"192","A3SG675I9KG2Q0",0.5,1,1,0.25,1,"order1","11/11/2017",0.1,1
"193","A311VRCICCHRAG",0.58,1,1,0.25,1,"order1","11/11/2017",0.1,1
"194","A18V9R4S66TXC4",0.86,1,1,0.25,1,"order1","11/11/2017",0.1,1
"195","ATCB59EEU90H9",0.92,1,1,0.25,1,"order1","11/11/2017",0.1,1
"196","A37Q3659BNZQNZ",0.96,1,1,0.25,1,"order1","11/11/2017",0.1,1
"197","AZ0KS5UTO3EJ2",0.14,0,1,0.25,1,"order1","11/11/2017",0.1,0
"198","A3MAX9VZ9377NI",0.94,1,1,0.25,1,"order1","11/11/2017",0.1,1
"199","A1O9W0DBOAX4DD",0.84,1,1,0.25,1,"order1","11/11/2017",0.1,1
"200","A9HMOLVCWOYR5",0.36,1,1,0.25,1,"order1","11/11/2017",0.1,1
"201","A2YW35WSBU88O0",0.9,1,1,0.25,1,"order1","11/11/2017",0.1,1
"202","A1B14CS9DW7008",0.9,1,1,0.25,1,"order1","11/11/2017",0.1,1
"203","A12NO2MNOIREXA",0.88,1,1,0.25,1,"order1","11/11/2017",0.1,1
"204","A2B153AHPWHLH1",0.72,1,1,0.25,1,"order1","11/11/2017",0.1,1
"205","A2Z3UJQPANB6NF",0.92,1,1,0.25,1,"order1","11/11/2017",0.1,1
"206","A34KOI4FSDOTDT",0.94,1,1,0.25,1,"order1","11/11/2017",0.1,1
"207","A12DOOZ9TBSEZX",0.68,1,1,0.25,1,"order1","11/11/2017",0.1,1
"208","A1HANCHKYZKOL9",0.56,1,1,0.25,0,"order1","11/11/2017",0.1,0
"209","AT94Y12KGEKNO",0.92,1,1,0.25,0,"order1","11/11/2017",0.1,0
"210","A2CDT2Q9AIGV3C",0.78,1,1,0.25,1,"order1","11/11/2017",0.1,1
"211","A1VJ9BKTHSTC9A",0.9,1,1,0.25,1,"order1","11/11/2017",0.1,1
"212","A2NT5QJKPUBAKO",NA,NA,0,0.25,0,"order1","11/11/2017",0.1,0
"213","A3VOMP0WOJTB4I",NA,NA,0,0.25,1,"order1","11/11/2017",0.1,0
"214","A3VOMP0WOJTB4I",NA,NA,0,0.25,1,"order1","11/11/2017",0.1,0
"215","AQ4PB1PVI9U7V",NA,NA,0,0.25,1,"order1","11/11/2017",0.1,0
"216","AQ4PB1PVI9U7V",NA,NA,0,0.25,1,"order1","11/11/2017",0.1,0
"217","A1YN3AGDWAB1ZE",NA,NA,0,0.25,0,"order1","11/11/2017",0.1,0
"218","A2WHC086WNUQNB",NA,NA,0,0.25,0,"order1","11/11/2017",0.1,0
"219","A2K845C6SHVIIE",NA,NA,0,0.25,0,"order1","11/11/2017",0.1,0
"220","A3DGEVDRQP9LK8",NA,NA,0,0.25,0,"order1","11/11/2017",0.1,0
"221","A2K845C6SHVIIE",NA,NA,0,0.25,0,"order1","11/11/2017",0.1,0
"222","A36PRTZFECB76C",NA,NA,0,0.25,0,"order1","11/11/2017",0.1,0
"223","A2YB18JHC2C7GF",NA,NA,0,0.25,0,"order1","11/11/2017",0.1,0
"224","A3DGEVDRQP9LK8",NA,NA,0,0.25,0,"order1","11/11/2017",0.1,0
"225","A356O3RJYQUW5M",NA,NA,0,0.25,0,"order1","11/11/2017",0.1,0
"226","A28LJ6540DSBSQ",NA,NA,0,0.25,0,"order1","11/11/2017",0.1,0
"227","A2Z6NL0CTXY0ZB",NA,NA,0,0.25,0,"order1","11/11/2017",0.1,0
"228","A3L8C3IF955Z65",NA,NA,0,0.25,0,"order1","11/11/2017",0.1,0
"229","A3NZB7Y6YRNFX6",NA,NA,0,0.25,0,"order1","11/11/2017",0.1,0
"230","A36PRTZFECB76C",NA,NA,0,0.25,0,"order1","11/11/2017",0.1,0
"231","A28VLKVVLTBEE1",NA,NA,0,0.25,0,"order1","11/11/2017",0.1,0
"232","AUHYD676BKYED",NA,NA,0,0.25,0,"order1","11/11/2017",0.1,0
"233","A2MM4PJI9L2A5B",NA,NA,0,0.25,0,"order1","11/11/2017",0.1,0
"234","A1CY01G7686ORZ",NA,NA,0,0.25,0,"order1","11/11/2017",0.1,0
"235","A2MM4PJI9L2A5B",NA,NA,0,0.25,0,"order1","11/11/2017",0.1,0
"236","A1X8NXWQBMXSV6",NA,NA,0,0.25,0,"order1","11/11/2017",0.1,0
"237","A1R93MQYAFEVX1",NA,NA,0,0.25,0,"order1","11/11/2017",0.1,0
"238","A2J5H5E8O39T9L",NA,NA,0,0.25,0,"order1","11/11/2017",0.1,0
"239","A1DK26QAO4OOMQ",NA,NA,0,0.25,0,"order1","11/11/2017",0.1,0
"240","A2WFNPUI1JSPG4",NA,NA,0,0.25,0,"order1","11/11/2017",0.1,0
"241","A8OJN597O9W2K",NA,NA,0,0.25,0,"order1","11/11/2017",0.1,0
"242","A1H5NN7PBN3979",NA,NA,0,0.25,1,"order1","11/11/2017",0.1,0
"243","AUHYD676BKYED",NA,NA,0,0.25,0,"order1","11/11/2017",0.1,0
"244","A1DOFRIBREZMVL",NA,NA,0,0.25,0,"order1","11/11/2017",0.1,0
"245","A23Y6SGE73H4IW",NA,NA,0,0.25,0,"order1","11/11/2017",0.1,0
"246","ASCR5VJBFMXCA",NA,NA,0,0.25,0,"order1","11/11/2017",0.1,0
"247","A1ZDR2UN7M92LI",NA,NA,0,0.25,0,"order1","11/11/2017",0.1,0
"248","A3GPKYAXYEHEI2",NA,NA,0,0.25,0,"order1","11/11/2017",0.1,0
"249","AUHKT6LPP7A8R",NA,NA,0,0.25,0,"order1","11/11/2017",0.1,0
"250","A3JSMBOXDHJNRG",NA,NA,0,0.25,0,"order1","11/11/2017",0.1,0
"251","A38TZK07ON180S",NA,NA,0,0.25,0,"order1","11/11/2017",0.1,0
"252","A2GIZDKKCGN6V1",NA,NA,0,0.25,0,"order1","11/11/2017",0.1,0
"253","AQ277F26ZFB1K",NA,NA,0,0.25,0,"order1","11/11/2017",0.1,0
"254","A26ZENZ5G8AEGM",NA,NA,0,0.25,0,"order1","11/11/2017",0.1,0
"255","A289S5O8KN4JYI",NA,NA,0,0.25,0,"order1","11/11/2017",0.1,0
"256","AQ277F26ZFB1K",NA,NA,0,0.25,0,"order1","11/11/2017",0.1,0
"257","AI5A0ZRAZFTKK",NA,NA,0,0.25,0,"order1","11/11/2017",0.1,0
"258","A6D76ECRBCFYN",NA,NA,0,0.25,0,"order1","11/11/2017",0.1,0
"259","AT2C9OU6PE4T7",NA,NA,0,0.25,0,"order1","11/11/2017",0.1,0
"260","A5Z8N0EWH45YT",NA,NA,0,0.25,0,"order1","11/11/2017",0.1,0
"261","AM10DHC44MRUV",NA,NA,0,0.25,0,"order1","11/11/2017",0.1,0
"262","AK1Y09TWU3IQ6",NA,NA,0,0.25,0,"order1","11/11/2017",0.1,0
"263","A369TV2ZTHDKLS",NA,NA,0,0.25,0,"order1","11/11/2017",0.1,0
"264","A21DIDZLLFZALH",NA,NA,0,0.25,0,"order1","11/11/2017",0.1,0
"265","A1F2YZD2VD1CTM",NA,NA,0,0.25,0,"order1","11/11/2017",0.1,0
"266","A207MWA5U0GWA5",NA,NA,0,0.25,0,"order1","11/11/2017",0.1,0
"267","A2V5NAZFXWOFXE",NA,NA,0,0.25,0,"order1","11/11/2017",0.1,0
"268","A1F2YZD2VD1CTM",NA,NA,0,0.25,0,"order1","11/11/2017",0.1,0
"269","AVBIH8GQPT15F",NA,NA,0,0.25,0,"order1","11/11/2017",0.1,0
"270","A2SBN6V55I5K4I",NA,NA,0,0.25,0,"order1","11/11/2017",0.1,0
"271","AVCP33K35MFW5",NA,NA,0,0.25,0,"order1","11/11/2017",0.1,0
"272","A2YB18JHC2C7GF",NA,NA,0,0.25,0,"order1","11/11/2017",0.1,0
"273","A260NOUP1JZT39",NA,NA,0,0.25,0,"order1","11/11/2017",0.1,0
"274","A2EJ06OGI9671Q",NA,NA,0,0.25,0,"order1","11/11/2017",0.1,0
"275","A2YVJMKLUJKWF3",NA,NA,0,0.25,0,"order1","11/11/2017",0.1,0
"276","AK9XE112RZO6Q",NA,NA,0,0.25,0,"order1","11/11/2017",0.1,0
"277","A1IDSG9QZWTD5L",NA,NA,0,0.25,0,"order1","11/11/2017",0.1,0
"278","A39VDXGL1RVURU",NA,NA,0,0.25,0,"order1","11/11/2017",0.1,0
"279","A20NDRGSZZRQF",NA,NA,0,0.25,0,"order1","11/11/2017",0.1,0
"280","AB2FIHXK5NFV7",NA,NA,0,0.25,0,"order1","11/11/2017",0.1,0
"281","A2XF84K0868FZO",NA,NA,0,0.25,0,"order1","11/11/2017",0.1,0
"282","A26ZENZ5G8AEGM",NA,NA,0,0.25,0,"order1","11/11/2017",0.1,0
"283","A28P76CWXEUBYE",NA,NA,0,0.25,0,"order1","11/11/2017",0.1,0
"284","AMY9EM1GA7VYP",NA,NA,0,0.25,0,"order1","11/11/2017",0.1,0
"285","A1OU4RBLSMHULU",NA,NA,0,0.25,0,"order1","11/11/2017",0.1,0
"286","A1KUW26JP1SB9",NA,NA,0,0.25,0,"order1","11/11/2017",0.1,0
"287","A1YBUA89N9CV2N",NA,NA,0,0.25,0,"order1","11/11/2017",0.1,0
"288","AZ6M0MDK5U9N2",NA,NA,0,0.25,0,"order1","11/11/2017",0.1,0
"289","A3K6QLTTQP9IQ8",NA,NA,0,0.25,0,"order1","11/11/2017",0.1,0
"290","A3AD1WTZEZNFQW",NA,NA,0,0.25,0,"order1","11/11/2017",0.1,0
"291","AXCPRXO08DFAH",NA,NA,0,0.25,0,"order1","11/11/2017",0.1,0
"292","A2Z9HR2IBD75R9",NA,NA,0,0.25,0,"order1","11/11/2017",0.1,0
"293","A20NDRGSZZRQF",NA,NA,0,0.25,0,"order1","11/11/2017",0.1,0
"294","ANX5363HTQNLA",NA,NA,0,0.25,0,"order1","11/11/2017",0.1,0
"295","A20J96RK94F7R7",NA,NA,0,0.25,0,"order1","11/11/2017",0.1,0
"296","AUHYD676BKYED",NA,NA,0,0.25,0,"order1","11/11/2017",0.1,0
"297","A34C7K43HKE6N5",NA,NA,0,0.25,0,"order1","11/11/2017",0.1,0
"298","A935O61ROOUU",NA,NA,0,0.25,0,"order1","11/11/2017",0.1,0
"299","A12NUSPUVRW20J",NA,NA,0,0.25,0,"order1","11/11/2017",0.1,0
"300","A3BP890CXV4UMN",NA,NA,0,0.25,0,"order1","11/11/2017",0.1,0
"301","AUHYD676BKYED",NA,NA,0,0.25,0,"order1","11/11/2017",0.1,0
"302","A13UTZBJ46W7NH",NA,NA,0,0.25,0,"order1","11/11/2017",0.1,0
"303","A2PJ1XAIGPIGJU",NA,NA,0,0.25,0,"order1","11/11/2017",0.1,0
"304","A3PYJGRI7FMKQL",NA,NA,0,0.25,0,"order1","11/11/2017",0.1,0
"305","A1R93MQYAFEVX1",NA,NA,0,0.25,0,"order1","11/11/2017",0.1,0
"306","A26HNXGHCNTGQV",NA,NA,0,0.25,0,"order1","11/11/2017",0.1,0
"307","A2G9163W7Y67UD",NA,NA,0,0.25,0,"order1","11/11/2017",0.1,0
"308","A2RXOBCZRKRNPT",NA,NA,0,0.25,0,"order1","11/11/2017",0.1,0
"309","A2NSX3IAELB8H6",NA,NA,0,0.25,0,"order1","11/11/2017",0.1,0
"310","A2RXOBCZRKRNPT",NA,NA,0,0.25,0,"order1","11/11/2017",0.1,0
"311","A39ZHL55TS73GE",NA,NA,0,0.25,0,"order1","11/11/2017",0.1,0
"312","AS7ZK30LXDC46",NA,NA,0,0.25,0,"order1","11/11/2017",0.1,0
"313","A1823B3S2PJMGQ",NA,NA,0,0.25,0,"order1","11/11/2017",0.1,0
"314","A3PMDWQTGOHQ8T",NA,NA,0,0.25,0,"order1","11/11/2017",0.1,0
"315","A30EI064NHQEQO",NA,NA,0,0.25,0,"order1","11/11/2017",0.1,0
"316","A14CXE3OMENOYS",NA,NA,0,0.25,0,"order1","11/11/2017",0.1,0
"317","A1N47478TJFZPS",NA,NA,0,0.25,0,"order1","11/11/2017",0.1,0
"318","A2TIYDT8SDFBW",NA,NA,0,0.25,0,"order1","11/11/2017",0.1,0
"319","A1HNR6OIRFCEHS",NA,NA,0,0.25,0,"order1","11/11/2017",0.1,0
"320","A31PUL91ZMCDBU",NA,NA,0,0.25,0,"order1","11/11/2017",0.1,0
"321","A15HCM2AMX95Z9",NA,NA,0,0.25,0,"order1","11/11/2017",0.1,0
"322","A271OR3DDWRX5L",NA,NA,0,0.25,0,"order1","11/11/2017",0.1,0
"323","A2GF7PYHT21U3X",NA,NA,0,0.25,0,"order1","11/11/2017",0.1,0
"324","AXN0AGZIJCUK4",NA,NA,0,0.25,0,"order1","11/11/2017",0.1,0
"325","A38W9DHXHJ9C28",NA,NA,0,0.25,0,"order1","11/11/2017",0.1,0
"326","A27NBGO9FXJS8Q",NA,NA,0,0.25,0,"order1","11/11/2017",0.1,0
"327","AO2SEJOUWKOCV",NA,NA,0,0.25,0,"order1","11/11/2017",0.1,0
"328","A30QV5VTBRGYTA",NA,NA,0,0.25,0,"order1","11/11/2017",0.1,0
"329","AO2SEJOUWKOCV",NA,NA,0,0.25,0,"order1","11/11/2017",0.1,0
"330","A2MG0QUSYOOJUH",NA,NA,0,0.25,0,"order1","11/11/2017",0.1,0
"331","A299J4PKHAEU9H",NA,NA,0,0.25,0,"order1","11/11/2017",0.1,0
"332","A3HPVFAF1U9WXK",NA,NA,0,0.25,0,"order1","11/11/2017",0.1,0
"333","A9TR2ZU6E1Y6Q",NA,NA,0,0.25,0,"order1","11/11/2017",0.1,0
"334","A13GWNT2SGN1Q5",NA,NA,0,0.25,0,"order1","11/11/2017",0.1,0
"335","AO2SEJOUWKOCV",NA,NA,0,0.25,0,"order1","11/11/2017",0.1,0
"336","AO2SEJOUWKOCV",NA,NA,0,0.25,0,"order1","11/11/2017",0.1,0
"337","A3IT0KD0RPMH9D",NA,NA,0,0.25,0,"order1","11/11/2017",0.1,0
"338","A3UYHP1IKCNN7K",NA,NA,0,0.25,0,"order1","11/11/2017",0.1,0
"339","AKA81MPXUELWS",NA,NA,0,0.25,0,"order1","11/11/2017",0.1,0
"340","A1JS818QNUNOV8",NA,NA,0,0.25,0,"order1","11/11/2017",0.1,0
"341","A27NBGO9FXJS8Q",NA,NA,0,0.25,0,"order1","11/11/2017",0.1,0
"342","A24GB3XV5RSMAV",NA,NA,0,0.25,0,"order1","11/11/2017",0.1,0
"343","A4806MFWRDL42",NA,NA,0,0.25,0,"order1","11/11/2017",0.1,0
"344","A20MMOQ3U36GZN",NA,NA,0,0.25,0,"order1","11/11/2017",0.1,0
"345","A278GCRUDKRYYR",NA,NA,0,0.25,0,"order1","11/11/2017",0.1,0
"346","A20F1SLHKHBUT3",NA,NA,0,0.25,0,"order1","11/11/2017",0.1,0
"347","A3S6AIKAPBWJP9",NA,NA,0,0.25,0,"order1","11/11/2017",0.1,0
"348","A2SSYBUT9ZM0G9",NA,NA,0,0.25,0,"order1","11/11/2017",0.1,0
"349","A1BZNPQ0H7ZSER",NA,NA,0,0.25,0,"order1","11/11/2017",0.1,0
"350","AVFSBC7XP3B2D",NA,NA,0,0.25,0,"order1","11/11/2017",0.1,0
"351","A2M5YIOR0MJUSA",NA,NA,0,0.25,1,"order1","11/11/2017",0.1,0
"352","A139DFNZS0I9RB",NA,NA,0,0.25,0,"order1","11/11/2017",0.1,0
"353","AWQDOOSNH42QM",NA,NA,0,0.25,0,"order1","11/11/2017",0.1,0
"354","A3UYHP1IKCNN7K",NA,NA,0,0.25,0,"order1","11/11/2017",0.1,0
"355","A3S6AIKAPBWJP9",NA,NA,0,0.25,0,"order1","11/11/2017",0.1,0
"356","A3IT0KD0RPMH9D",NA,NA,0,0.25,0,"order1","11/11/2017",0.1,0
"357","A1H2AHH07EK4MC",NA,NA,0,0.25,0,"order1","11/11/2017",0.1,0
"358","A2N8SNKVU4M1MB",NA,NA,0,0.25,0,"order1","11/11/2017",0.1,0
"359","A1TKGFJSMVR2RP",NA,NA,0,0.25,0,"order1","11/11/2017",0.1,0
"360","A37M4OVE9R80G",NA,NA,0,0.25,0,"order1","11/11/2017",0.1,0
"361","A1XIIHV1GTI97H",NA,NA,0,0.25,0,"order1","11/11/2017",0.1,0
"362","AHEJHFN0VV6E3",NA,NA,0,0.25,0,"order1","11/11/2017",0.1,0
"363","A3F7GUAEGUGAW1",NA,NA,0,0.25,0,"order1","11/11/2017",0.1,0
"364","AKL7RCDCEDX6V",NA,NA,0,0.25,0,"order1","11/11/2017",0.1,0
"365","A153IWW5M88F18",NA,NA,0,0.25,1,"order1","11/11/2017",0.1,0
"366","A1VMOETE1UKF43",NA,NA,0,0.25,0,"order1","11/11/2017",0.1,0
"367","A1VMOETE1UKF43",NA,NA,0,0.25,0,"order1","11/11/2017",0.1,0
"368","A3NXLU6AM05ER8",NA,NA,0,0.25,0,"order1","11/11/2017",0.1,0
"369","A3BUSRXW32A27S",NA,NA,0,0.25,0,"order1","11/11/2017",0.1,0
"370","A1L4HASH49EKFW",NA,NA,0,0.25,0,"order1","11/11/2017",0.1,0
"371","A34P817FMJDWD4",NA,NA,0,0.25,0,"order1","11/11/2017",0.1,0
"372","A3BUSRXW32A27S",NA,NA,0,0.25,0,"order1","11/11/2017",0.1,0
"373","AJZBAP861F6X1",NA,NA,0,0.25,0,"order1","11/11/2017",0.1,0
"374","A2NPUPP06POEJ0",NA,NA,0,0.25,0,"order1","11/11/2017",0.1,0
"375","A185AZCHDI3K4O",NA,NA,0,0.25,0,"order1","11/11/2017",0.1,0
"376","A302512CBCH9X2",NA,NA,0,0.25,0,"order1","11/11/2017",0.1,0
"377","A2U488UGGN6UY4",NA,NA,0,0.25,0,"order1","11/11/2017",0.1,0
"378","A60BPTI1VO2MI",NA,NA,0,0.25,0,"order1","11/11/2017",0.1,0
"379","ABSVF8UXZK8QW",NA,NA,0,0.25,0,"order1","11/11/2017",0.1,0
"380","A1Z7S5WSYCVE0K",NA,NA,0,0.25,0,"order1","11/11/2017",0.1,0
"381","A2JIHB505X2C77",NA,NA,0,0.25,0,"order1","11/11/2017",0.1,0
"382","A20EKTIMFKIDGL",NA,NA,0,0.25,0,"order1","11/11/2017",0.1,0
"383","AKL7RCDCEDX6V",NA,NA,0,0.25,0,"order1","11/11/2017",0.1,0
"384","A1QLVMA2V3NAWP",NA,NA,0,0.25,0,"order1","11/11/2017",0.1,0
"385","A1TW60NCALLP12",NA,NA,0,0.25,0,"order1","11/11/2017",0.1,0
"386","A1QLVMA2V3NAWP",NA,NA,0,0.25,0,"order1","11/11/2017",0.1,0
"387","A2238DIUUMS7AQ",NA,NA,0,0.25,0,"order1","11/11/2017",0.1,0
"388","A2JI7RGC80105T",NA,NA,0,0.25,0,"order1","11/11/2017",0.1,0
"389","A1BFUB56VIGXSU",NA,NA,0,0.25,0,"order1","11/11/2017",0.1,0
"390","A9UBPUEWAMA06",NA,NA,0,0.25,0,"order1","11/11/2017",0.1,0
"391","A1DW9207C44SRI",NA,NA,0,0.25,0,"order1","11/11/2017",0.1,0
"392","AZZM966F90AL1",NA,NA,0,0.25,0,"order1","11/11/2017",0.1,0
"393","A1JFLXOWWJIBG",NA,NA,0,0.25,0,"order1","11/11/2017",0.1,0
"394","A2Q2OD5RFRKX9V",NA,NA,0,0.25,0,"order1","11/11/2017",0.1,0
"395","A1ESKJFDQUMBL4",NA,NA,0,0.25,0,"order1","11/11/2017",0.1,0
"396","A3F53LSGDW0DN5",NA,NA,0,0.25,0,"order1","11/11/2017",0.1,0
"397","A1YIGXBU6FQQ6C",NA,NA,0,0.25,0,"order1","11/11/2017",0.1,0
"398","A3FW9NWR6TJ4M9",NA,NA,0,0.25,0,"order1","11/11/2017",0.1,0
"399","A2M5YIOR0MJUSA",NA,NA,0,0.25,1,"order1","11/11/2017",0.1,0
"400","A2CP6716BCS8UI",NA,NA,0,0.25,1,"order1","11/11/2017",0.1,0
"401","A30NX5HEQGGFPP",NA,NA,0,0.25,0,"order1","11/11/2017",0.1,0
"402","ACGDWO6UDG6KK",NA,NA,0,0.25,0,"order1","11/11/2017",0.1,0
"403","AK3DF1BXS8DSM",NA,NA,0,0.25,0,"order1","11/11/2017",0.1,0
"404","A2AMYX1J96G2JG",NA,NA,0,0.25,0,"order1","11/11/2017",0.1,0
"405","A347XVSR86GGAA",NA,NA,0,0.25,0,"order1","11/11/2017",0.1,0
"406","A347XVSR86GGAA",NA,NA,0,0.25,0,"order1","11/11/2017",0.1,0
"407","A6J0YACS6E60",NA,NA,0,0.25,0,"order1","11/11/2017",0.1,0
"408","ASJSRTPWPGMVW",NA,NA,0,0.25,0,"order1","11/11/2017",0.1,0
"409","A3NEAC780MRHAN",NA,NA,0,0.25,0,"order1","11/11/2017",0.1,0
"410","A27DBSVHGPKNRU",NA,NA,0,0.25,0,"order1","11/11/2017",0.1,0
"411","A3LIV109259OU2",NA,NA,0,0.25,0,"order1","11/11/2017",0.1,0
"412","A3LIV109259OU2",NA,NA,0,0.25,0,"order1","11/11/2017",0.1,0
"413","A3GB3U17SQYS1E",NA,NA,0,0.25,0,"order1","11/11/2017",0.1,0
"414","AJ31037VHIOG",NA,NA,0,0.25,0,"order1","11/11/2017",0.1,0
"415","A3DUFPS0143F03",NA,NA,0,0.25,0,"order1","11/11/2017",0.1,0
"416","A1DW9207C44SRI",NA,NA,0,0.25,0,"order1","11/11/2017",0.1,0
"417","A296HTKGCX7FY9",NA,NA,0,0.25,0,"order1","11/11/2017",0.1,0
"418","A2I4VE1YFUQBOU",NA,NA,0,0.25,0,"order1","11/11/2017",0.1,0
"419","A1LEWJHT00OKV9",NA,NA,0,0.25,0,"order1","11/11/2017",0.1,0
"420","A1EEUBRH234T7M",NA,NA,0,0.25,0,"order1","11/11/2017",0.1,0
"421","A35IEM9AICHLN0",NA,NA,0,0.25,0,"order1","11/11/2017",0.1,0
"422","A30BM2XZJR61S1",NA,NA,0,0.25,0,"order1","11/11/2017",0.1,0
"423","A3PSIT0A7OU2FL",NA,NA,0,0.25,0,"order1","11/11/2017",0.1,0
"424","A1ADIKOT9SSA91",NA,NA,0,0.25,0,"order1","11/11/2017",0.1,0
"425","A16HR76H4C6Y01",NA,NA,0,0.25,0,"order1","11/11/2017",0.1,0
"426","A2DJ2UT4M4X5BO",NA,NA,0,0.25,0,"order1","11/11/2017",0.1,0
"427","A457TMXH02V1O",NA,NA,0,0.25,1,"order1","11/11/2017",0.1,0
"428","A29LPSAOIV5E88",NA,NA,0,0.25,0,"order1","11/11/2017",0.1,0
"429","A6HMKCXPHV044",NA,NA,0,0.25,0,"order1","11/11/2017",0.1,0
"430","A6HMKCXPHV044",NA,NA,0,0.25,0,"order1","11/11/2017",0.1,0
"431","A1DFT04D2FZGWK",NA,NA,0,0.25,0,"order1","11/11/2017",0.1,0
"432","A1ZZINLCZZYOH4",NA,NA,0,0.25,0,"order1","11/11/2017",0.1,0
"433","A29LPSAOIV5E88",NA,NA,0,0.25,0,"order1","11/11/2017",0.1,0
"434","A1P8RN5GDWJNXO",NA,NA,0,0.25,0,"order1","11/11/2017",0.1,0
"435","A174BCWX0VMM1B",NA,NA,0,0.25,0,"order1","11/11/2017",0.1,0
"436","A2YDGWBLQV46EQ",NA,NA,0,0.25,0,"order1","11/11/2017",0.1,0
"437","A2YDGWBLQV46EQ",NA,NA,0,0.25,0,"order1","11/11/2017",0.1,0
"438","A726VAH3Z12JD",NA,NA,0,0.25,0,"order1","11/11/2017",0.1,0
"439","A1D3QRG52OISSR",NA,NA,0,0.25,0,"order1","11/11/2017",0.1,0
"440","A8PASNNX4W7IC",NA,NA,0,0.25,0,"order1","11/11/2017",0.1,0
"441","A2TVUWR4X9CQAS",NA,NA,0,0.25,0,"order1","11/11/2017",0.1,0
"442","A2V7V4PP6O9NPD",NA,NA,0,0.25,0,"order1","11/11/2017",0.1,0
"443","A3GFZCYNU9ZS16",NA,NA,0,0.25,0,"order1","11/11/2017",0.1,0
"444","A3G0PUEK1LAFSR",NA,NA,0,0.25,0,"order1","11/11/2017",0.1,0
"445","A10V97TRYZE3BI",NA,NA,0,0.25,0,"order1","11/11/2017",0.1,0
"446","A38AHPCXXUD9UA",NA,NA,0,0.25,0,"order1","11/11/2017",0.1,0
"447","A21G010TCSMZZ8",NA,NA,0,0.25,0,"order1","11/11/2017",0.1,0
"448","AVRW2T2MJFGQ0",NA,NA,0,0.25,0,"order1","11/11/2017",0.1,0
"449","ARMYFZ0JA0TO1",NA,NA,0,0.25,0,"order1","11/11/2017",0.1,0
"450","A1RSAU5I9NZTOP",NA,NA,0,0.25,0,"order1","11/11/2017",0.1,0
"451","A10VQSMGPJFSMU",NA,NA,0,0.25,0,"order1","11/11/2017",0.1,0
"452","AY52II1OC5RZ1",NA,NA,0,0.25,0,"order1","11/11/2017",0.1,0
"453","AWHCA5PZ6MTKB",NA,NA,0,0.25,0,"order1","11/11/2017",0.1,0
"454","AA4O2W236E3FW",NA,NA,0,0.25,0,"order1","11/11/2017",0.1,0
"455","A21E14UDZSA0AW",NA,NA,0,0.25,0,"order1","11/11/2017",0.1,0
"456","AQZDMXV5KGAYD",NA,NA,0,0.25,0,"order1","11/11/2017",0.1,0
"457","A38ECJNH8AQKV4",NA,NA,0,0.25,0,"order1","11/11/2017",0.1,0
"458","A2M3LVBUZLN8MO",NA,NA,0,0.25,0,"order1","11/11/2017",0.1,0
"459","A28P76CWXEUBYE",NA,NA,0,0.25,0,"order1","11/11/2017",0.1,0
"460","AX8RDFKYAO9BX",NA,NA,0,0.25,0,"order1","11/11/2017",0.1,0
"461","A26X054UJOBN6K",NA,NA,0,0.25,0,"order1","11/11/2017",0.1,0
"462","A2Y1ORULU9ITOH",NA,NA,0,0.25,0,"order1","11/11/2017",0.1,0
"463","A36WAKKU5U5PKE",NA,NA,0,0.25,0,"order1","11/11/2017",0.1,0
"464","A2Y1ORULU9ITOH",NA,NA,0,0.25,0,"order1","11/11/2017",0.1,0
"465","A13GWNT2SGN1Q5",NA,NA,0,0.25,0,"order1","11/11/2017",0.1,0
"466","A1FU5C6US2L0J0",NA,NA,0,0.25,0,"order1","11/11/2017",0.1,0
"467","A3OIN7QLOD38F3",NA,NA,0,0.25,0,"order1","11/11/2017",0.1,0
"468","AAXVPAK0I9PT6",NA,NA,0,0.25,0,"order1","11/11/2017",0.1,0
"469","A2CB7WDJ9V6VVN",NA,NA,0,0.25,0,"order1","11/11/2017",0.1,0
"470","AUHYD676BKYED",NA,NA,0,0.25,0,"order1","11/11/2017",0.1,0
"471","A3OHXWEV2I208B",NA,NA,0,0.25,0,"order1","11/11/2017",0.1,0
"472","AZVJ7RUDM1J2I",NA,NA,0,0.25,0,"order1","11/11/2017",0.1,0
"473","A18U9WMYFYJPR6",NA,NA,0,0.25,0,"order1","11/11/2017",0.1,0
"474","A28QK3JT9YQ1XU",NA,NA,0,0.25,0,"order1","11/11/2017",0.1,0
"475","A3R0QO6884CV1P",NA,NA,0,0.25,0,"order1","11/11/2017",0.1,0
"476","A33BMZB3JCJWDS",0.2,0,1,0.25,1,"order1","11/11/2017",0.55,0
"477","A33NK36A94Y75Y",0.54,1,1,0.25,1,"order1","11/11/2017",0.55,1
"478","A2RKPHMUAYF2P9",0.98,1,1,0.25,1,"order1","11/11/2017",0.55,1
"479","A1HF8F8FQLNCSG",0.8,1,1,0.25,1,"order1","11/11/2017",0.55,1
"480","A1JADMA9MGMGIB",0.66,1,1,0.25,1,"order1","11/11/2017",0.55,1
"481","A15YTDVEQ4N2RZ",0.34,1,1,0.25,1,"order1","11/11/2017",0.55,1
"482","A33WVYPC930WG3",0.94,1,1,0.25,1,"order1","11/11/2017",0.55,1
"483","A3IGZYNVHK9L0Z",0.4,1,1,0.25,1,"order1","11/11/2017",0.55,1
"484","A2BMBZIKASUXSY",0.88,1,1,0.25,1,"order1","11/11/2017",0.55,1
"485","A1W951Z9K6KT9E",0.56,1,1,0.25,1,"order1","11/11/2017",0.55,1
"486","A2V7V4PP6O9NPD",0.2,0,1,0.25,1,"order1","11/11/2017",0.55,0
"487","A3JUAN2Y9XTK5L",0.72,1,1,0.25,1,"order1","11/11/2017",0.55,1
"488","A2F2VTK5HFFF2L",0.9,1,1,0.25,1,"order1","11/11/2017",0.55,1
"489","A356O3RJYQUW5M",0.88,1,1,0.25,1,"order1","11/11/2017",0.55,1
"490","A2QMHQXR8K4VJ2",0.62,1,1,0.25,1,"order1","11/11/2017",0.55,1
"491","A3TDA1NWHNQFE3",0.96,1,1,0.25,1,"order1","11/11/2017",0.55,1
"492","A2RCYLKY072XXO",0.76,1,1,0.25,1,"order1","11/11/2017",0.55,1
"493","AAI7V9VASGBIY",0.7,1,1,0.25,1,"order1","11/11/2017",0.55,1
"494","A2C5UH05QY2GZH",0.94,1,1,0.25,1,"order1","11/11/2017",0.55,1
"495","A2H8VNLKWJVYM6",0.24,1,1,0.25,1,"order1","11/11/2017",0.55,0
"496","A2HGZOXZ36XKRI",0.8,1,1,0.25,1,"order1","11/11/2017",0.55,1
"497","A3HTLXAPOBCVVO",0.92,1,1,0.25,1,"order1","11/11/2017",0.55,1
"498","A1YXQDZYCKILTT",0.92,1,1,0.25,1,"order1","11/11/2017",0.55,1
"499","A1MMC6X3ZNJ9OT",0.96,1,1,0.25,1,"order1","11/11/2017",0.55,1
"500","A1QLAH0AHDVNM5",0.92,1,1,0.25,1,"order1","11/11/2017",0.55,1
"501","A2O762LZEZN3JC",0.9,1,1,0.25,1,"order1","11/11/2017",0.55,1
"502","A2XUSD4DG9YHT9",0.3,1,1,0.25,1,"order1","11/11/2017",0.55,1
"503","A38ECJNH8AQKV4",0.9,1,1,0.25,1,"order1","11/11/2017",0.55,1
"504","AVZQEF9L3YVGY",0.92,1,1,0.25,1,"order1","11/11/2017",0.55,1
"505","A9TXIPMKDNWZ5",0.96,1,1,0.25,1,"order1","11/11/2017",0.55,1
"506","A23TGEQ4CG90PA",0.86,1,1,0.25,1,"order1","11/11/2017",0.55,1
"507","A1N8TKTLXV92QR",0.86,1,1,0.25,1,"order1","11/11/2017",0.55,1
"508","A24YK0MTFM2TRL",0.78,1,1,0.25,1,"order1","11/11/2017",0.55,1
"509","A2CF2BD4Q0ZDJN",0.84,1,1,0.25,1,"order1","11/11/2017",0.55,1
"510","A1S5IGVH3CF8XZ",0.64,1,1,0.25,1,"order1","11/11/2017",0.55,1
"511","AJQ2K0X8S4H3D",0.74,1,1,0.25,1,"order1","11/11/2017",0.55,1
"512","AMH4768PKC3CJ",0.98,1,1,0.25,1,"order1","11/11/2017",0.55,1
"513","A3OLRWACCCCUTU",0.96,1,1,0.25,1,"order1","11/11/2017",0.55,1
"514","A369VZD291G1GL",0.78,1,1,0.25,1,"order1","11/11/2017",0.55,1
"515","A2UIRHKDQBWJEZ",0.92,1,1,0.25,1,"order1","11/11/2017",0.55,1
"516","A823TYJ9U7VZB",0.66,1,1,0.25,1,"order1","11/11/2017",0.55,1
"517","ALOYY3E72AQ1K",0.96,1,1,0.25,1,"order1","11/11/2017",0.55,1
"518","A2VNR6984SDFGQ",0.7,1,1,0.25,1,"order1","11/11/2017",0.55,1
"519","A3D05C33V1Y8H5",0.78,1,1,0.25,1,"order1","11/11/2017",0.55,1
"520","A9MJVJAMLCDMV",0.84,1,1,0.25,1,"order1","11/11/2017",0.55,1
"521","AYZ15TKO2HGAM",0.7,1,1,0.25,1,"order1","11/11/2017",0.55,1
"522","A3DGEVDRQP9LK8",0.9,1,1,0.25,1,"order1","11/11/2017",0.55,1
"523","AI789XF03EQH7",0.9,1,1,0.25,1,"order1","11/11/2017",0.55,1
"524","AHV4U78TUUDKI",0.88,1,1,0.25,1,"order1","11/11/2017",0.55,1
"525","A1P7SR0R2B60C7",0.92,1,1,0.25,1,"order1","11/11/2017",0.55,1
"526","AQHFC1PH6XGLJ",0.36,1,1,0.25,1,"order1","11/11/2017",0.55,1
"527","A1DXSFFL5HZ1NX",0.9,1,1,0.25,1,"order1","11/11/2017",0.55,1
"528","A2J1VDVDYZRK29",0.78,1,1,0.25,1,"order1","11/11/2017",0.55,1
"529","A2Z2OV7QGU10QN",0.78,1,1,0.25,1,"order1","11/11/2017",0.55,1
"530","A229SEF35EGTSF",0.94,1,1,0.25,1,"order1","11/11/2017",0.55,1
"531","AJDMNI5LT1VKR",0.72,1,1,0.25,1,"order1","11/11/2017",0.55,1
"532","A7LQW8F8NK0YZ",0.98,1,1,0.25,1,"order1","11/11/2017",0.55,1
"533","A2WGW5Y3ZFBDEC",0.84,1,1,0.25,1,"order1","11/11/2017",0.55,1
"534","A3OTQBCP6J12ED",0.92,1,1,0.25,1,"order1","11/11/2017",0.55,1
"535","A2GOYSTIL3LOV1",0.98,1,1,0.25,1,"order1","11/11/2017",0.55,1
"536","A2D0BAMF8ROG4N",0.76,1,1,0.25,1,"order1","11/11/2017",0.55,1
"537","A36KDWI1CGJFFA",0.9,1,1,0.25,1,"order1","11/11/2017",0.55,1
"538","A1PHE030P004VU",0.64,1,1,0.25,1,"order1","11/11/2017",0.55,1
"539","A1PNVYCV1ND3IB",0.78,1,1,0.25,1,"order1","11/11/2017",0.55,1
"540","AXPP6I0W11RTS",0.42,1,1,0.25,0,"order1","11/11/2017",0.55,0
"541","A1NFBKUYYVUYWF",0.86,1,1,0.25,1,"order1","11/11/2017",0.55,1
"542","A2KCAJI5ZYFELY",0.54,1,1,0.25,1,"order1","11/11/2017",0.55,1
"543","AGFCVD0EZD7SU",0.82,1,1,0.25,1,"order1","11/11/2017",0.55,1
"544","A2ASSBVCEE5V1X",0.52,1,1,0.25,0,"order1","11/11/2017",0.55,0
"545","AU5EQW2FNOXND",0.72,1,1,0.25,1,"order1","11/11/2017",0.55,1
"546","A15X0MSBZ74TFT",0.94,1,1,0.25,1,"order1","11/11/2017",0.55,1
"547","A5Z8N0EWH45YT",0.42,1,1,0.25,1,"order1","11/11/2017",0.55,1
"548","A1D9U1T1AT7VRD",0.7,1,1,0.25,1,"order1","11/11/2017",0.55,1
"549","A3FJE9AUW0O41D",0.9,1,1,0.25,1,"order1","11/11/2017",0.55,1
"550","A1U6A617Q95MTZ",0.98,1,1,0.25,1,"order1","11/11/2017",0.55,1
"551","A3O09OMETLLGPI",0.58,1,1,0.25,1,"order1","11/11/2017",0.55,1
"552","AFU00NU09CFXE",0.92,1,1,0.25,1,"order1","11/11/2017",0.55,1
"553","AKP8JDWC6AXQ9",0.92,1,1,0.25,0,"order1","11/11/2017",0.55,0
"554","AE3830OQLJ6Q4",0.94,1,1,0.25,1,"order1","11/11/2017",0.55,1
"555","A23YQ8J1DNM084",0.6,1,1,0.25,1,"order1","11/11/2017",0.55,1
"556","A2LGSV2MKHWA49",0.92,1,1,0.25,1,"order1","11/11/2017",0.55,1
"557","A1MPJYJCUAOFOB",0.98,1,1,0.25,1,"order1","11/11/2017",0.55,1
"558","A1DNJ3C38BJ0MJ",0.8,1,1,0.25,1,"order1","11/11/2017",0.55,1
"559","A32W24TWSWXW",0.88,1,1,0.25,1,"order1","11/11/2017",0.55,1
"560","A1C5D5EN2GF41P",0.9,1,1,0.25,1,"order1","11/11/2017",0.55,1
"561","AFSB8WBSUU2B4",0.32,1,1,0.25,1,"order1","11/11/2017",0.55,1
"562","A1G34TESSXG1R8",0.86,1,1,0.25,1,"order1","11/11/2017",0.55,1
"563","AK1GE19RT3PK6",0.86,1,1,0.25,1,"order1","11/11/2017",0.55,1
"564","AJ31037VHIOG",0.8,1,1,0.25,1,"order1","11/11/2017",0.55,1
"565","A2UCRIYSGRP4B8",0.7,1,1,0.25,1,"order1","11/11/2017",0.55,1
"566","ABTS560AIV57B",0.32,1,1,0.25,1,"order1","11/11/2017",0.55,1
"567","A1V2C5IAJ6EJV8",0.74,1,1,0.25,1,"order1","11/11/2017",0.55,1
"568","A3NK3VPYRHZBW8",1,1,1,0.25,1,"order1","11/11/2017",0.55,1
"569","A3QNCW3LR2AVOV",0.9,1,1,0.25,1,"order1","11/11/2017",0.55,1
"570","A1Z0TPX5V41FBD",0.76,1,1,0.25,1,"order1","11/11/2017",0.55,1
"571","A30G98ZDOZMUVK",0.82,1,1,0.25,1,"order1","11/11/2017",0.55,1
"572","A1VOXATN1F6UAW",0.96,1,1,0.25,1,"order1","11/11/2017",0.55,1
"573","AHA28L276D6OX",0.9,1,1,0.25,1,"order1","11/11/2017",0.55,1
"574","A32QYANWMXW8EL",0.52,1,1,0.25,1,"order1","11/11/2017",0.55,1
"575","A3EXIUOGZVV132",0.98,1,1,0.25,1,"order1","11/11/2017",0.55,1
"576","A3O8SHIP1HVOYH",0.58,1,1,0.25,1,"order1","11/11/2017",0.55,1
"577","A2GUGOR4WJIZCP",0.72,1,1,0.25,1,"order1","11/11/2017",0.55,1
"578","A1BM57TUNAQIXM",0.8,1,1,0.25,1,"order1","11/11/2017",0.55,1
"579","A2B3EQ7U5OBODP",0.6,1,1,0.25,0,"order1","11/11/2017",0.55,0
"580","A1A3TGZ7DKJWRW",NA,NA,0,0.25,0,"order1","11/11/2017",0.55,0
"581","A1KUW26JP1SB9",NA,NA,0,0.25,0,"order1","11/11/2017",0.55,0
"582","A3OTQBCP6J12ED",NA,NA,0,0.25,1,"order1","11/11/2017",0.55,0
"583","A22VGT2F28LTWC",NA,NA,0,0.25,0,"order1","11/11/2017",0.55,0
"584","A28LJ6540DSBSQ",NA,NA,0,0.25,0,"order1","11/11/2017",0.55,0
"585","AMY9EM1GA7VYP",NA,NA,0,0.25,0,"order1","11/11/2017",0.55,0
"586","A110TF61JJR34O",NA,NA,0,0.25,0,"order1","11/11/2017",0.55,0
"587","A1D3QRG52OISSR",NA,NA,0,0.25,0,"order1","11/11/2017",0.55,0
"588","A2YTCI2P6QFY3B",NA,NA,0,0.25,0,"order1","11/11/2017",0.55,0
"589","AHEJHFN0VV6E3",NA,NA,0,0.25,0,"order1","11/11/2017",0.55,0
"590","ABVPW8753ZBJO",NA,NA,0,0.25,0,"order1","11/11/2017",0.55,0
"591","A3JOXTHWYT9UMB",NA,NA,0,0.25,0,"order1","11/11/2017",0.55,0
"592","A20ASMCESA51U4",NA,NA,0,0.25,0,"order1","11/11/2017",0.55,0
"593","A1VIK1BH2ILB9Q",NA,NA,0,0.25,0,"order1","11/11/2017",0.55,0
